instance_id,timestamp,cpu_utilization,memory_utilization
server_1,2026-04-19 00:00:00+00:00,10.76,29.48
server_1,2026-04-19 01:00:00+00:00,7.4,26.61
server_1,2026-04-19 02:00:00+00:00,11.88,37.16
server_1,2026-04-19 03:00:00+00:00,12.35,34.66
server_1,2026-04-19 04:00:00+00:00,5.12,32.01
server_1,2026-04-19 05:00:00+00:00,6.74,35.15
server_1,2026-04-19 06:00:00+00:00,10.32,42.66
server_1,2026-04-19 07:00:00+00:00,9.21,24.19
server_1,2026-04-19 08:00:00+00:00,9.96,28.33
server_1,2026-04-19 09:00:00+00:00,7.87,28.09
server_1,2026-04-19 10:00:00+00:00,14.08,29.32
server_1,2026-04-19 11:00:00+00:00,15.48,28.91
server_1,2026-04-19 12:00:00+00:00,14.93,31.83
server_1,2026-04-19 13:00:00+00:00,18.23,29.32
server_1,2026-04-19 14:00:00+00:00,16.59,34.94
server_1,2026-04-19 15:00:00+00:00,12.61,32.42
server_1,2026-04-19 16:00:00+00:00,14.46,34.78
server_1,2026-04-19 17:00:00+00:00,9.48,33.15
server_1,2026-04-19 18:00:00+00:00,12.2,34.48
server_1,2026-04-19 19:00:00+00:00,9.88,29.76
server_1,2026-04-19 20:00:00+00:00,9.54,39.62
server_1,2026-04-19 21:00:00+00:00,8.3,31.64
server_1,2026-04-19 22:00:00+00:00,13.06,24.92
server_1,2026-04-19 23:00:00+00:00,9.61,27.16
server_1,2026-04-20 00:00:00+00:00,10.93,24.66
server_1,2026-04-20 01:00:00+00:00,11.12,31.76
server_1,2026-04-20 02:00:00+00:00,13.33,31.98
server_1,2026-04-20 03:00:00+00:00,12.91,30.45
server_1,2026-04-20 04:00:00+00:00,13.03,40.4
server_1,2026-04-20 05:00:00+00:00,13.08,34.57
server_1,2026-04-20 06:00:00+00:00,17.35,36.78
server_1,2026-04-20 07:00:00+00:00,10.98,27.92
server_1,2026-04-20 08:00:00+00:00,10.72,27.56
server_1,2026-04-20 09:00:00+00:00,9.97,31.44
server_1,2026-04-20 10:00:00+00:00,16.96,34.43
server_1,2026-04-20 11:00:00+00:00,21.25,27.81
server_1,2026-04-20 12:00:00+00:00,20.38,34.21
server_1,2026-04-20 13:00:00+00:00,19.75,34.77
server_1,2026-04-20 14:00:00+00:00,19.79,33.86
server_1,2026-04-20 15:00:00+00:00,22.29,32.35
server_1,2026-04-20 16:00:00+00:00,20.29,32.74
server_1,2026-04-20 17:00:00+00:00,16.78,32.96
server_1,2026-04-20 18:00:00+00:00,10.34,31.78
server_1,2026-04-20 19:00:00+00:00,12.58,34.62
server_1,2026-04-20 20:00:00+00:00,12.29,36.43
server_1,2026-04-20 21:00:00+00:00,12.55,31.01
server_1,2026-04-20 22:00:00+00:00,14.18,30.94
server_1,2026-04-20 23:00:00+00:00,12.56,33.95
server_1,2026-04-21 00:00:00+00:00,13.7,35.04
server_1,2026-04-21 01:00:00+00:00,12.17,30.32
server_1,2026-04-21 02:00:00+00:00,12.72,35.41
server_1,2026-04-21 03:00:00+00:00,13.58,36.47
server_1,2026-04-21 04:00:00+00:00,8.36,35.89
server_1,2026-04-21 05:00:00+00:00,11.2,38.83
server_1,2026-04-21 06:00:00+00:00,10.82,28.12
server_1,2026-04-21 07:00:00+00:00,10.4,31.5
server_1,2026-04-21 08:00:00+00:00,11.31,31.8
server_1,2026-04-21 09:00:00+00:00,15.74,32.92
server_1,2026-04-21 10:00:00+00:00,13.26,29.84
server_1,2026-04-21 11:00:00+00:00,20.85,29.15
server_1,2026-04-21 12:00:00+00:00,16.45,33.93
server_1,2026-04-21 13:00:00+00:00,21.01,32.08
server_1,2026-04-21 14:00:00+00:00,22.25,35.93
server_1,2026-04-21 15:00:00+00:00,22.13,32.37
server_1,2026-04-21 16:00:00+00:00,20.21,30.47
server_1,2026-04-21 17:00:00+00:00,17.4,34.83
server_1,2026-04-21 18:00:00+00:00,11.13,32.3
server_1,2026-04-21 19:00:00+00:00,10.84,33.91
server_1,2026-04-21 20:00:00+00:00,14.14,41.49
server_1,2026-04-21 21:00:00+00:00,11.52,32.94
server_1,2026-04-21 22:00:00+00:00,8.81,32.82
server_1,2026-04-21 23:00:00+00:00,9.17,26.7
server_1,2026-04-22 00:00:00+00:00,9.7,26.05
server_1,2026-04-22 01:00:00+00:00,13.24,38.77
server_1,2026-04-22 02:00:00+00:00,12.36,28.43
server_1,2026-04-22 03:00:00+00:00,13.73,28.43
server_1,2026-04-22 04:00:00+00:00,10.93,31.47
server_1,2026-04-22 05:00:00+00:00,12.4,31.78
server_1,2026-04-22 06:00:00+00:00,13.56,28.94
server_1,2026-04-22 07:00:00+00:00,11.23,30.51
server_1,2026-04-22 08:00:00+00:00,13.14,37.32
server_1,2026-04-22 09:00:00+00:00,10.35,28.2
server_1,2026-04-22 10:00:00+00:00,14.51,27.3
server_1,2026-04-22 11:00:00+00:00,17.47,37.69
server_1,2026-04-22 12:00:00+00:00,17.67,35.95
server_1,2026-04-22 13:00:00+00:00,23.07,33.39
server_1,2026-04-22 14:00:00+00:00,20.67,28.71
server_1,2026-04-22 15:00:00+00:00,20.69,32.06
server_1,2026-04-22 16:00:00+00:00,19.63,34.45
server_1,2026-04-22 17:00:00+00:00,16.54,38.25
server_1,2026-04-22 18:00:00+00:00,13.66,28.44
server_1,2026-04-22 19:00:00+00:00,11.75,31.58
server_1,2026-04-22 20:00:00+00:00,10.94,34.33
server_1,2026-04-22 21:00:00+00:00,11.8,22.41
server_1,2026-04-22 22:00:00+00:00,7.78,34.66
server_1,2026-04-22 23:00:00+00:00,8.38,26.0
server_1,2026-04-23 00:00:00+00:00,8.69,32.17
server_1,2026-04-23 01:00:00+00:00,9.51,32.11
server_1,2026-04-23 02:00:00+00:00,13.0,36.69
server_1,2026-04-23 03:00:00+00:00,9.74,33.41
server_1,2026-04-23 04:00:00+00:00,11.05,22.16
server_1,2026-04-23 05:00:00+00:00,15.25,30.0
server_1,2026-04-23 06:00:00+00:00,11.11,32.24
server_1,2026-04-23 07:00:00+00:00,13.84,31.87
server_1,2026-04-23 08:00:00+00:00,9.67,33.09
server_1,2026-04-23 09:00:00+00:00,11.49,34.98
server_1,2026-04-23 10:00:00+00:00,13.05,34.8
server_1,2026-04-23 11:00:00+00:00,17.58,33.1
server_1,2026-04-23 12:00:00+00:00,22.76,28.38
server_1,2026-04-23 13:00:00+00:00,17.53,32.11
server_1,2026-04-23 14:00:00+00:00,22.93,37.49
server_1,2026-04-23 15:00:00+00:00,21.25,30.88
server_1,2026-04-23 16:00:00+00:00,16.94,36.25
server_1,2026-04-23 17:00:00+00:00,11.81,35.57
server_1,2026-04-23 18:00:00+00:00,12.18,32.57
server_1,2026-04-23 19:00:00+00:00,10.68,19.28
server_1,2026-04-23 20:00:00+00:00,12.58,27.09
server_1,2026-04-23 21:00:00+00:00,12.05,39.56
server_1,2026-04-23 22:00:00+00:00,16.0,31.22
server_1,2026-04-23 23:00:00+00:00,11.4,23.85
server_1,2026-04-24 00:00:00+00:00,9.44,36.05
server_1,2026-04-24 01:00:00+00:00,12.45,32.21
server_1,2026-04-24 02:00:00+00:00,12.55,36.61
server_1,2026-04-24 03:00:00+00:00,15.4,34.3
server_1,2026-04-24 04:00:00+00:00,14.09,34.56
server_1,2026-04-24 05:00:00+00:00,12.89,33.76
server_1,2026-04-24 06:00:00+00:00,15.66,36.07
server_1,2026-04-24 07:00:00+00:00,9.03,40.07
server_1,2026-04-24 08:00:00+00:00,10.4,35.32
server_1,2026-04-24 09:00:00+00:00,9.68,24.87
server_1,2026-04-24 10:00:00+00:00,14.45,34.64
server_1,2026-04-24 11:00:00+00:00,14.99,37.61
server_1,2026-04-24 12:00:00+00:00,22.25,40.4
server_1,2026-04-24 13:00:00+00:00,21.29,33.55
server_1,2026-04-24 14:00:00+00:00,18.17,38.82
server_1,2026-04-24 15:00:00+00:00,18.12,37.85
server_1,2026-04-24 16:00:00+00:00,19.21,44.81
server_1,2026-04-24 17:00:00+00:00,17.52,30.93
server_1,2026-04-24 18:00:00+00:00,16.99,31.72
server_1,2026-04-24 19:00:00+00:00,19.28,33.33
server_1,2026-04-24 20:00:00+00:00,13.04,30.4
server_1,2026-04-24 21:00:00+00:00,9.53,27.57
server_1,2026-04-24 22:00:00+00:00,6.67,19.08
server_1,2026-04-24 23:00:00+00:00,12.67,30.5
server_1,2026-04-25 00:00:00+00:00,7.97,32.07
server_1,2026-04-25 01:00:00+00:00,8.96,28.96
server_1,2026-04-25 02:00:00+00:00,8.47,38.51
server_1,2026-04-25 03:00:00+00:00,9.65,31.23
server_1,2026-04-25 04:00:00+00:00,12.66,37.4
server_1,2026-04-25 05:00:00+00:00,10.39,32.48
server_1,2026-04-25 06:00:00+00:00,9.6,34.47
server_1,2026-04-25 07:00:00+00:00,7.41,31.51
server_1,2026-04-25 08:00:00+00:00,5.81,35.31
server_1,2026-04-25 09:00:00+00:00,8.78,31.1
server_1,2026-04-25 10:00:00+00:00,11.75,33.9
server_1,2026-04-25 11:00:00+00:00,17.96,35.55
server_1,2026-04-25 12:00:00+00:00,15.09,31.93
server_1,2026-04-25 13:00:00+00:00,17.87,35.68
server_1,2026-04-25 14:00:00+00:00,14.17,41.7
server_1,2026-04-25 15:00:00+00:00,11.8,30.85
server_1,2026-04-25 16:00:00+00:00,11.12,33.37
server_1,2026-04-25 17:00:00+00:00,10.07,36.35
server_1,2026-04-25 18:00:00+00:00,15.32,37.72
server_1,2026-04-25 19:00:00+00:00,7.95,30.63
server_1,2026-04-25 20:00:00+00:00,12.1,22.5
server_1,2026-04-25 21:00:00+00:00,7.74,32.58
server_1,2026-04-25 22:00:00+00:00,12.33,23.24
server_1,2026-04-25 23:00:00+00:00,10.96,37.52
server_1,2026-04-26 00:00:00+00:00,9.61,31.84
server_1,2026-04-26 01:00:00+00:00,9.9,35.26
server_1,2026-04-26 02:00:00+00:00,8.36,27.12
server_1,2026-04-26 03:00:00+00:00,11.12,25.48
server_1,2026-04-26 04:00:00+00:00,8.86,31.94
server_1,2026-04-26 05:00:00+00:00,6.94,30.09
server_1,2026-04-26 06:00:00+00:00,6.81,28.22
server_1,2026-04-26 07:00:00+00:00,10.43,31.79
server_1,2026-04-26 08:00:00+00:00,13.95,43.75
server_1,2026-04-26 09:00:00+00:00,10.4,34.78
server_1,2026-04-26 10:00:00+00:00,11.58,36.05
server_1,2026-04-26 11:00:00+00:00,14.25,36.16
server_1,2026-04-26 12:00:00+00:00,18.03,40.03
server_1,2026-04-26 13:00:00+00:00,15.96,32.63
server_1,2026-04-26 14:00:00+00:00,14.39,24.62
server_1,2026-04-26 15:00:00+00:00,17.53,33.18
server_1,2026-04-26 16:00:00+00:00,14.61,36.16
server_1,2026-04-26 17:00:00+00:00,15.72,29.42
server_1,2026-04-26 18:00:00+00:00,10.46,30.75
server_1,2026-04-26 19:00:00+00:00,6.94,27.46
server_1,2026-04-26 20:00:00+00:00,6.58,36.11
server_1,2026-04-26 21:00:00+00:00,14.13,35.74
server_1,2026-04-26 22:00:00+00:00,14.31,35.41
server_1,2026-04-26 23:00:00+00:00,9.55,33.63
server_1,2026-04-27 00:00:00+00:00,11.04,31.52
server_1,2026-04-27 01:00:00+00:00,15.65,34.07
server_1,2026-04-27 02:00:00+00:00,9.23,26.29
server_1,2026-04-27 03:00:00+00:00,9.76,22.47
server_1,2026-04-27 04:00:00+00:00,13.61,33.16
server_1,2026-04-27 05:00:00+00:00,11.01,32.95
server_1,2026-04-27 06:00:00+00:00,11.99,36.83
server_1,2026-04-27 07:00:00+00:00,11.59,38.14
server_1,2026-04-27 08:00:00+00:00,12.84,38.58
server_1,2026-04-27 09:00:00+00:00,15.52,29.24
server_1,2026-04-27 10:00:00+00:00,15.65,31.87
server_1,2026-04-27 11:00:00+00:00,20.04,36.73
server_1,2026-04-27 12:00:00+00:00,15.53,43.36
server_1,2026-04-27 13:00:00+00:00,21.73,41.32
server_1,2026-04-27 14:00:00+00:00,19.74,39.19
server_1,2026-04-27 15:00:00+00:00,17.61,32.41
server_1,2026-04-27 16:00:00+00:00,16.23,29.95
server_1,2026-04-27 17:00:00+00:00,14.58,36.06
server_1,2026-04-27 18:00:00+00:00,14.29,28.4
server_1,2026-04-27 19:00:00+00:00,8.68,29.89
server_1,2026-04-27 20:00:00+00:00,12.08,31.57
server_1,2026-04-27 21:00:00+00:00,10.79,37.95
server_1,2026-04-27 22:00:00+00:00,11.18,30.29
server_1,2026-04-27 23:00:00+00:00,14.51,23.12
server_1,2026-04-28 00:00:00+00:00,13.35,34.49
server_1,2026-04-28 01:00:00+00:00,15.34,30.37
server_1,2026-04-28 02:00:00+00:00,11.61,32.04
server_1,2026-04-28 03:00:00+00:00,10.26,31.04
server_1,2026-04-28 04:00:00+00:00,11.44,30.71
server_1,2026-04-28 05:00:00+00:00,12.61,35.37
server_1,2026-04-28 06:00:00+00:00,12.44,26.02
server_1,2026-04-28 07:00:00+00:00,9.29,28.98
server_1,2026-04-28 08:00:00+00:00,12.23,34.82
server_1,2026-04-28 09:00:00+00:00,12.57,29.74
server_1,2026-04-28 10:00:00+00:00,21.71,28.96
server_1,2026-04-28 11:00:00+00:00,23.12,38.57
server_1,2026-04-28 12:00:00+00:00,18.53,38.78
server_1,2026-04-28 13:00:00+00:00,21.13,35.02
server_1,2026-04-28 14:00:00+00:00,18.19,26.32
server_1,2026-04-28 15:00:00+00:00,19.18,37.34
server_1,2026-04-28 16:00:00+00:00,19.22,27.89
server_1,2026-04-28 17:00:00+00:00,18.43,35.49
server_1,2026-04-28 18:00:00+00:00,10.18,27.81
server_1,2026-04-28 19:00:00+00:00,10.36,26.79
server_1,2026-04-28 20:00:00+00:00,6.63,28.35
server_1,2026-04-28 21:00:00+00:00,11.59,31.12
server_1,2026-04-28 22:00:00+00:00,9.34,28.49
server_1,2026-04-28 23:00:00+00:00,10.68,33.89
server_1,2026-04-29 00:00:00+00:00,9.81,29.45
server_1,2026-04-29 01:00:00+00:00,11.76,35.84
server_1,2026-04-29 02:00:00+00:00,7.61,31.59
server_1,2026-04-29 03:00:00+00:00,8.33,27.93
server_1,2026-04-29 04:00:00+00:00,17.32,30.4
server_1,2026-04-29 05:00:00+00:00,8.78,24.28
server_1,2026-04-29 06:00:00+00:00,9.26,32.2
server_1,2026-04-29 07:00:00+00:00,16.59,32.19
server_1,2026-04-29 08:00:00+00:00,19.26,25.05
server_1,2026-04-29 09:00:00+00:00,9.07,28.83
server_1,2026-04-29 10:00:00+00:00,14.5,29.27
server_1,2026-04-29 11:00:00+00:00,19.28,40.85
server_1,2026-04-29 12:00:00+00:00,24.98,29.73
server_1,2026-04-29 13:00:00+00:00,19.38,28.82
server_1,2026-04-29 14:00:00+00:00,21.23,39.67
server_1,2026-04-29 15:00:00+00:00,22.6,41.14
server_1,2026-04-29 16:00:00+00:00,19.51,31.65
server_1,2026-04-29 17:00:00+00:00,14.48,30.34
server_1,2026-04-29 18:00:00+00:00,11.67,34.35
server_1,2026-04-29 19:00:00+00:00,8.56,21.49
server_1,2026-04-29 20:00:00+00:00,11.4,24.35
server_1,2026-04-29 21:00:00+00:00,11.33,30.64
server_1,2026-04-29 22:00:00+00:00,12.58,38.4
server_1,2026-04-29 23:00:00+00:00,10.61,29.77
server_1,2026-04-30 00:00:00+00:00,13.18,32.82
server_1,2026-04-30 01:00:00+00:00,14.53,37.42
server_1,2026-04-30 02:00:00+00:00,12.39,40.56
server_1,2026-04-30 03:00:00+00:00,12.88,30.0
server_1,2026-04-30 04:00:00+00:00,12.13,31.98
server_1,2026-04-30 05:00:00+00:00,12.0,39.29
server_1,2026-04-30 06:00:00+00:00,10.2,25.28
server_1,2026-04-30 07:00:00+00:00,12.79,36.39
server_1,2026-04-30 08:00:00+00:00,11.76,27.84
server_1,2026-04-30 09:00:00+00:00,17.23,34.24
server_1,2026-04-30 10:00:00+00:00,19.35,33.6
server_1,2026-04-30 11:00:00+00:00,19.39,30.76
server_1,2026-04-30 12:00:00+00:00,18.75,30.43
server_1,2026-04-30 13:00:00+00:00,19.07,35.58
server_1,2026-04-30 14:00:00+00:00,24.83,40.47
server_1,2026-04-30 15:00:00+00:00,21.32,34.74
server_1,2026-04-30 16:00:00+00:00,19.63,34.95
server_1,2026-04-30 17:00:00+00:00,11.06,33.96
server_1,2026-04-30 18:00:00+00:00,14.32,28.93
server_1,2026-04-30 19:00:00+00:00,13.14,35.36
server_1,2026-04-30 20:00:00+00:00,9.22,34.31
server_1,2026-04-30 21:00:00+00:00,10.82,42.0
server_1,2026-04-30 22:00:00+00:00,12.66,30.73
server_1,2026-04-30 23:00:00+00:00,12.13,30.21
server_1,2026-05-01 00:00:00+00:00,11.27,34.82
server_1,2026-05-01 01:00:00+00:00,11.74,35.19
server_1,2026-05-01 02:00:00+00:00,11.37,29.64
server_1,2026-05-01 03:00:00+00:00,12.38,30.52
server_1,2026-05-01 04:00:00+00:00,15.68,35.45
server_1,2026-05-01 05:00:00+00:00,5.58,26.44
server_1,2026-05-01 06:00:00+00:00,11.41,30.15
server_1,2026-05-01 07:00:00+00:00,12.44,32.51
server_1,2026-05-01 08:00:00+00:00,12.74,36.24
server_1,2026-05-01 09:00:00+00:00,11.07,29.26
server_1,2026-05-01 10:00:00+00:00,11.03,24.29
server_1,2026-05-01 11:00:00+00:00,19.25,26.87
server_1,2026-05-01 12:00:00+00:00,24.98,31.5
server_1,2026-05-01 13:00:00+00:00,18.01,28.85
server_1,2026-05-01 14:00:00+00:00,24.01,35.58
server_1,2026-05-01 15:00:00+00:00,19.84,29.99
server_1,2026-05-01 16:00:00+00:00,18.27,31.39
server_1,2026-05-01 17:00:00+00:00,12.79,29.18
server_1,2026-05-01 18:00:00+00:00,11.16,29.95
server_1,2026-05-01 19:00:00+00:00,15.25,38.43
server_1,2026-05-01 20:00:00+00:00,13.46,35.16
server_1,2026-05-01 21:00:00+00:00,16.33,33.58
server_1,2026-05-01 22:00:00+00:00,14.94,31.19
server_1,2026-05-01 23:00:00+00:00,13.1,30.65
server_1,2026-05-02 00:00:00+00:00,14.36,34.14
server_1,2026-05-02 01:00:00+00:00,11.1,34.02
server_1,2026-05-02 02:00:00+00:00,12.07,28.39
server_1,2026-05-02 03:00:00+00:00,9.26,31.19
server_1,2026-05-02 04:00:00+00:00,10.17,23.23
server_1,2026-05-02 05:00:00+00:00,8.26,31.54
server_1,2026-05-02 06:00:00+00:00,12.47,35.21
server_1,2026-05-02 07:00:00+00:00,7.05,29.15
server_1,2026-05-02 08:00:00+00:00,11.96,39.25
server_1,2026-05-02 09:00:00+00:00,9.52,27.61
server_1,2026-05-02 10:00:00+00:00,14.81,33.85
server_1,2026-05-02 11:00:00+00:00,15.41,33.05
server_1,2026-05-02 12:00:00+00:00,19.31,34.16
server_1,2026-05-02 13:00:00+00:00,17.24,33.38
server_1,2026-05-02 14:00:00+00:00,11.49,32.25
server_1,2026-05-02 15:00:00+00:00,14.6,36.3
server_1,2026-05-02 16:00:00+00:00,10.61,37.02
server_1,2026-05-02 17:00:00+00:00,10.59,31.5
server_1,2026-05-02 18:00:00+00:00,13.78,35.88
server_1,2026-05-02 19:00:00+00:00,11.59,29.05
server_1,2026-05-02 20:00:00+00:00,8.25,33.75
server_1,2026-05-02 21:00:00+00:00,7.47,27.37
server_1,2026-05-02 22:00:00+00:00,10.08,35.69
server_1,2026-05-02 23:00:00+00:00,6.96,39.08
server_1,2026-05-03 00:00:00+00:00,8.32,30.22
server_1,2026-05-03 01:00:00+00:00,10.78,22.8
server_1,2026-05-03 02:00:00+00:00,12.89,30.12
server_1,2026-05-03 03:00:00+00:00,11.52,36.76
server_1,2026-05-03 04:00:00+00:00,4.27,31.51
server_1,2026-05-03 05:00:00+00:00,10.76,32.56
server_1,2026-05-03 06:00:00+00:00,10.18,35.4
server_1,2026-05-03 07:00:00+00:00,11.03,33.6
server_1,2026-05-03 08:00:00+00:00,14.04,37.59
server_1,2026-05-03 09:00:00+00:00,4.84,33.17
server_1,2026-05-03 10:00:00+00:00,10.4,37.53
server_1,2026-05-03 11:00:00+00:00,15.01,34.49
server_1,2026-05-03 12:00:00+00:00,10.81,35.2
server_1,2026-05-03 13:00:00+00:00,19.11,33.26
server_1,2026-05-03 14:00:00+00:00,16.34,31.11
server_1,2026-05-03 15:00:00+00:00,16.88,40.53
server_1,2026-05-03 16:00:00+00:00,12.11,32.9
server_1,2026-05-03 17:00:00+00:00,13.92,35.89
server_1,2026-05-03 18:00:00+00:00,12.67,32.73
server_1,2026-05-03 19:00:00+00:00,10.58,29.16
server_1,2026-05-03 20:00:00+00:00,10.59,31.55
server_1,2026-05-03 21:00:00+00:00,10.68,37.28
server_1,2026-05-03 22:00:00+00:00,7.84,32.77
server_1,2026-05-03 23:00:00+00:00,9.63,24.33
server_1,2026-05-04 00:00:00+00:00,11.62,31.01
server_1,2026-05-04 01:00:00+00:00,12.96,39.46
server_1,2026-05-04 02:00:00+00:00,14.5,32.02
server_1,2026-05-04 03:00:00+00:00,9.35,23.87
server_1,2026-05-04 04:00:00+00:00,11.69,39.46
server_1,2026-05-04 05:00:00+00:00,15.7,36.03
server_1,2026-05-04 06:00:00+00:00,10.14,31.07
server_1,2026-05-04 07:00:00+00:00,9.94,29.79
server_1,2026-05-04 08:00:00+00:00,12.51,36.51
server_1,2026-05-04 09:00:00+00:00,14.11,30.57
server_1,2026-05-04 10:00:00+00:00,15.45,37.8
server_1,2026-05-04 11:00:00+00:00,21.75,37.58
server_1,2026-05-04 12:00:00+00:00,22.8,36.76
server_1,2026-05-04 13:00:00+00:00,23.95,36.77
server_1,2026-05-04 14:00:00+00:00,23.23,35.23
server_1,2026-05-04 15:00:00+00:00,26.48,41.25
server_1,2026-05-04 16:00:00+00:00,17.91,30.61
server_1,2026-05-04 17:00:00+00:00,10.41,24.96
server_1,2026-05-04 18:00:00+00:00,16.01,35.86
server_1,2026-05-04 19:00:00+00:00,10.86,34.12
server_1,2026-05-04 20:00:00+00:00,12.27,34.02
server_1,2026-05-04 21:00:00+00:00,15.27,34.78
server_1,2026-05-04 22:00:00+00:00,7.99,29.32
server_1,2026-05-04 23:00:00+00:00,8.87,34.05
server_1,2026-05-05 00:00:00+00:00,8.0,30.42
server_1,2026-05-05 01:00:00+00:00,10.01,29.36
server_1,2026-05-05 02:00:00+00:00,13.1,31.14
server_1,2026-05-05 03:00:00+00:00,13.31,40.54
server_1,2026-05-05 04:00:00+00:00,12.69,25.3
server_1,2026-05-05 05:00:00+00:00,8.47,32.76
server_1,2026-05-05 06:00:00+00:00,6.22,23.26
server_1,2026-05-05 07:00:00+00:00,12.14,31.61
server_1,2026-05-05 08:00:00+00:00,10.82,29.85
server_1,2026-05-05 09:00:00+00:00,13.15,24.06
server_1,2026-05-05 10:00:00+00:00,17.18,35.37
server_1,2026-05-05 11:00:00+00:00,18.77,32.85
server_1,2026-05-05 12:00:00+00:00,22.56,27.3
server_1,2026-05-05 13:00:00+00:00,22.42,39.01
server_1,2026-05-05 14:00:00+00:00,23.17,41.65
server_1,2026-05-05 15:00:00+00:00,18.9,40.37
server_1,2026-05-05 16:00:00+00:00,17.98,35.53
server_1,2026-05-05 17:00:00+00:00,15.91,33.55
server_1,2026-05-05 18:00:00+00:00,14.05,38.03
server_1,2026-05-05 19:00:00+00:00,11.02,38.39
server_1,2026-05-05 20:00:00+00:00,13.3,36.99
server_1,2026-05-05 21:00:00+00:00,11.34,28.0
server_1,2026-05-05 22:00:00+00:00,11.71,32.7
server_1,2026-05-05 23:00:00+00:00,14.07,34.48
server_1,2026-05-06 00:00:00+00:00,7.02,23.02
server_1,2026-05-06 01:00:00+00:00,8.76,32.74
server_1,2026-05-06 02:00:00+00:00,8.29,39.8
server_1,2026-05-06 03:00:00+00:00,6.17,32.52
server_1,2026-05-06 04:00:00+00:00,10.3,37.3
server_1,2026-05-06 05:00:00+00:00,13.87,33.39
server_1,2026-05-06 06:00:00+00:00,11.29,31.46
server_1,2026-05-06 07:00:00+00:00,12.49,33.7
server_1,2026-05-06 08:00:00+00:00,14.72,29.69
server_1,2026-05-06 09:00:00+00:00,15.32,29.31
server_1,2026-05-06 10:00:00+00:00,15.25,38.2
server_1,2026-05-06 11:00:00+00:00,21.81,40.92
server_1,2026-05-06 12:00:00+00:00,20.89,31.15
server_1,2026-05-06 13:00:00+00:00,19.75,38.59
server_1,2026-05-06 14:00:00+00:00,20.36,34.58
server_1,2026-05-06 15:00:00+00:00,16.96,35.09
server_1,2026-05-06 16:00:00+00:00,16.21,35.31
server_1,2026-05-06 17:00:00+00:00,14.53,36.86
server_1,2026-05-06 18:00:00+00:00,14.01,33.03
server_1,2026-05-06 19:00:00+00:00,16.3,39.15
server_1,2026-05-06 20:00:00+00:00,8.54,32.03
server_1,2026-05-06 21:00:00+00:00,12.98,34.84
server_1,2026-05-06 22:00:00+00:00,9.4,27.76
server_1,2026-05-06 23:00:00+00:00,13.19,41.05
server_1,2026-05-07 00:00:00+00:00,11.67,33.76
server_1,2026-05-07 01:00:00+00:00,7.42,33.25
server_1,2026-05-07 02:00:00+00:00,14.32,26.38
server_1,2026-05-07 03:00:00+00:00,10.49,28.18
server_1,2026-05-07 04:00:00+00:00,10.67,36.48
server_1,2026-05-07 05:00:00+00:00,9.33,32.21
server_1,2026-05-07 06:00:00+00:00,10.36,23.77
server_1,2026-05-07 07:00:00+00:00,13.07,36.53
server_1,2026-05-07 08:00:00+00:00,11.53,29.66
server_1,2026-05-07 09:00:00+00:00,12.82,37.93
server_1,2026-05-07 10:00:00+00:00,16.33,33.16
server_1,2026-05-07 11:00:00+00:00,21.73,36.22
server_1,2026-05-07 12:00:00+00:00,19.8,39.45
server_1,2026-05-07 13:00:00+00:00,18.16,30.56
server_1,2026-05-07 14:00:00+00:00,24.52,32.41
server_1,2026-05-07 15:00:00+00:00,19.83,33.96
server_1,2026-05-07 16:00:00+00:00,21.21,38.53
server_1,2026-05-07 17:00:00+00:00,16.38,28.21
server_1,2026-05-07 18:00:00+00:00,11.67,25.21
server_1,2026-05-07 19:00:00+00:00,12.87,35.6
server_1,2026-05-07 20:00:00+00:00,16.88,31.3
server_1,2026-05-07 21:00:00+00:00,17.19,32.25
server_1,2026-05-07 22:00:00+00:00,12.17,24.63
server_1,2026-05-07 23:00:00+00:00,12.4,29.42
server_1,2026-05-08 00:00:00+00:00,14.69,32.91
server_1,2026-05-08 01:00:00+00:00,9.89,34.98
server_1,2026-05-08 02:00:00+00:00,12.83,29.21
server_1,2026-05-08 03:00:00+00:00,11.94,38.61
server_1,2026-05-08 04:00:00+00:00,12.78,29.54
server_1,2026-05-08 05:00:00+00:00,9.92,28.54
server_1,2026-05-08 06:00:00+00:00,8.03,36.76
server_1,2026-05-08 07:00:00+00:00,6.82,31.03
server_1,2026-05-08 08:00:00+00:00,9.21,28.81
server_1,2026-05-08 09:00:00+00:00,10.85,30.98
server_1,2026-05-08 10:00:00+00:00,14.69,38.35
server_1,2026-05-08 11:00:00+00:00,23.27,41.81
server_1,2026-05-08 12:00:00+00:00,23.43,32.73
server_1,2026-05-08 13:00:00+00:00,19.44,34.44
server_1,2026-05-08 14:00:00+00:00,22.72,36.11
server_1,2026-05-08 15:00:00+00:00,19.64,30.73
server_1,2026-05-08 16:00:00+00:00,17.72,33.78
server_1,2026-05-08 17:00:00+00:00,15.88,33.38
server_1,2026-05-08 18:00:00+00:00,13.55,37.1
server_1,2026-05-08 19:00:00+00:00,11.15,36.53
server_1,2026-05-08 20:00:00+00:00,14.66,31.61
server_1,2026-05-08 21:00:00+00:00,9.15,30.14
server_1,2026-05-08 22:00:00+00:00,12.02,34.66
server_1,2026-05-08 23:00:00+00:00,18.49,31.93
server_1,2026-05-09 00:00:00+00:00,10.56,33.85
server_1,2026-05-09 01:00:00+00:00,13.58,32.2
server_1,2026-05-09 02:00:00+00:00,10.23,27.5
server_1,2026-05-09 03:00:00+00:00,11.45,27.98
server_1,2026-05-09 04:00:00+00:00,9.86,37.04
server_1,2026-05-09 05:00:00+00:00,9.57,30.53
server_1,2026-05-09 06:00:00+00:00,8.05,37.18
server_1,2026-05-09 07:00:00+00:00,11.08,29.62
server_1,2026-05-09 08:00:00+00:00,7.87,31.72
server_1,2026-05-09 09:00:00+00:00,11.66,41.45
server_1,2026-05-09 10:00:00+00:00,14.59,28.68
server_1,2026-05-09 11:00:00+00:00,14.45,25.27
server_1,2026-05-09 12:00:00+00:00,14.05,37.86
server_1,2026-05-09 13:00:00+00:00,16.55,30.29
server_1,2026-05-09 14:00:00+00:00,14.64,32.84
server_1,2026-05-09 15:00:00+00:00,17.1,31.44
server_1,2026-05-09 16:00:00+00:00,8.96,32.01
server_1,2026-05-09 17:00:00+00:00,11.04,27.86
server_1,2026-05-09 18:00:00+00:00,5.02,28.84
server_1,2026-05-09 19:00:00+00:00,6.26,31.79
server_1,2026-05-09 20:00:00+00:00,13.41,28.46
server_1,2026-05-09 21:00:00+00:00,12.24,29.28
server_1,2026-05-09 22:00:00+00:00,8.2,29.28
server_1,2026-05-09 23:00:00+00:00,6.24,24.27
server_1,2026-05-10 00:00:00+00:00,2.59,27.02
server_1,2026-05-10 01:00:00+00:00,8.64,31.3
server_1,2026-05-10 02:00:00+00:00,16.05,31.82
server_1,2026-05-10 03:00:00+00:00,11.09,30.6
server_1,2026-05-10 04:00:00+00:00,8.6,30.73
server_1,2026-05-10 05:00:00+00:00,11.16,29.08
server_1,2026-05-10 06:00:00+00:00,6.1,32.7
server_1,2026-05-10 07:00:00+00:00,9.26,36.78
server_1,2026-05-10 08:00:00+00:00,10.25,29.53
server_1,2026-05-10 09:00:00+00:00,9.78,33.17
server_1,2026-05-10 10:00:00+00:00,13.86,31.69
server_1,2026-05-10 11:00:00+00:00,14.4,34.3
server_1,2026-05-10 12:00:00+00:00,16.43,39.82
server_1,2026-05-10 13:00:00+00:00,13.7,34.63
server_1,2026-05-10 14:00:00+00:00,17.66,26.89
server_1,2026-05-10 15:00:00+00:00,18.84,36.21
server_1,2026-05-10 16:00:00+00:00,11.11,36.62
server_1,2026-05-10 17:00:00+00:00,9.66,30.3
server_1,2026-05-10 18:00:00+00:00,13.34,36.45
server_1,2026-05-10 19:00:00+00:00,9.52,28.37
server_1,2026-05-10 20:00:00+00:00,13.51,26.59
server_1,2026-05-10 21:00:00+00:00,8.89,31.48
server_1,2026-05-10 22:00:00+00:00,13.64,25.55
server_1,2026-05-10 23:00:00+00:00,10.33,30.46
server_1,2026-05-11 00:00:00+00:00,12.65,37.37
server_1,2026-05-11 01:00:00+00:00,15.91,25.73
server_1,2026-05-11 02:00:00+00:00,11.1,26.57
server_1,2026-05-11 03:00:00+00:00,9.65,27.05
server_1,2026-05-11 04:00:00+00:00,10.88,31.35
server_1,2026-05-11 05:00:00+00:00,13.13,30.93
server_1,2026-05-11 06:00:00+00:00,8.09,36.23
server_1,2026-05-11 07:00:00+00:00,13.59,36.38
server_1,2026-05-11 08:00:00+00:00,10.65,33.51
server_1,2026-05-11 09:00:00+00:00,14.87,33.59
server_1,2026-05-11 10:00:00+00:00,9.43,32.68
server_1,2026-05-11 11:00:00+00:00,16.46,30.11
server_1,2026-05-11 12:00:00+00:00,16.44,36.98
server_1,2026-05-11 13:00:00+00:00,19.78,30.28
server_1,2026-05-11 14:00:00+00:00,22.47,39.01
server_1,2026-05-11 15:00:00+00:00,20.21,39.62
server_1,2026-05-11 16:00:00+00:00,17.79,34.87
server_1,2026-05-11 17:00:00+00:00,15.02,32.35
server_1,2026-05-11 18:00:00+00:00,12.51,33.78
server_1,2026-05-11 19:00:00+00:00,9.48,19.67
server_1,2026-05-11 20:00:00+00:00,13.77,33.83
server_1,2026-05-11 21:00:00+00:00,13.66,32.13
server_1,2026-05-11 22:00:00+00:00,12.96,32.13
server_1,2026-05-11 23:00:00+00:00,13.39,35.31
server_1,2026-05-12 00:00:00+00:00,12.74,31.96
server_1,2026-05-12 01:00:00+00:00,17.09,29.22
server_1,2026-05-12 02:00:00+00:00,11.78,31.36
server_1,2026-05-12 03:00:00+00:00,11.23,32.0
server_1,2026-05-12 04:00:00+00:00,10.12,31.8
server_1,2026-05-12 05:00:00+00:00,9.42,31.74
server_1,2026-05-12 06:00:00+00:00,8.89,35.07
server_1,2026-05-12 07:00:00+00:00,9.78,26.88
server_1,2026-05-12 08:00:00+00:00,11.82,32.64
server_1,2026-05-12 09:00:00+00:00,12.84,37.45
server_1,2026-05-12 10:00:00+00:00,15.55,26.3
server_1,2026-05-12 11:00:00+00:00,16.51,34.3
server_1,2026-05-12 12:00:00+00:00,22.91,33.48
server_1,2026-05-12 13:00:00+00:00,23.7,34.61
server_1,2026-05-12 14:00:00+00:00,21.45,31.69
server_1,2026-05-12 15:00:00+00:00,19.03,33.78
server_1,2026-05-12 16:00:00+00:00,19.8,42.09
server_1,2026-05-12 17:00:00+00:00,15.89,28.3
server_1,2026-05-12 18:00:00+00:00,8.38,26.05
server_1,2026-05-12 19:00:00+00:00,11.83,26.73
server_1,2026-05-12 20:00:00+00:00,12.66,39.14
server_1,2026-05-12 21:00:00+00:00,9.75,29.36
server_1,2026-05-12 22:00:00+00:00,12.47,32.06
server_1,2026-05-12 23:00:00+00:00,8.36,29.12
server_1,2026-05-13 00:00:00+00:00,15.34,29.39
server_1,2026-05-13 01:00:00+00:00,15.12,32.15
server_1,2026-05-13 02:00:00+00:00,11.37,41.61
server_1,2026-05-13 03:00:00+00:00,12.91,37.89
server_1,2026-05-13 04:00:00+00:00,5.98,26.48
server_1,2026-05-13 05:00:00+00:00,9.11,33.58
server_1,2026-05-13 06:00:00+00:00,11.27,28.42
server_1,2026-05-13 07:00:00+00:00,9.32,23.96
server_1,2026-05-13 08:00:00+00:00,13.79,36.7
server_1,2026-05-13 09:00:00+00:00,16.99,38.39
server_1,2026-05-13 10:00:00+00:00,12.48,36.35
server_1,2026-05-13 11:00:00+00:00,16.33,31.64
server_1,2026-05-13 12:00:00+00:00,21.25,34.57
server_1,2026-05-13 13:00:00+00:00,25.88,39.86
server_1,2026-05-13 14:00:00+00:00,18.79,35.94
server_1,2026-05-13 15:00:00+00:00,21.28,33.67
server_1,2026-05-13 16:00:00+00:00,22.98,29.37
server_1,2026-05-13 17:00:00+00:00,11.29,32.21
server_1,2026-05-13 18:00:00+00:00,8.8,35.2
server_1,2026-05-13 19:00:00+00:00,10.94,26.84
server_1,2026-05-13 20:00:00+00:00,10.7,34.1
server_1,2026-05-13 21:00:00+00:00,14.03,34.04
server_1,2026-05-13 22:00:00+00:00,12.6,35.21
server_1,2026-05-13 23:00:00+00:00,7.56,33.93
server_1,2026-05-14 00:00:00+00:00,13.29,29.67
server_1,2026-05-14 01:00:00+00:00,10.56,25.03
server_1,2026-05-14 02:00:00+00:00,15.19,30.98
server_1,2026-05-14 03:00:00+00:00,10.43,35.01
server_1,2026-05-14 04:00:00+00:00,10.41,29.27
server_1,2026-05-14 05:00:00+00:00,13.35,29.7
server_1,2026-05-14 06:00:00+00:00,13.91,25.38
server_1,2026-05-14 07:00:00+00:00,13.12,39.4
server_1,2026-05-14 08:00:00+00:00,7.79,33.83
server_1,2026-05-14 09:00:00+00:00,13.35,35.55
server_1,2026-05-14 10:00:00+00:00,12.83,36.16
server_1,2026-05-14 11:00:00+00:00,19.02,36.76
server_1,2026-05-14 12:00:00+00:00,17.1,32.81
server_1,2026-05-14 13:00:00+00:00,22.96,35.18
server_1,2026-05-14 14:00:00+00:00,19.83,33.03
server_1,2026-05-14 15:00:00+00:00,17.45,44.45
server_1,2026-05-14 16:00:00+00:00,20.21,37.1
server_1,2026-05-14 17:00:00+00:00,16.02,31.55
server_1,2026-05-14 18:00:00+00:00,10.47,33.32
server_1,2026-05-14 19:00:00+00:00,15.63,29.23
server_1,2026-05-14 20:00:00+00:00,10.9,37.63
server_1,2026-05-14 21:00:00+00:00,12.08,29.38
server_1,2026-05-14 22:00:00+00:00,12.67,34.24
server_1,2026-05-14 23:00:00+00:00,10.45,35.72
server_1,2026-05-15 00:00:00+00:00,13.18,33.95
server_1,2026-05-15 01:00:00+00:00,10.67,31.91
server_1,2026-05-15 02:00:00+00:00,10.97,31.68
server_1,2026-05-15 03:00:00+00:00,15.41,32.97
server_1,2026-05-15 04:00:00+00:00,9.4,28.78
server_1,2026-05-15 05:00:00+00:00,5.97,28.09
server_1,2026-05-15 06:00:00+00:00,16.03,39.33
server_1,2026-05-15 07:00:00+00:00,18.37,33.8
server_1,2026-05-15 08:00:00+00:00,10.99,28.5
server_1,2026-05-15 09:00:00+00:00,7.16,28.24
server_1,2026-05-15 10:00:00+00:00,14.64,37.33
server_1,2026-05-15 11:00:00+00:00,17.71,36.7
server_1,2026-05-15 12:00:00+00:00,20.19,37.11
server_1,2026-05-15 13:00:00+00:00,19.06,33.44
server_1,2026-05-15 14:00:00+00:00,23.3,38.25
server_1,2026-05-15 15:00:00+00:00,21.97,32.92
server_1,2026-05-15 16:00:00+00:00,14.69,31.9
server_1,2026-05-15 17:00:00+00:00,17.17,37.69
server_1,2026-05-15 18:00:00+00:00,17.13,37.29
server_1,2026-05-15 19:00:00+00:00,12.43,28.22
server_1,2026-05-15 20:00:00+00:00,11.16,28.28
server_1,2026-05-15 21:00:00+00:00,11.64,32.31
server_1,2026-05-15 22:00:00+00:00,13.54,39.44
server_1,2026-05-15 23:00:00+00:00,7.67,22.82
server_1,2026-05-16 00:00:00+00:00,10.41,32.56
server_1,2026-05-16 01:00:00+00:00,9.02,25.45
server_1,2026-05-16 02:00:00+00:00,14.62,30.38
server_1,2026-05-16 03:00:00+00:00,9.56,29.69
server_1,2026-05-16 04:00:00+00:00,14.17,31.08
server_1,2026-05-16 05:00:00+00:00,7.24,28.2
server_1,2026-05-16 06:00:00+00:00,11.47,31.84
server_1,2026-05-16 07:00:00+00:00,10.8,29.44
server_1,2026-05-16 08:00:00+00:00,7.83,24.69
server_1,2026-05-16 09:00:00+00:00,10.44,34.57
server_1,2026-05-16 10:00:00+00:00,14.91,36.03
server_1,2026-05-16 11:00:00+00:00,12.73,35.63
server_1,2026-05-16 12:00:00+00:00,10.53,25.32
server_1,2026-05-16 13:00:00+00:00,15.37,34.38
server_1,2026-05-16 14:00:00+00:00,13.16,35.11
server_1,2026-05-16 15:00:00+00:00,13.91,28.54
server_1,2026-05-16 16:00:00+00:00,13.33,32.5
server_1,2026-05-16 17:00:00+00:00,7.62,30.0
server_1,2026-05-16 18:00:00+00:00,5.96,37.25
server_1,2026-05-16 19:00:00+00:00,11.21,39.42
server_1,2026-05-16 20:00:00+00:00,8.69,24.19
server_1,2026-05-16 21:00:00+00:00,3.59,39.03
server_1,2026-05-16 22:00:00+00:00,11.96,28.33
server_1,2026-05-16 23:00:00+00:00,10.68,35.46
server_1,2026-05-17 00:00:00+00:00,8.22,34.56
server_1,2026-05-17 01:00:00+00:00,6.71,26.17
server_1,2026-05-17 02:00:00+00:00,12.09,34.0
server_1,2026-05-17 03:00:00+00:00,10.87,31.18
server_1,2026-05-17 04:00:00+00:00,15.96,35.6
server_1,2026-05-17 05:00:00+00:00,11.05,32.59
server_1,2026-05-17 06:00:00+00:00,10.97,36.42
server_1,2026-05-17 07:00:00+00:00,9.58,31.46
server_1,2026-05-17 08:00:00+00:00,12.04,31.34
server_1,2026-05-17 09:00:00+00:00,11.56,36.23
server_1,2026-05-17 10:00:00+00:00,15.01,35.38
server_1,2026-05-17 11:00:00+00:00,12.23,35.01
server_1,2026-05-17 12:00:00+00:00,13.67,29.93
server_1,2026-05-17 13:00:00+00:00,14.22,28.6
server_1,2026-05-17 14:00:00+00:00,17.39,31.62
server_1,2026-05-17 15:00:00+00:00,18.51,31.79
server_1,2026-05-17 16:00:00+00:00,12.39,35.28
server_1,2026-05-17 17:00:00+00:00,10.82,35.49
server_1,2026-05-17 18:00:00+00:00,10.79,30.95
server_1,2026-05-17 19:00:00+00:00,9.39,36.81
server_1,2026-05-17 20:00:00+00:00,12.38,37.61
server_1,2026-05-17 21:00:00+00:00,4.37,30.3
server_1,2026-05-17 22:00:00+00:00,7.93,27.29
server_1,2026-05-17 23:00:00+00:00,8.04,36.92
server_1,2026-05-18 00:00:00+00:00,6.2,29.73
server_1,2026-05-18 01:00:00+00:00,9.59,31.66
server_1,2026-05-18 02:00:00+00:00,9.71,29.84
server_1,2026-05-18 03:00:00+00:00,11.5,28.26
server_1,2026-05-18 04:00:00+00:00,14.78,27.1
server_1,2026-05-18 05:00:00+00:00,11.39,34.32
server_1,2026-05-18 06:00:00+00:00,9.42,27.96
server_1,2026-05-18 07:00:00+00:00,11.86,44.19
server_1,2026-05-18 08:00:00+00:00,14.62,28.57
server_1,2026-05-18 09:00:00+00:00,9.56,26.12
server_1,2026-05-18 10:00:00+00:00,13.14,34.44
server_1,2026-05-18 11:00:00+00:00,19.82,40.86
server_1,2026-05-18 12:00:00+00:00,20.11,35.1
server_1,2026-05-18 13:00:00+00:00,23.47,38.3
server_1,2026-05-18 14:00:00+00:00,21.81,28.06
server_1,2026-05-18 15:00:00+00:00,22.41,32.93
server_1,2026-05-18 16:00:00+00:00,15.84,29.05
server_1,2026-05-18 17:00:00+00:00,15.39,25.61
server_1,2026-05-18 18:00:00+00:00,11.47,32.28
server_1,2026-05-18 19:00:00+00:00,8.96,21.96
server_1,2026-05-18 20:00:00+00:00,8.09,25.34
server_1,2026-05-18 21:00:00+00:00,13.71,30.45
server_1,2026-05-18 22:00:00+00:00,11.12,28.37
server_1,2026-05-18 23:00:00+00:00,9.44,32.69
server_1,2026-05-19 00:00:00+00:00,11.76,33.14
server_1,2026-05-19 01:00:00+00:00,14.82,36.56
server_1,2026-05-19 02:00:00+00:00,6.3,33.01
server_1,2026-05-19 03:00:00+00:00,8.26,35.25
server_1,2026-05-19 04:00:00+00:00,9.69,31.18
server_1,2026-05-19 05:00:00+00:00,15.65,34.49
server_1,2026-05-19 06:00:00+00:00,12.71,34.29
server_1,2026-05-19 07:00:00+00:00,13.92,33.24
server_1,2026-05-19 08:00:00+00:00,9.15,29.41
server_1,2026-05-19 09:00:00+00:00,9.2,29.69
server_1,2026-05-19 10:00:00+00:00,16.54,30.32
server_1,2026-05-19 11:00:00+00:00,18.57,35.99
server_1,2026-05-19 12:00:00+00:00,22.03,35.14
server_1,2026-05-19 13:00:00+00:00,21.38,32.63
server_1,2026-05-19 14:00:00+00:00,22.54,33.04
server_1,2026-05-19 15:00:00+00:00,21.06,30.33
server_1,2026-05-19 16:00:00+00:00,20.37,38.85
server_1,2026-05-19 17:00:00+00:00,17.44,34.22
server_1,2026-05-19 18:00:00+00:00,7.95,27.13
server_1,2026-05-19 19:00:00+00:00,6.38,33.27
server_1,2026-05-19 20:00:00+00:00,14.5,30.63
server_1,2026-05-19 21:00:00+00:00,14.97,27.41
server_1,2026-05-19 22:00:00+00:00,9.45,35.19
server_1,2026-05-19 23:00:00+00:00,7.35,28.22
server_1,2026-05-20 00:00:00+00:00,12.25,30.45
server_1,2026-05-20 01:00:00+00:00,14.33,32.98
server_1,2026-05-20 02:00:00+00:00,16.49,38.14
server_1,2026-05-20 03:00:00+00:00,13.29,32.53
server_1,2026-05-20 04:00:00+00:00,11.07,26.88
server_1,2026-05-20 05:00:00+00:00,9.77,33.39
server_1,2026-05-20 06:00:00+00:00,12.03,30.07
server_1,2026-05-20 07:00:00+00:00,11.25,39.29
server_1,2026-05-20 08:00:00+00:00,9.46,31.11
server_1,2026-05-20 09:00:00+00:00,17.12,24.85
server_1,2026-05-20 10:00:00+00:00,19.88,36.19
server_1,2026-05-20 11:00:00+00:00,21.27,43.02
server_1,2026-05-20 12:00:00+00:00,18.36,40.53
server_1,2026-05-20 13:00:00+00:00,23.99,43.52
server_1,2026-05-20 14:00:00+00:00,23.45,31.93
server_1,2026-05-20 15:00:00+00:00,21.77,39.07
server_1,2026-05-20 16:00:00+00:00,21.55,32.46
server_1,2026-05-20 17:00:00+00:00,17.01,34.65
server_1,2026-05-20 18:00:00+00:00,13.85,27.56
server_1,2026-05-20 19:00:00+00:00,13.59,29.98
server_1,2026-05-20 20:00:00+00:00,12.85,29.59
server_1,2026-05-20 21:00:00+00:00,7.54,34.03
server_1,2026-05-20 22:00:00+00:00,12.21,35.28
server_1,2026-05-20 23:00:00+00:00,10.61,32.62
server_1,2026-05-21 00:00:00+00:00,8.8,25.48
server_1,2026-05-21 01:00:00+00:00,16.2,32.23
server_1,2026-05-21 02:00:00+00:00,16.32,30.53
server_1,2026-05-21 03:00:00+00:00,15.4,36.67
server_1,2026-05-21 04:00:00+00:00,12.64,36.94
server_1,2026-05-21 05:00:00+00:00,15.38,37.41
server_1,2026-05-21 06:00:00+00:00,12.03,28.99
server_1,2026-05-21 07:00:00+00:00,12.51,21.22
server_1,2026-05-21 08:00:00+00:00,9.27,23.98
server_1,2026-05-21 09:00:00+00:00,12.99,38.03
server_1,2026-05-21 10:00:00+00:00,15.57,31.64
server_1,2026-05-21 11:00:00+00:00,15.17,30.11
server_1,2026-05-21 12:00:00+00:00,20.53,41.56
server_1,2026-05-21 13:00:00+00:00,21.65,40.44
server_1,2026-05-21 14:00:00+00:00,26.34,37.12
server_1,2026-05-21 15:00:00+00:00,22.9,34.64
server_1,2026-05-21 16:00:00+00:00,18.46,33.73
server_1,2026-05-21 17:00:00+00:00,16.04,34.32
server_1,2026-05-21 18:00:00+00:00,12.11,38.44
server_1,2026-05-21 19:00:00+00:00,11.49,33.51
server_1,2026-05-21 20:00:00+00:00,9.29,33.96
server_1,2026-05-21 21:00:00+00:00,11.62,36.54
server_1,2026-05-21 22:00:00+00:00,10.13,26.67
server_1,2026-05-21 23:00:00+00:00,8.87,33.93
server_1,2026-05-22 00:00:00+00:00,13.28,31.27
server_1,2026-05-22 01:00:00+00:00,12.98,22.28
server_1,2026-05-22 02:00:00+00:00,7.53,21.92
server_1,2026-05-22 03:00:00+00:00,11.69,27.82
server_1,2026-05-22 04:00:00+00:00,14.49,35.0
server_1,2026-05-22 05:00:00+00:00,14.65,33.38
server_1,2026-05-22 06:00:00+00:00,14.56,33.64
server_1,2026-05-22 07:00:00+00:00,12.1,39.84
server_1,2026-05-22 08:00:00+00:00,9.89,26.18
server_1,2026-05-22 09:00:00+00:00,9.29,30.94
server_1,2026-05-22 10:00:00+00:00,16.28,34.72
server_1,2026-05-22 11:00:00+00:00,19.38,31.64
server_1,2026-05-22 12:00:00+00:00,23.88,36.27
server_1,2026-05-22 13:00:00+00:00,24.6,30.01
server_1,2026-05-22 14:00:00+00:00,21.52,40.97
server_1,2026-05-22 15:00:00+00:00,17.55,31.22
server_1,2026-05-22 16:00:00+00:00,17.63,42.1
server_1,2026-05-22 17:00:00+00:00,15.96,33.26
server_1,2026-05-22 18:00:00+00:00,11.49,35.94
server_1,2026-05-22 19:00:00+00:00,10.56,31.28
server_1,2026-05-22 20:00:00+00:00,12.63,32.1
server_1,2026-05-22 21:00:00+00:00,10.74,29.22
server_1,2026-05-22 22:00:00+00:00,10.43,31.93
server_1,2026-05-22 23:00:00+00:00,12.78,33.54
server_1,2026-05-23 00:00:00+00:00,9.0,27.81
server_1,2026-05-23 01:00:00+00:00,10.61,31.01
server_1,2026-05-23 02:00:00+00:00,10.68,29.1
server_1,2026-05-23 03:00:00+00:00,7.15,39.5
server_1,2026-05-23 04:00:00+00:00,8.8,30.52
server_1,2026-05-23 05:00:00+00:00,13.59,38.74
server_1,2026-05-23 06:00:00+00:00,7.09,29.5
server_1,2026-05-23 07:00:00+00:00,4.71,30.49
server_1,2026-05-23 08:00:00+00:00,5.35,24.39
server_1,2026-05-23 09:00:00+00:00,10.07,29.54
server_1,2026-05-23 10:00:00+00:00,11.96,32.83
server_1,2026-05-23 11:00:00+00:00,13.24,38.78
server_1,2026-05-23 12:00:00+00:00,17.8,34.92
server_1,2026-05-23 13:00:00+00:00,8.73,36.39
server_1,2026-05-23 14:00:00+00:00,16.41,36.11
server_1,2026-05-23 15:00:00+00:00,18.67,40.84
server_1,2026-05-23 16:00:00+00:00,10.72,31.31
server_1,2026-05-23 17:00:00+00:00,10.93,41.19
server_1,2026-05-23 18:00:00+00:00,8.12,28.7
server_1,2026-05-23 19:00:00+00:00,7.76,27.45
server_1,2026-05-23 20:00:00+00:00,9.18,26.17
server_1,2026-05-23 21:00:00+00:00,13.57,41.87
server_1,2026-05-23 22:00:00+00:00,14.59,36.19
server_1,2026-05-23 23:00:00+00:00,9.16,29.67
server_1,2026-05-24 00:00:00+00:00,14.76,37.96
server_1,2026-05-24 01:00:00+00:00,10.09,34.08
server_1,2026-05-24 02:00:00+00:00,14.38,40.7
server_1,2026-05-24 03:00:00+00:00,9.77,25.03
server_1,2026-05-24 04:00:00+00:00,10.33,30.35
server_1,2026-05-24 05:00:00+00:00,10.91,29.77
server_1,2026-05-24 06:00:00+00:00,17.95,26.19
server_1,2026-05-24 07:00:00+00:00,12.13,36.29
server_1,2026-05-24 08:00:00+00:00,8.23,29.6
server_1,2026-05-24 09:00:00+00:00,12.42,35.11
server_1,2026-05-24 10:00:00+00:00,10.98,41.08
server_1,2026-05-24 11:00:00+00:00,12.31,30.7
server_1,2026-05-24 12:00:00+00:00,17.03,32.08
server_1,2026-05-24 13:00:00+00:00,15.49,33.7
server_1,2026-05-24 14:00:00+00:00,16.11,37.39
server_1,2026-05-24 15:00:00+00:00,14.8,30.71
server_1,2026-05-24 16:00:00+00:00,14.38,30.31
server_1,2026-05-24 17:00:00+00:00,12.94,36.56
server_1,2026-05-24 18:00:00+00:00,5.16,31.12
server_1,2026-05-24 19:00:00+00:00,11.67,23.7
server_1,2026-05-24 20:00:00+00:00,7.54,25.54
server_1,2026-05-24 21:00:00+00:00,6.39,36.04
server_1,2026-05-24 22:00:00+00:00,9.85,32.86
server_1,2026-05-24 23:00:00+00:00,10.21,28.32
server_1,2026-05-25 00:00:00+00:00,10.27,30.71
server_1,2026-05-25 01:00:00+00:00,14.08,32.78
server_1,2026-05-25 02:00:00+00:00,8.64,33.77
server_1,2026-05-25 03:00:00+00:00,10.98,26.21
server_1,2026-05-25 04:00:00+00:00,10.54,28.12
server_1,2026-05-25 05:00:00+00:00,11.88,33.05
server_1,2026-05-25 06:00:00+00:00,12.7,31.84
server_1,2026-05-25 07:00:00+00:00,9.48,33.41
server_1,2026-05-25 08:00:00+00:00,13.81,27.72
server_1,2026-05-25 09:00:00+00:00,12.16,33.48
server_1,2026-05-25 10:00:00+00:00,10.69,35.91
server_1,2026-05-25 11:00:00+00:00,13.53,34.48
server_1,2026-05-25 12:00:00+00:00,20.63,35.58
server_1,2026-05-25 13:00:00+00:00,21.3,34.87
server_1,2026-05-25 14:00:00+00:00,21.59,32.02
server_1,2026-05-25 15:00:00+00:00,20.59,34.72
server_1,2026-05-25 16:00:00+00:00,18.99,39.49
server_1,2026-05-25 17:00:00+00:00,17.79,33.55
server_1,2026-05-25 18:00:00+00:00,9.22,27.47
server_1,2026-05-25 19:00:00+00:00,9.07,29.01
server_1,2026-05-25 20:00:00+00:00,9.27,31.85
server_1,2026-05-25 21:00:00+00:00,12.72,30.76
server_1,2026-05-25 22:00:00+00:00,15.11,35.03
server_1,2026-05-25 23:00:00+00:00,10.92,33.71
server_1,2026-05-26 00:00:00+00:00,5.75,33.37
server_1,2026-05-26 01:00:00+00:00,7.74,36.2
server_1,2026-05-26 02:00:00+00:00,9.92,35.25
server_1,2026-05-26 03:00:00+00:00,10.61,27.78
server_1,2026-05-26 04:00:00+00:00,10.98,28.03
server_1,2026-05-26 05:00:00+00:00,12.1,31.73
server_1,2026-05-26 06:00:00+00:00,11.22,29.92
server_1,2026-05-26 07:00:00+00:00,14.62,28.36
server_1,2026-05-26 08:00:00+00:00,10.31,29.64
server_1,2026-05-26 09:00:00+00:00,9.84,29.35
server_1,2026-05-26 10:00:00+00:00,16.62,30.93
server_1,2026-05-26 11:00:00+00:00,14.59,31.64
server_1,2026-05-26 12:00:00+00:00,21.63,40.09
server_1,2026-05-26 13:00:00+00:00,22.1,36.33
server_1,2026-05-26 14:00:00+00:00,21.48,45.21
server_1,2026-05-26 15:00:00+00:00,24.63,37.1
server_1,2026-05-26 16:00:00+00:00,16.87,32.55
server_1,2026-05-26 17:00:00+00:00,20.57,35.02
server_1,2026-05-26 18:00:00+00:00,11.44,32.83
server_1,2026-05-26 19:00:00+00:00,8.81,32.62
server_1,2026-05-26 20:00:00+00:00,12.17,40.37
server_1,2026-05-26 21:00:00+00:00,9.31,27.68
server_1,2026-05-26 22:00:00+00:00,10.12,34.78
server_1,2026-05-26 23:00:00+00:00,12.99,33.18
server_1,2026-05-27 00:00:00+00:00,13.39,26.2
server_1,2026-05-27 01:00:00+00:00,10.44,34.54
server_1,2026-05-27 02:00:00+00:00,14.47,37.93
server_1,2026-05-27 03:00:00+00:00,14.89,29.58
server_1,2026-05-27 04:00:00+00:00,15.59,33.22
server_1,2026-05-27 05:00:00+00:00,13.32,25.56
server_1,2026-05-27 06:00:00+00:00,15.41,28.16
server_1,2026-05-27 07:00:00+00:00,7.3,34.55
server_1,2026-05-27 08:00:00+00:00,11.21,29.86
server_1,2026-05-27 09:00:00+00:00,9.83,26.81
server_1,2026-05-27 10:00:00+00:00,15.72,34.22
server_1,2026-05-27 11:00:00+00:00,17.0,31.66
server_1,2026-05-27 12:00:00+00:00,20.24,33.0
server_1,2026-05-27 13:00:00+00:00,26.55,40.05
server_1,2026-05-27 14:00:00+00:00,21.42,30.65
server_1,2026-05-27 15:00:00+00:00,21.69,31.77
server_1,2026-05-27 16:00:00+00:00,17.85,34.66
server_1,2026-05-27 17:00:00+00:00,15.61,37.14
server_1,2026-05-27 18:00:00+00:00,12.02,36.96
server_1,2026-05-27 19:00:00+00:00,13.12,29.73
server_1,2026-05-27 20:00:00+00:00,14.91,36.77
server_1,2026-05-27 21:00:00+00:00,16.12,30.3
server_1,2026-05-27 22:00:00+00:00,12.77,39.58
server_1,2026-05-27 23:00:00+00:00,13.47,27.98
server_1,2026-05-28 00:00:00+00:00,9.12,36.31
server_1,2026-05-28 01:00:00+00:00,11.78,29.3
server_1,2026-05-28 02:00:00+00:00,14.35,40.88
server_1,2026-05-28 03:00:00+00:00,14.16,35.12
server_1,2026-05-28 04:00:00+00:00,12.53,28.12
server_1,2026-05-28 05:00:00+00:00,14.22,30.69
server_1,2026-05-28 06:00:00+00:00,13.23,35.55
server_1,2026-05-28 07:00:00+00:00,15.0,37.26
server_1,2026-05-28 08:00:00+00:00,12.72,31.97
server_1,2026-05-28 09:00:00+00:00,11.11,31.87
server_1,2026-05-28 10:00:00+00:00,16.26,36.52
server_1,2026-05-28 11:00:00+00:00,11.1,32.21
server_1,2026-05-28 12:00:00+00:00,21.62,30.19
server_1,2026-05-28 13:00:00+00:00,12.73,29.0
server_1,2026-05-28 14:00:00+00:00,17.54,34.88
server_1,2026-05-28 15:00:00+00:00,21.79,40.29
server_1,2026-05-28 16:00:00+00:00,19.62,41.13
server_1,2026-05-28 17:00:00+00:00,12.51,35.3
server_1,2026-05-28 18:00:00+00:00,10.22,32.53
server_1,2026-05-28 19:00:00+00:00,15.43,36.19
server_1,2026-05-28 20:00:00+00:00,10.79,28.91
server_1,2026-05-28 21:00:00+00:00,17.61,33.35
server_1,2026-05-28 22:00:00+00:00,12.0,28.7
server_1,2026-05-28 23:00:00+00:00,13.02,27.36
server_1,2026-05-29 00:00:00+00:00,16.04,34.75
server_1,2026-05-29 01:00:00+00:00,12.33,32.86
server_1,2026-05-29 02:00:00+00:00,9.49,33.87
server_1,2026-05-29 03:00:00+00:00,11.73,34.09
server_1,2026-05-29 04:00:00+00:00,11.91,32.94
server_1,2026-05-29 05:00:00+00:00,8.59,33.03
server_1,2026-05-29 06:00:00+00:00,11.36,31.61
server_1,2026-05-29 07:00:00+00:00,10.14,33.0
server_1,2026-05-29 08:00:00+00:00,14.31,29.9
server_1,2026-05-29 09:00:00+00:00,12.09,33.51
server_1,2026-05-29 10:00:00+00:00,14.71,35.62
server_1,2026-05-29 11:00:00+00:00,18.16,31.48
server_1,2026-05-29 12:00:00+00:00,21.22,35.43
server_1,2026-05-29 13:00:00+00:00,23.39,33.49
server_1,2026-05-29 14:00:00+00:00,19.35,32.47
server_1,2026-05-29 15:00:00+00:00,18.06,29.62
server_1,2026-05-29 16:00:00+00:00,21.19,40.28
server_1,2026-05-29 17:00:00+00:00,14.39,37.1
server_1,2026-05-29 18:00:00+00:00,8.46,32.91
server_1,2026-05-29 19:00:00+00:00,13.11,40.28
server_1,2026-05-29 20:00:00+00:00,13.16,31.65
server_1,2026-05-29 21:00:00+00:00,8.17,42.79
server_1,2026-05-29 22:00:00+00:00,12.57,31.29
server_1,2026-05-29 23:00:00+00:00,13.84,33.66
server_1,2026-05-30 00:00:00+00:00,10.94,30.04
server_1,2026-05-30 01:00:00+00:00,11.58,33.34
server_1,2026-05-30 02:00:00+00:00,6.49,33.41
server_1,2026-05-30 03:00:00+00:00,10.83,31.13
server_1,2026-05-30 04:00:00+00:00,9.24,38.14
server_1,2026-05-30 05:00:00+00:00,8.79,31.83
server_1,2026-05-30 06:00:00+00:00,12.18,33.14
server_1,2026-05-30 07:00:00+00:00,13.7,28.96
server_1,2026-05-30 08:00:00+00:00,14.49,34.54
server_1,2026-05-30 09:00:00+00:00,13.29,31.91
server_1,2026-05-30 10:00:00+00:00,11.61,29.43
server_1,2026-05-30 11:00:00+00:00,14.42,29.74
server_1,2026-05-30 12:00:00+00:00,16.68,44.33
server_1,2026-05-30 13:00:00+00:00,15.72,32.25
server_1,2026-05-30 14:00:00+00:00,15.74,27.48
server_1,2026-05-30 15:00:00+00:00,16.82,30.89
server_1,2026-05-30 16:00:00+00:00,13.39,32.28
server_1,2026-05-30 17:00:00+00:00,10.06,33.51
server_1,2026-05-30 18:00:00+00:00,8.96,33.16
server_1,2026-05-30 19:00:00+00:00,11.58,34.56
server_1,2026-05-30 20:00:00+00:00,10.01,28.72
server_1,2026-05-30 21:00:00+00:00,10.85,32.96
server_1,2026-05-30 22:00:00+00:00,11.68,28.38
server_1,2026-05-30 23:00:00+00:00,9.06,28.49
server_1,2026-05-31 00:00:00+00:00,11.89,28.29
server_1,2026-05-31 01:00:00+00:00,10.95,26.88
server_1,2026-05-31 02:00:00+00:00,6.91,34.48
server_1,2026-05-31 03:00:00+00:00,13.61,35.32
server_1,2026-05-31 04:00:00+00:00,8.75,34.77
server_1,2026-05-31 05:00:00+00:00,5.86,30.01
server_1,2026-05-31 06:00:00+00:00,7.39,33.49
server_1,2026-05-31 07:00:00+00:00,7.45,23.36
server_1,2026-05-31 08:00:00+00:00,10.13,34.8
server_1,2026-05-31 09:00:00+00:00,9.32,31.77
server_1,2026-05-31 10:00:00+00:00,11.04,34.17
server_1,2026-05-31 11:00:00+00:00,15.08,34.6
server_1,2026-05-31 12:00:00+00:00,15.61,29.32
server_1,2026-05-31 13:00:00+00:00,16.21,27.48
server_1,2026-05-31 14:00:00+00:00,16.44,30.71
server_1,2026-05-31 15:00:00+00:00,16.3,35.77
server_1,2026-05-31 16:00:00+00:00,8.27,33.45
server_1,2026-05-31 17:00:00+00:00,10.97,26.17
server_1,2026-05-31 18:00:00+00:00,4.55,25.47
server_1,2026-05-31 19:00:00+00:00,10.09,28.44
server_1,2026-05-31 20:00:00+00:00,9.99,29.87
server_1,2026-05-31 21:00:00+00:00,12.61,26.77
server_1,2026-05-31 22:00:00+00:00,12.97,26.65
server_1,2026-05-31 23:00:00+00:00,10.51,28.19
server_1,2026-06-01 00:00:00+00:00,10.75,31.91
server_1,2026-06-01 01:00:00+00:00,13.21,27.7
server_1,2026-06-01 02:00:00+00:00,10.68,31.07
server_1,2026-06-01 03:00:00+00:00,12.0,36.23
server_1,2026-06-01 04:00:00+00:00,14.47,27.66
server_1,2026-06-01 05:00:00+00:00,10.61,30.69
server_1,2026-06-01 06:00:00+00:00,14.01,36.8
server_1,2026-06-01 07:00:00+00:00,13.69,30.92
server_1,2026-06-01 08:00:00+00:00,9.61,28.87
server_1,2026-06-01 09:00:00+00:00,14.43,37.51
server_1,2026-06-01 10:00:00+00:00,17.17,32.58
server_1,2026-06-01 11:00:00+00:00,18.68,38.76
server_1,2026-06-01 12:00:00+00:00,18.75,36.08
server_1,2026-06-01 13:00:00+00:00,19.7,33.32
server_1,2026-06-01 14:00:00+00:00,20.5,36.9
server_1,2026-06-01 15:00:00+00:00,22.02,36.79
server_1,2026-06-01 16:00:00+00:00,16.04,37.5
server_1,2026-06-01 17:00:00+00:00,16.51,31.39
server_1,2026-06-01 18:00:00+00:00,8.9,31.08
server_1,2026-06-01 19:00:00+00:00,11.49,31.58
server_1,2026-06-01 20:00:00+00:00,12.27,34.91
server_1,2026-06-01 21:00:00+00:00,18.11,30.04
server_1,2026-06-01 22:00:00+00:00,8.56,34.86
server_1,2026-06-01 23:00:00+00:00,15.68,35.15
server_1,2026-06-02 00:00:00+00:00,12.37,26.86
server_1,2026-06-02 01:00:00+00:00,13.03,37.19
server_1,2026-06-02 02:00:00+00:00,12.3,41.04
server_1,2026-06-02 03:00:00+00:00,13.11,36.4
server_1,2026-06-02 04:00:00+00:00,11.62,37.57
server_1,2026-06-02 05:00:00+00:00,15.64,33.61
server_1,2026-06-02 06:00:00+00:00,10.86,24.95
server_1,2026-06-02 07:00:00+00:00,14.83,25.61
server_1,2026-06-02 08:00:00+00:00,10.39,32.46
server_1,2026-06-02 09:00:00+00:00,11.85,29.58
server_1,2026-06-02 10:00:00+00:00,12.74,28.6
server_1,2026-06-02 11:00:00+00:00,19.57,34.4
server_1,2026-06-02 12:00:00+00:00,24.27,38.76
server_1,2026-06-02 13:00:00+00:00,21.65,29.57
server_1,2026-06-02 14:00:00+00:00,21.36,33.48
server_1,2026-06-02 15:00:00+00:00,17.87,40.1
server_1,2026-06-02 16:00:00+00:00,17.85,29.75
server_1,2026-06-02 17:00:00+00:00,11.44,35.28
server_1,2026-06-02 18:00:00+00:00,9.72,29.26
server_1,2026-06-02 19:00:00+00:00,12.57,34.38
server_1,2026-06-02 20:00:00+00:00,15.3,37.54
server_1,2026-06-02 21:00:00+00:00,19.02,37.42
server_1,2026-06-02 22:00:00+00:00,10.53,35.12
server_1,2026-06-02 23:00:00+00:00,15.59,28.65
server_1,2026-06-03 00:00:00+00:00,12.61,36.67
server_1,2026-06-03 01:00:00+00:00,11.62,28.46
server_1,2026-06-03 02:00:00+00:00,13.08,33.42
server_1,2026-06-03 03:00:00+00:00,12.15,33.09
server_1,2026-06-03 04:00:00+00:00,12.28,34.04
server_1,2026-06-03 05:00:00+00:00,10.98,32.99
server_1,2026-06-03 06:00:00+00:00,8.5,27.4
server_1,2026-06-03 07:00:00+00:00,8.14,25.25
server_1,2026-06-03 08:00:00+00:00,13.63,36.06
server_1,2026-06-03 09:00:00+00:00,11.31,32.5
server_1,2026-06-03 10:00:00+00:00,13.93,37.27
server_1,2026-06-03 11:00:00+00:00,18.45,34.08
server_1,2026-06-03 12:00:00+00:00,22.65,30.11
server_1,2026-06-03 13:00:00+00:00,22.3,39.47
server_1,2026-06-03 14:00:00+00:00,20.21,33.39
server_1,2026-06-03 15:00:00+00:00,23.73,37.47
server_1,2026-06-03 16:00:00+00:00,22.38,33.04
server_1,2026-06-03 17:00:00+00:00,16.66,40.21
server_1,2026-06-03 18:00:00+00:00,14.43,29.35
server_1,2026-06-03 19:00:00+00:00,15.1,31.74
server_1,2026-06-03 20:00:00+00:00,14.83,33.42
server_1,2026-06-03 21:00:00+00:00,13.54,28.17
server_1,2026-06-03 22:00:00+00:00,13.5,33.85
server_1,2026-06-03 23:00:00+00:00,13.3,38.9
server_1,2026-06-04 00:00:00+00:00,9.26,29.08
server_1,2026-06-04 01:00:00+00:00,13.75,34.19
server_1,2026-06-04 02:00:00+00:00,8.61,19.82
server_1,2026-06-04 03:00:00+00:00,10.01,31.15
server_1,2026-06-04 04:00:00+00:00,15.26,31.89
server_1,2026-06-04 05:00:00+00:00,14.1,29.46
server_1,2026-06-04 06:00:00+00:00,15.72,37.63
server_1,2026-06-04 07:00:00+00:00,11.32,30.46
server_1,2026-06-04 08:00:00+00:00,9.12,30.28
server_1,2026-06-04 09:00:00+00:00,11.4,30.28
server_1,2026-06-04 10:00:00+00:00,15.68,25.62
server_1,2026-06-04 11:00:00+00:00,18.63,29.79
server_1,2026-06-04 12:00:00+00:00,23.49,39.87
server_1,2026-06-04 13:00:00+00:00,20.94,26.69
server_1,2026-06-04 14:00:00+00:00,22.73,32.69
server_1,2026-06-04 15:00:00+00:00,18.19,32.57
server_1,2026-06-04 16:00:00+00:00,19.55,41.62
server_1,2026-06-04 17:00:00+00:00,15.43,36.27
server_1,2026-06-04 18:00:00+00:00,10.13,29.12
server_1,2026-06-04 19:00:00+00:00,11.41,37.01
server_1,2026-06-04 20:00:00+00:00,11.54,28.88
server_1,2026-06-04 21:00:00+00:00,11.32,35.8
server_1,2026-06-04 22:00:00+00:00,16.43,28.11
server_1,2026-06-04 23:00:00+00:00,11.75,36.21
server_1,2026-06-05 00:00:00+00:00,11.39,30.16
server_1,2026-06-05 01:00:00+00:00,6.76,26.05
server_1,2026-06-05 02:00:00+00:00,9.76,30.35
server_1,2026-06-05 03:00:00+00:00,11.34,32.88
server_1,2026-06-05 04:00:00+00:00,10.29,29.42
server_1,2026-06-05 05:00:00+00:00,15.45,35.42
server_1,2026-06-05 06:00:00+00:00,11.59,29.52
server_1,2026-06-05 07:00:00+00:00,15.22,35.61
server_1,2026-06-05 08:00:00+00:00,12.15,33.82
server_1,2026-06-05 09:00:00+00:00,12.09,31.79
server_1,2026-06-05 10:00:00+00:00,15.2,31.35
server_1,2026-06-05 11:00:00+00:00,18.44,34.86
server_1,2026-06-05 12:00:00+00:00,24.96,38.74
server_1,2026-06-05 13:00:00+00:00,16.05,41.66
server_1,2026-06-05 14:00:00+00:00,16.84,37.45
server_1,2026-06-05 15:00:00+00:00,19.3,38.46
server_1,2026-06-05 16:00:00+00:00,18.46,46.62
server_1,2026-06-05 17:00:00+00:00,17.15,35.86
server_1,2026-06-05 18:00:00+00:00,13.18,34.35
server_1,2026-06-05 19:00:00+00:00,11.04,34.48
server_1,2026-06-05 20:00:00+00:00,14.55,28.86
server_1,2026-06-05 21:00:00+00:00,14.58,31.13
server_1,2026-06-05 22:00:00+00:00,12.46,30.14
server_1,2026-06-05 23:00:00+00:00,14.41,35.43
server_1,2026-06-06 00:00:00+00:00,10.68,30.84
server_1,2026-06-06 01:00:00+00:00,8.6,31.36
server_1,2026-06-06 02:00:00+00:00,11.74,36.26
server_1,2026-06-06 03:00:00+00:00,10.28,34.85
server_1,2026-06-06 04:00:00+00:00,10.0,30.65
server_1,2026-06-06 05:00:00+00:00,13.68,29.91
server_1,2026-06-06 06:00:00+00:00,3.87,33.7
server_1,2026-06-06 07:00:00+00:00,6.46,33.16
server_1,2026-06-06 08:00:00+00:00,7.03,23.84
server_1,2026-06-06 09:00:00+00:00,9.09,29.73
server_1,2026-06-06 10:00:00+00:00,11.24,32.4
server_1,2026-06-06 11:00:00+00:00,9.77,34.33
server_1,2026-06-06 12:00:00+00:00,12.3,35.75
server_1,2026-06-06 13:00:00+00:00,13.26,33.58
server_1,2026-06-06 14:00:00+00:00,21.56,37.69
server_1,2026-06-06 15:00:00+00:00,19.27,34.8
server_1,2026-06-06 16:00:00+00:00,12.51,29.48
server_1,2026-06-06 17:00:00+00:00,10.97,30.6
server_1,2026-06-06 18:00:00+00:00,7.13,30.37
server_1,2026-06-06 19:00:00+00:00,5.23,29.49
server_1,2026-06-06 20:00:00+00:00,9.71,23.66
server_1,2026-06-06 21:00:00+00:00,7.51,28.84
server_1,2026-06-06 22:00:00+00:00,9.79,31.45
server_1,2026-06-06 23:00:00+00:00,6.0,28.77
server_1,2026-06-07 00:00:00+00:00,8.1,29.65
server_1,2026-06-07 01:00:00+00:00,10.37,33.38
server_1,2026-06-07 02:00:00+00:00,10.92,27.3
server_1,2026-06-07 03:00:00+00:00,11.04,25.15
server_1,2026-06-07 04:00:00+00:00,6.7,28.75
server_1,2026-06-07 05:00:00+00:00,12.14,35.1
server_1,2026-06-07 06:00:00+00:00,8.0,37.35
server_1,2026-06-07 07:00:00+00:00,11.58,34.98
server_1,2026-06-07 08:00:00+00:00,9.97,25.42
server_1,2026-06-07 09:00:00+00:00,6.56,29.17
server_1,2026-06-07 10:00:00+00:00,11.09,32.71
server_1,2026-06-07 11:00:00+00:00,14.45,33.57
server_1,2026-06-07 12:00:00+00:00,16.3,35.66
server_1,2026-06-07 13:00:00+00:00,15.06,29.4
server_1,2026-06-07 14:00:00+00:00,19.25,34.8
server_1,2026-06-07 15:00:00+00:00,17.28,35.53
server_1,2026-06-07 16:00:00+00:00,12.89,35.62
server_1,2026-06-07 17:00:00+00:00,13.76,29.39
server_1,2026-06-07 18:00:00+00:00,14.83,31.61
server_1,2026-06-07 19:00:00+00:00,14.9,22.2
server_1,2026-06-07 20:00:00+00:00,6.93,27.74
server_1,2026-06-07 21:00:00+00:00,7.68,28.39
server_1,2026-06-07 22:00:00+00:00,13.71,28.52
server_1,2026-06-07 23:00:00+00:00,7.35,31.04
server_1,2026-06-08 00:00:00+00:00,8.69,30.62
server_1,2026-06-08 01:00:00+00:00,10.78,22.54
server_1,2026-06-08 02:00:00+00:00,13.05,33.23
server_1,2026-06-08 03:00:00+00:00,11.74,28.2
server_1,2026-06-08 04:00:00+00:00,10.37,33.37
server_1,2026-06-08 05:00:00+00:00,10.31,26.28
server_1,2026-06-08 06:00:00+00:00,10.22,31.5
server_1,2026-06-08 07:00:00+00:00,9.8,30.1
server_1,2026-06-08 08:00:00+00:00,17.7,35.21
server_1,2026-06-08 09:00:00+00:00,12.74,32.76
server_1,2026-06-08 10:00:00+00:00,17.64,32.95
server_1,2026-06-08 11:00:00+00:00,17.21,27.68
server_1,2026-06-08 12:00:00+00:00,20.2,28.96
server_1,2026-06-08 13:00:00+00:00,20.06,32.49
server_1,2026-06-08 14:00:00+00:00,15.22,33.09
server_1,2026-06-08 15:00:00+00:00,17.22,31.39
server_1,2026-06-08 16:00:00+00:00,13.9,35.17
server_1,2026-06-08 17:00:00+00:00,9.8,30.11
server_1,2026-06-08 18:00:00+00:00,9.01,27.09
server_1,2026-06-08 19:00:00+00:00,15.31,32.05
server_1,2026-06-08 20:00:00+00:00,11.89,32.86
server_1,2026-06-08 21:00:00+00:00,15.23,34.43
server_1,2026-06-08 22:00:00+00:00,13.03,39.87
server_1,2026-06-08 23:00:00+00:00,13.96,30.01
server_1,2026-06-09 00:00:00+00:00,9.75,30.92
server_1,2026-06-09 01:00:00+00:00,13.31,34.16
server_1,2026-06-09 02:00:00+00:00,13.82,32.54
server_1,2026-06-09 03:00:00+00:00,10.56,29.49
server_1,2026-06-09 04:00:00+00:00,13.4,26.29
server_1,2026-06-09 05:00:00+00:00,13.42,30.45
server_1,2026-06-09 06:00:00+00:00,10.63,27.22
server_1,2026-06-09 07:00:00+00:00,9.19,24.11
server_1,2026-06-09 08:00:00+00:00,9.04,27.78
server_1,2026-06-09 09:00:00+00:00,12.22,27.89
server_1,2026-06-09 10:00:00+00:00,16.24,35.82
server_1,2026-06-09 11:00:00+00:00,16.45,35.96
server_1,2026-06-09 12:00:00+00:00,20.73,31.44
server_1,2026-06-09 13:00:00+00:00,23.27,34.91
server_1,2026-06-09 14:00:00+00:00,23.39,28.55
server_1,2026-06-09 15:00:00+00:00,24.54,34.41
server_1,2026-06-09 16:00:00+00:00,21.62,36.96
server_1,2026-06-09 17:00:00+00:00,12.92,35.62
server_1,2026-06-09 18:00:00+00:00,16.21,30.62
server_1,2026-06-09 19:00:00+00:00,10.67,35.74
server_1,2026-06-09 20:00:00+00:00,14.61,26.85
server_1,2026-06-09 21:00:00+00:00,12.17,27.07
server_1,2026-06-09 22:00:00+00:00,10.97,34.48
server_1,2026-06-09 23:00:00+00:00,7.48,37.1
server_1,2026-06-10 00:00:00+00:00,11.57,33.82
server_1,2026-06-10 01:00:00+00:00,8.1,30.47
server_1,2026-06-10 02:00:00+00:00,14.42,24.07
server_1,2026-06-10 03:00:00+00:00,15.79,25.24
server_1,2026-06-10 04:00:00+00:00,10.01,31.82
server_1,2026-06-10 05:00:00+00:00,12.75,30.83
server_1,2026-06-10 06:00:00+00:00,10.19,26.94
server_1,2026-06-10 07:00:00+00:00,10.43,31.71
server_1,2026-06-10 08:00:00+00:00,13.94,33.14
server_1,2026-06-10 09:00:00+00:00,11.9,35.74
server_1,2026-06-10 10:00:00+00:00,19.77,35.27
server_1,2026-06-10 11:00:00+00:00,17.22,38.74
server_1,2026-06-10 12:00:00+00:00,23.16,35.94
server_1,2026-06-10 13:00:00+00:00,22.09,35.07
server_1,2026-06-10 14:00:00+00:00,23.84,40.4
server_1,2026-06-10 15:00:00+00:00,19.54,30.73
server_1,2026-06-10 16:00:00+00:00,18.3,45.46
server_1,2026-06-10 17:00:00+00:00,15.13,34.6
server_1,2026-06-10 18:00:00+00:00,9.91,32.79
server_1,2026-06-10 19:00:00+00:00,13.66,34.68
server_1,2026-06-10 20:00:00+00:00,13.63,40.08
server_1,2026-06-10 21:00:00+00:00,13.48,35.69
server_1,2026-06-10 22:00:00+00:00,15.84,26.92
server_1,2026-06-10 23:00:00+00:00,15.62,38.88
server_1,2026-06-11 00:00:00+00:00,11.06,30.31
server_1,2026-06-11 01:00:00+00:00,12.93,32.76
server_1,2026-06-11 02:00:00+00:00,10.44,26.34
server_1,2026-06-11 03:00:00+00:00,12.06,34.13
server_1,2026-06-11 04:00:00+00:00,10.5,28.87
server_1,2026-06-11 05:00:00+00:00,16.05,33.82
server_1,2026-06-11 06:00:00+00:00,12.91,31.18
server_1,2026-06-11 07:00:00+00:00,11.45,39.51
server_1,2026-06-11 08:00:00+00:00,14.98,40.97
server_1,2026-06-11 09:00:00+00:00,6.57,30.29
server_1,2026-06-11 10:00:00+00:00,10.38,31.69
server_1,2026-06-11 11:00:00+00:00,20.42,33.45
server_1,2026-06-11 12:00:00+00:00,20.81,39.51
server_1,2026-06-11 13:00:00+00:00,22.47,34.35
server_1,2026-06-11 14:00:00+00:00,18.53,32.6
server_1,2026-06-11 15:00:00+00:00,20.6,38.93
server_1,2026-06-11 16:00:00+00:00,23.44,33.85
server_1,2026-06-11 17:00:00+00:00,17.48,33.77
server_1,2026-06-11 18:00:00+00:00,12.42,25.82
server_1,2026-06-11 19:00:00+00:00,10.9,34.43
server_1,2026-06-11 20:00:00+00:00,11.01,39.42
server_1,2026-06-11 21:00:00+00:00,6.68,33.02
server_1,2026-06-11 22:00:00+00:00,12.64,38.07
server_1,2026-06-11 23:00:00+00:00,14.11,29.36
server_1,2026-06-12 00:00:00+00:00,8.06,31.57
server_1,2026-06-12 01:00:00+00:00,10.35,27.65
server_1,2026-06-12 02:00:00+00:00,9.11,30.08
server_1,2026-06-12 03:00:00+00:00,9.59,34.24
server_1,2026-06-12 04:00:00+00:00,12.13,32.45
server_1,2026-06-12 05:00:00+00:00,6.79,24.53
server_1,2026-06-12 06:00:00+00:00,13.54,27.28
server_1,2026-06-12 07:00:00+00:00,13.88,27.13
server_1,2026-06-12 08:00:00+00:00,11.37,33.75
server_1,2026-06-12 09:00:00+00:00,5.8,38.08
server_1,2026-06-12 10:00:00+00:00,12.93,37.78
server_1,2026-06-12 11:00:00+00:00,21.51,27.74
server_1,2026-06-12 12:00:00+00:00,13.72,38.28
server_1,2026-06-12 13:00:00+00:00,20.98,38.89
server_1,2026-06-12 14:00:00+00:00,18.9,28.23
server_1,2026-06-12 15:00:00+00:00,22.67,34.52
server_1,2026-06-12 16:00:00+00:00,16.74,38.04
server_1,2026-06-12 17:00:00+00:00,16.43,35.75
server_1,2026-06-12 18:00:00+00:00,13.41,27.26
server_1,2026-06-12 19:00:00+00:00,16.59,36.05
server_1,2026-06-12 20:00:00+00:00,11.49,23.27
server_1,2026-06-12 21:00:00+00:00,12.94,31.44
server_1,2026-06-12 22:00:00+00:00,8.29,35.25
server_1,2026-06-12 23:00:00+00:00,14.98,33.12
server_1,2026-06-13 00:00:00+00:00,8.1,28.64
server_1,2026-06-13 01:00:00+00:00,8.6,34.37
server_1,2026-06-13 02:00:00+00:00,9.94,35.18
server_1,2026-06-13 03:00:00+00:00,6.09,35.17
server_1,2026-06-13 04:00:00+00:00,10.57,35.0
server_1,2026-06-13 05:00:00+00:00,12.42,36.47
server_1,2026-06-13 06:00:00+00:00,10.73,34.49
server_1,2026-06-13 07:00:00+00:00,6.03,30.97
server_1,2026-06-13 08:00:00+00:00,9.69,31.55
server_1,2026-06-13 09:00:00+00:00,11.86,31.0
server_1,2026-06-13 10:00:00+00:00,7.19,25.47
server_1,2026-06-13 11:00:00+00:00,10.85,27.78
server_1,2026-06-13 12:00:00+00:00,16.95,32.61
server_1,2026-06-13 13:00:00+00:00,16.09,34.4
server_1,2026-06-13 14:00:00+00:00,16.45,39.32
server_1,2026-06-13 15:00:00+00:00,19.41,34.43
server_1,2026-06-13 16:00:00+00:00,14.71,36.96
server_1,2026-06-13 17:00:00+00:00,13.53,36.85
server_1,2026-06-13 18:00:00+00:00,16.78,32.75
server_1,2026-06-13 19:00:00+00:00,9.47,33.49
server_1,2026-06-13 20:00:00+00:00,8.01,29.63
server_1,2026-06-13 21:00:00+00:00,11.07,36.96
server_1,2026-06-13 22:00:00+00:00,11.1,34.23
server_1,2026-06-13 23:00:00+00:00,8.68,26.08
server_1,2026-06-14 00:00:00+00:00,7.42,31.04
server_1,2026-06-14 01:00:00+00:00,15.77,39.91
server_1,2026-06-14 02:00:00+00:00,10.82,30.86
server_1,2026-06-14 03:00:00+00:00,8.17,32.45
server_1,2026-06-14 04:00:00+00:00,12.29,34.28
server_1,2026-06-14 05:00:00+00:00,9.73,27.06
server_1,2026-06-14 06:00:00+00:00,9.37,33.12
server_1,2026-06-14 07:00:00+00:00,11.41,26.22
server_1,2026-06-14 08:00:00+00:00,6.77,27.67
server_1,2026-06-14 09:00:00+00:00,10.88,35.91
server_1,2026-06-14 10:00:00+00:00,16.66,35.06
server_1,2026-06-14 11:00:00+00:00,14.7,31.73
server_1,2026-06-14 12:00:00+00:00,13.82,34.42
server_1,2026-06-14 13:00:00+00:00,14.15,32.51
server_1,2026-06-14 14:00:00+00:00,14.39,32.89
server_1,2026-06-14 15:00:00+00:00,14.13,35.37
server_1,2026-06-14 16:00:00+00:00,12.59,29.3
server_1,2026-06-14 17:00:00+00:00,14.17,32.92
server_1,2026-06-14 18:00:00+00:00,5.67,28.53
server_1,2026-06-14 19:00:00+00:00,12.16,25.71
server_1,2026-06-14 20:00:00+00:00,9.05,27.29
server_1,2026-06-14 21:00:00+00:00,10.94,37.9
server_1,2026-06-14 22:00:00+00:00,7.18,31.85
server_1,2026-06-14 23:00:00+00:00,13.32,27.17
server_1,2026-06-15 00:00:00+00:00,15.11,26.93
server_1,2026-06-15 01:00:00+00:00,14.4,32.39
server_1,2026-06-15 02:00:00+00:00,8.21,36.92
server_1,2026-06-15 03:00:00+00:00,14.07,31.98
server_1,2026-06-15 04:00:00+00:00,13.01,37.58
server_1,2026-06-15 05:00:00+00:00,7.99,32.0
server_1,2026-06-15 06:00:00+00:00,11.94,33.86
server_1,2026-06-15 07:00:00+00:00,12.91,26.98
server_1,2026-06-15 08:00:00+00:00,13.39,36.24
server_1,2026-06-15 09:00:00+00:00,12.44,30.82
server_1,2026-06-15 10:00:00+00:00,16.15,36.9
server_1,2026-06-15 11:00:00+00:00,22.11,32.28
server_1,2026-06-15 12:00:00+00:00,23.73,36.81
server_1,2026-06-15 13:00:00+00:00,14.68,34.35
server_1,2026-06-15 14:00:00+00:00,21.05,34.55
server_1,2026-06-15 15:00:00+00:00,20.25,36.51
server_1,2026-06-15 16:00:00+00:00,14.05,31.65
server_1,2026-06-15 17:00:00+00:00,15.66,30.68
server_1,2026-06-15 18:00:00+00:00,15.12,39.51
server_1,2026-06-15 19:00:00+00:00,9.28,35.25
server_1,2026-06-15 20:00:00+00:00,12.84,29.25
server_1,2026-06-15 21:00:00+00:00,9.71,33.47
server_1,2026-06-15 22:00:00+00:00,10.32,28.44
server_1,2026-06-15 23:00:00+00:00,15.69,28.55
server_1,2026-06-16 00:00:00+00:00,10.64,35.66
server_1,2026-06-16 01:00:00+00:00,13.16,25.59
server_1,2026-06-16 02:00:00+00:00,7.32,34.07
server_1,2026-06-16 03:00:00+00:00,16.66,32.62
server_1,2026-06-16 04:00:00+00:00,13.51,31.68
server_1,2026-06-16 05:00:00+00:00,11.54,33.48
server_1,2026-06-16 06:00:00+00:00,13.44,34.83
server_1,2026-06-16 07:00:00+00:00,8.48,27.46
server_1,2026-06-16 08:00:00+00:00,14.96,35.91
server_1,2026-06-16 09:00:00+00:00,11.19,32.17
server_1,2026-06-16 10:00:00+00:00,14.91,27.99
server_1,2026-06-16 11:00:00+00:00,17.2,33.14
server_1,2026-06-16 12:00:00+00:00,19.21,40.05
server_1,2026-06-16 13:00:00+00:00,23.58,42.76
server_1,2026-06-16 14:00:00+00:00,22.49,38.54
server_1,2026-06-16 15:00:00+00:00,22.29,30.84
server_1,2026-06-16 16:00:00+00:00,18.41,36.2
server_1,2026-06-16 17:00:00+00:00,16.7,37.05
server_1,2026-06-16 18:00:00+00:00,10.95,34.54
server_1,2026-06-16 19:00:00+00:00,17.57,37.09
server_1,2026-06-16 20:00:00+00:00,8.08,32.08
server_1,2026-06-16 21:00:00+00:00,15.15,32.81
server_1,2026-06-16 22:00:00+00:00,15.42,30.76
server_1,2026-06-16 23:00:00+00:00,9.87,23.66
server_1,2026-06-17 00:00:00+00:00,17.57,35.31
server_1,2026-06-17 01:00:00+00:00,14.49,33.62
server_1,2026-06-17 02:00:00+00:00,14.43,35.08
server_1,2026-06-17 03:00:00+00:00,12.07,26.67
server_1,2026-06-17 04:00:00+00:00,11.46,34.39
server_1,2026-06-17 05:00:00+00:00,11.48,40.03
server_1,2026-06-17 06:00:00+00:00,12.98,32.66
server_1,2026-06-17 07:00:00+00:00,15.5,32.98
server_1,2026-06-17 08:00:00+00:00,12.45,33.39
server_1,2026-06-17 09:00:00+00:00,9.72,39.33
server_1,2026-06-17 10:00:00+00:00,17.48,29.82
server_1,2026-06-17 11:00:00+00:00,20.73,35.87
server_1,2026-06-17 12:00:00+00:00,22.3,32.41
server_1,2026-06-17 13:00:00+00:00,23.71,33.91
server_1,2026-06-17 14:00:00+00:00,21.17,35.01
server_1,2026-06-17 15:00:00+00:00,18.34,39.61
server_1,2026-06-17 16:00:00+00:00,16.26,40.69
server_1,2026-06-17 17:00:00+00:00,11.33,33.56
server_1,2026-06-17 18:00:00+00:00,12.59,30.7
server_1,2026-06-17 19:00:00+00:00,11.79,41.9
server_1,2026-06-17 20:00:00+00:00,10.9,29.9
server_1,2026-06-17 21:00:00+00:00,4.61,27.13
server_1,2026-06-17 22:00:00+00:00,8.88,23.81
server_1,2026-06-17 23:00:00+00:00,14.8,38.57
server_1,2026-06-18 00:00:00+00:00,10.34,35.29
server_1,2026-06-18 01:00:00+00:00,12.9,41.99
server_1,2026-06-18 02:00:00+00:00,8.52,25.23
server_1,2026-06-18 03:00:00+00:00,15.6,39.09
server_1,2026-06-18 04:00:00+00:00,11.64,32.15
server_1,2026-06-18 05:00:00+00:00,12.73,35.48
server_1,2026-06-18 06:00:00+00:00,17.81,27.44
server_1,2026-06-18 07:00:00+00:00,15.79,39.2
server_1,2026-06-18 08:00:00+00:00,11.23,34.88
server_1,2026-06-18 09:00:00+00:00,10.52,31.33
server_1,2026-06-18 10:00:00+00:00,14.61,35.49
server_1,2026-06-18 11:00:00+00:00,19.7,31.63
server_1,2026-06-18 12:00:00+00:00,20.4,32.62
server_1,2026-06-18 13:00:00+00:00,20.86,33.25
server_1,2026-06-18 14:00:00+00:00,25.52,29.32
server_1,2026-06-18 15:00:00+00:00,20.37,38.38
server_1,2026-06-18 16:00:00+00:00,24.18,41.03
server_1,2026-06-18 17:00:00+00:00,15.65,30.47
server_1,2026-06-18 18:00:00+00:00,16.46,34.95
server_1,2026-06-18 19:00:00+00:00,12.89,31.25
server_1,2026-06-18 20:00:00+00:00,14.41,34.16
server_1,2026-06-18 21:00:00+00:00,10.19,28.86
server_1,2026-06-18 22:00:00+00:00,9.87,27.72
server_1,2026-06-18 23:00:00+00:00,13.15,36.61
server_1,2026-06-19 00:00:00+00:00,14.47,32.61
server_1,2026-06-19 01:00:00+00:00,12.1,40.12
server_1,2026-06-19 02:00:00+00:00,8.78,31.06
server_1,2026-06-19 03:00:00+00:00,8.6,27.11
server_1,2026-06-19 04:00:00+00:00,8.43,35.66
server_1,2026-06-19 05:00:00+00:00,7.58,32.98
server_1,2026-06-19 06:00:00+00:00,12.27,35.0
server_1,2026-06-19 07:00:00+00:00,14.81,37.75
server_1,2026-06-19 08:00:00+00:00,11.97,29.38
server_1,2026-06-19 09:00:00+00:00,6.35,29.51
server_1,2026-06-19 10:00:00+00:00,14.94,32.34
server_1,2026-06-19 11:00:00+00:00,18.02,28.94
server_1,2026-06-19 12:00:00+00:00,25.9,35.81
server_1,2026-06-19 13:00:00+00:00,18.21,39.52
server_1,2026-06-19 14:00:00+00:00,20.87,36.05
server_1,2026-06-19 15:00:00+00:00,24.92,31.14
server_1,2026-06-19 16:00:00+00:00,19.55,28.42
server_1,2026-06-19 17:00:00+00:00,16.83,40.35
server_1,2026-06-19 18:00:00+00:00,12.29,31.74
server_1,2026-06-19 19:00:00+00:00,12.82,29.7
server_1,2026-06-19 20:00:00+00:00,13.94,31.58
server_1,2026-06-19 21:00:00+00:00,9.98,25.38
server_1,2026-06-19 22:00:00+00:00,14.2,38.46
server_1,2026-06-19 23:00:00+00:00,8.57,29.23
server_1,2026-06-20 00:00:00+00:00,10.82,37.06
server_1,2026-06-20 01:00:00+00:00,10.45,31.66
server_1,2026-06-20 02:00:00+00:00,8.46,36.48
server_1,2026-06-20 03:00:00+00:00,9.94,32.31
server_1,2026-06-20 04:00:00+00:00,8.44,34.17
server_1,2026-06-20 05:00:00+00:00,7.32,33.24
server_1,2026-06-20 06:00:00+00:00,9.12,33.48
server_1,2026-06-20 07:00:00+00:00,7.24,31.73
server_1,2026-06-20 08:00:00+00:00,10.81,30.65
server_1,2026-06-20 09:00:00+00:00,7.12,37.96
server_1,2026-06-20 10:00:00+00:00,13.66,28.95
server_1,2026-06-20 11:00:00+00:00,10.58,31.52
server_1,2026-06-20 12:00:00+00:00,13.35,32.53
server_1,2026-06-20 13:00:00+00:00,13.85,34.26
server_1,2026-06-20 14:00:00+00:00,18.73,32.64
server_1,2026-06-20 15:00:00+00:00,15.59,34.52
server_1,2026-06-20 16:00:00+00:00,13.01,31.68
server_1,2026-06-20 17:00:00+00:00,13.13,26.07
server_1,2026-06-20 18:00:00+00:00,4.73,29.49
server_1,2026-06-20 19:00:00+00:00,9.89,26.86
server_1,2026-06-20 20:00:00+00:00,14.99,26.11
server_1,2026-06-20 21:00:00+00:00,10.33,31.96
server_1,2026-06-20 22:00:00+00:00,10.17,33.31
server_1,2026-06-20 23:00:00+00:00,11.37,33.89
server_1,2026-06-21 00:00:00+00:00,12.24,34.35
server_1,2026-06-21 01:00:00+00:00,5.01,21.82
server_1,2026-06-21 02:00:00+00:00,5.79,24.38
server_1,2026-06-21 03:00:00+00:00,10.53,39.38
server_1,2026-06-21 04:00:00+00:00,8.21,26.49
server_1,2026-06-21 05:00:00+00:00,13.28,34.89
server_1,2026-06-21 06:00:00+00:00,9.21,28.28
server_1,2026-06-21 07:00:00+00:00,5.16,29.93
server_1,2026-06-21 08:00:00+00:00,6.83,27.66
server_1,2026-06-21 09:00:00+00:00,3.13,31.14
server_1,2026-06-21 10:00:00+00:00,11.3,32.3
server_1,2026-06-21 11:00:00+00:00,13.06,30.58
server_1,2026-06-21 12:00:00+00:00,13.7,28.4
server_1,2026-06-21 13:00:00+00:00,18.11,35.21
server_1,2026-06-21 14:00:00+00:00,18.41,29.39
server_1,2026-06-21 15:00:00+00:00,14.34,34.53
server_1,2026-06-21 16:00:00+00:00,8.2,41.18
server_1,2026-06-21 17:00:00+00:00,13.42,37.9
server_1,2026-06-21 18:00:00+00:00,11.39,34.66
server_1,2026-06-21 19:00:00+00:00,10.77,31.23
server_1,2026-06-21 20:00:00+00:00,12.45,24.4
server_1,2026-06-21 21:00:00+00:00,7.09,24.99
server_1,2026-06-21 22:00:00+00:00,15.02,38.19
server_1,2026-06-21 23:00:00+00:00,7.6,27.3
server_1,2026-06-22 00:00:00+00:00,13.87,29.86
server_1,2026-06-22 01:00:00+00:00,7.78,29.86
server_1,2026-06-22 02:00:00+00:00,9.67,26.94
server_1,2026-06-22 03:00:00+00:00,15.79,28.42
server_1,2026-06-22 04:00:00+00:00,11.35,31.57
server_1,2026-06-22 05:00:00+00:00,14.1,29.17
server_1,2026-06-22 06:00:00+00:00,12.59,29.24
server_1,2026-06-22 07:00:00+00:00,11.74,28.78
server_1,2026-06-22 08:00:00+00:00,15.41,35.28
server_1,2026-06-22 09:00:00+00:00,11.41,30.86
server_1,2026-06-22 10:00:00+00:00,10.97,30.92
server_1,2026-06-22 11:00:00+00:00,16.42,35.93
server_1,2026-06-22 12:00:00+00:00,22.04,34.95
server_1,2026-06-22 13:00:00+00:00,22.84,34.68
server_1,2026-06-22 14:00:00+00:00,17.93,35.96
server_1,2026-06-22 15:00:00+00:00,18.85,37.07
server_1,2026-06-22 16:00:00+00:00,16.97,33.15
server_1,2026-06-22 17:00:00+00:00,14.51,33.2
server_1,2026-06-22 18:00:00+00:00,8.56,27.67
server_1,2026-06-22 19:00:00+00:00,10.43,28.01
server_1,2026-06-22 20:00:00+00:00,10.18,34.44
server_1,2026-06-22 21:00:00+00:00,13.93,34.45
server_1,2026-06-22 22:00:00+00:00,14.02,34.53
server_1,2026-06-22 23:00:00+00:00,11.64,33.0
server_1,2026-06-23 00:00:00+00:00,11.02,31.84
server_1,2026-06-23 01:00:00+00:00,12.35,34.91
server_1,2026-06-23 02:00:00+00:00,9.96,35.03
server_1,2026-06-23 03:00:00+00:00,9.13,34.64
server_1,2026-06-23 04:00:00+00:00,9.65,30.77
server_1,2026-06-23 05:00:00+00:00,10.41,36.99
server_1,2026-06-23 06:00:00+00:00,9.09,31.9
server_1,2026-06-23 07:00:00+00:00,12.41,34.67
server_1,2026-06-23 08:00:00+00:00,13.82,33.77
server_1,2026-06-23 09:00:00+00:00,8.03,31.6
server_1,2026-06-23 10:00:00+00:00,15.48,30.28
server_1,2026-06-23 11:00:00+00:00,17.88,36.86
server_1,2026-06-23 12:00:00+00:00,21.51,46.71
server_1,2026-06-23 13:00:00+00:00,21.82,33.94
server_1,2026-06-23 14:00:00+00:00,18.21,34.46
server_1,2026-06-23 15:00:00+00:00,17.5,32.14
server_1,2026-06-23 16:00:00+00:00,18.5,32.32
server_1,2026-06-23 17:00:00+00:00,17.99,40.28
server_1,2026-06-23 18:00:00+00:00,6.46,27.37
server_1,2026-06-23 19:00:00+00:00,12.86,30.41
server_1,2026-06-23 20:00:00+00:00,14.97,26.69
server_1,2026-06-23 21:00:00+00:00,11.62,28.84
server_1,2026-06-23 22:00:00+00:00,13.38,25.65
server_1,2026-06-23 23:00:00+00:00,10.24,33.91
server_1,2026-06-24 00:00:00+00:00,11.7,43.09
server_1,2026-06-24 01:00:00+00:00,7.95,29.11
server_1,2026-06-24 02:00:00+00:00,6.14,23.28
server_1,2026-06-24 03:00:00+00:00,14.36,36.42
server_1,2026-06-24 04:00:00+00:00,9.54,28.23
server_1,2026-06-24 05:00:00+00:00,10.86,36.8
server_1,2026-06-24 06:00:00+00:00,8.53,29.66
server_1,2026-06-24 07:00:00+00:00,8.48,28.24
server_1,2026-06-24 08:00:00+00:00,11.57,31.14
server_1,2026-06-24 09:00:00+00:00,10.18,34.39
server_1,2026-06-24 10:00:00+00:00,16.37,32.62
server_1,2026-06-24 11:00:00+00:00,19.56,32.66
server_1,2026-06-24 12:00:00+00:00,21.46,34.52
server_1,2026-06-24 13:00:00+00:00,22.44,30.57
server_1,2026-06-24 14:00:00+00:00,25.79,38.42
server_1,2026-06-24 15:00:00+00:00,17.99,26.95
server_1,2026-06-24 16:00:00+00:00,18.29,32.43
server_1,2026-06-24 17:00:00+00:00,18.25,37.23
server_1,2026-06-24 18:00:00+00:00,15.16,34.32
server_1,2026-06-24 19:00:00+00:00,8.45,33.12
server_1,2026-06-24 20:00:00+00:00,11.22,31.47
server_1,2026-06-24 21:00:00+00:00,15.4,37.87
server_1,2026-06-24 22:00:00+00:00,13.27,36.14
server_1,2026-06-24 23:00:00+00:00,12.49,33.96
server_1,2026-06-25 00:00:00+00:00,11.46,35.52
server_1,2026-06-25 01:00:00+00:00,11.04,34.67
server_1,2026-06-25 02:00:00+00:00,12.72,30.49
server_1,2026-06-25 03:00:00+00:00,11.37,26.4
server_1,2026-06-25 04:00:00+00:00,11.89,33.64
server_1,2026-06-25 05:00:00+00:00,12.2,34.25
server_1,2026-06-25 06:00:00+00:00,10.3,35.77
server_1,2026-06-25 07:00:00+00:00,13.33,28.72
server_1,2026-06-25 08:00:00+00:00,19.29,30.92
server_1,2026-06-25 09:00:00+00:00,7.56,32.28
server_1,2026-06-25 10:00:00+00:00,16.23,33.2
server_1,2026-06-25 11:00:00+00:00,16.53,26.04
server_1,2026-06-25 12:00:00+00:00,22.1,37.04
server_1,2026-06-25 13:00:00+00:00,21.96,28.08
server_1,2026-06-25 14:00:00+00:00,23.75,32.33
server_1,2026-06-25 15:00:00+00:00,23.6,41.47
server_1,2026-06-25 16:00:00+00:00,18.91,41.72
server_1,2026-06-25 17:00:00+00:00,18.25,29.32
server_1,2026-06-25 18:00:00+00:00,6.14,28.63
server_1,2026-06-25 19:00:00+00:00,15.98,33.56
server_1,2026-06-25 20:00:00+00:00,12.94,39.45
server_1,2026-06-25 21:00:00+00:00,14.69,30.97
server_1,2026-06-25 22:00:00+00:00,8.95,29.03
server_1,2026-06-25 23:00:00+00:00,9.92,37.47
server_1,2026-06-26 00:00:00+00:00,12.36,30.63
server_1,2026-06-26 01:00:00+00:00,11.96,34.87
server_1,2026-06-26 02:00:00+00:00,12.71,26.34
server_1,2026-06-26 03:00:00+00:00,14.71,32.26
server_1,2026-06-26 04:00:00+00:00,7.59,23.82
server_1,2026-06-26 05:00:00+00:00,14.43,28.63
server_1,2026-06-26 06:00:00+00:00,12.02,35.36
server_1,2026-06-26 07:00:00+00:00,11.49,31.62
server_1,2026-06-26 08:00:00+00:00,8.32,29.44
server_1,2026-06-26 09:00:00+00:00,13.26,29.45
server_1,2026-06-26 10:00:00+00:00,9.38,30.2
server_1,2026-06-26 11:00:00+00:00,20.05,36.02
server_1,2026-06-26 12:00:00+00:00,16.93,37.66
server_1,2026-06-26 13:00:00+00:00,21.98,24.99
server_1,2026-06-26 14:00:00+00:00,21.55,32.02
server_1,2026-06-26 15:00:00+00:00,23.58,36.69
server_1,2026-06-26 16:00:00+00:00,17.98,33.7
server_1,2026-06-26 17:00:00+00:00,13.68,34.2
server_1,2026-06-26 18:00:00+00:00,10.73,32.63
server_1,2026-06-26 19:00:00+00:00,15.18,31.89
server_1,2026-06-26 20:00:00+00:00,13.34,30.36
server_1,2026-06-26 21:00:00+00:00,11.04,30.68
server_1,2026-06-26 22:00:00+00:00,11.41,36.39
server_1,2026-06-26 23:00:00+00:00,8.08,27.7
server_1,2026-06-27 00:00:00+00:00,10.97,31.39
server_1,2026-06-27 01:00:00+00:00,5.6,30.49
server_1,2026-06-27 02:00:00+00:00,11.88,38.2
server_1,2026-06-27 03:00:00+00:00,10.32,30.21
server_1,2026-06-27 04:00:00+00:00,15.97,37.22
server_1,2026-06-27 05:00:00+00:00,7.25,35.27
server_1,2026-06-27 06:00:00+00:00,9.74,30.96
server_1,2026-06-27 07:00:00+00:00,14.5,32.03
server_1,2026-06-27 08:00:00+00:00,12.98,31.03
server_1,2026-06-27 09:00:00+00:00,8.26,29.67
server_1,2026-06-27 10:00:00+00:00,12.44,35.57
server_1,2026-06-27 11:00:00+00:00,13.54,33.46
server_1,2026-06-27 12:00:00+00:00,15.47,34.15
server_1,2026-06-27 13:00:00+00:00,13.67,28.08
server_1,2026-06-27 14:00:00+00:00,15.19,29.25
server_1,2026-06-27 15:00:00+00:00,10.77,40.14
server_1,2026-06-27 16:00:00+00:00,13.87,31.94
server_1,2026-06-27 17:00:00+00:00,13.01,29.25
server_1,2026-06-27 18:00:00+00:00,9.43,36.83
server_1,2026-06-27 19:00:00+00:00,5.96,31.01
server_1,2026-06-27 20:00:00+00:00,12.47,34.48
server_1,2026-06-27 21:00:00+00:00,10.91,31.07
server_1,2026-06-27 22:00:00+00:00,8.18,29.39
server_1,2026-06-27 23:00:00+00:00,9.3,30.38
server_1,2026-06-28 00:00:00+00:00,6.25,24.46
server_1,2026-06-28 01:00:00+00:00,7.44,30.05
server_1,2026-06-28 02:00:00+00:00,8.66,32.01
server_1,2026-06-28 03:00:00+00:00,13.07,39.78
server_1,2026-06-28 04:00:00+00:00,8.4,31.08
server_1,2026-06-28 05:00:00+00:00,11.6,22.52
server_1,2026-06-28 06:00:00+00:00,8.65,30.45
server_1,2026-06-28 07:00:00+00:00,10.62,42.47
server_1,2026-06-28 08:00:00+00:00,9.65,34.64
server_1,2026-06-28 09:00:00+00:00,12.18,28.82
server_1,2026-06-28 10:00:00+00:00,10.54,33.85
server_1,2026-06-28 11:00:00+00:00,9.6,28.19
server_1,2026-06-28 12:00:00+00:00,11.31,26.34
server_1,2026-06-28 13:00:00+00:00,14.09,31.34
server_1,2026-06-28 14:00:00+00:00,12.29,32.47
server_1,2026-06-28 15:00:00+00:00,15.79,25.84
server_1,2026-06-28 16:00:00+00:00,12.37,27.53
server_1,2026-06-28 17:00:00+00:00,17.82,34.08
server_1,2026-06-28 18:00:00+00:00,5.66,28.15
server_1,2026-06-28 19:00:00+00:00,10.51,33.06
server_1,2026-06-28 20:00:00+00:00,7.18,25.45
server_1,2026-06-28 21:00:00+00:00,8.77,33.72
server_1,2026-06-28 22:00:00+00:00,10.35,26.69
server_1,2026-06-28 23:00:00+00:00,4.19,35.84
server_1,2026-06-29 00:00:00+00:00,12.59,25.34
server_1,2026-06-29 01:00:00+00:00,16.76,29.29
server_1,2026-06-29 02:00:00+00:00,10.87,33.27
server_1,2026-06-29 03:00:00+00:00,12.65,38.88
server_1,2026-06-29 04:00:00+00:00,14.56,34.16
server_1,2026-06-29 05:00:00+00:00,11.59,34.11
server_1,2026-06-29 06:00:00+00:00,10.55,31.56
server_1,2026-06-29 07:00:00+00:00,6.31,25.9
server_1,2026-06-29 08:00:00+00:00,13.6,30.6
server_1,2026-06-29 09:00:00+00:00,11.72,27.05
server_1,2026-06-29 10:00:00+00:00,12.89,27.2
server_1,2026-06-29 11:00:00+00:00,18.74,35.97
server_1,2026-06-29 12:00:00+00:00,19.2,30.03
server_1,2026-06-29 13:00:00+00:00,20.53,36.26
server_1,2026-06-29 14:00:00+00:00,23.36,30.77
server_1,2026-06-29 15:00:00+00:00,17.31,35.05
server_1,2026-06-29 16:00:00+00:00,21.05,33.21
server_1,2026-06-29 17:00:00+00:00,11.93,37.6
server_1,2026-06-29 18:00:00+00:00,10.34,32.72
server_1,2026-06-29 19:00:00+00:00,16.81,38.63
server_1,2026-06-29 20:00:00+00:00,14.82,29.96
server_1,2026-06-29 21:00:00+00:00,12.24,32.31
server_1,2026-06-29 22:00:00+00:00,9.65,27.25
server_1,2026-06-29 23:00:00+00:00,10.68,29.88
server_1,2026-06-30 00:00:00+00:00,12.18,31.02
server_1,2026-06-30 01:00:00+00:00,12.09,29.13
server_1,2026-06-30 02:00:00+00:00,11.77,27.06
server_1,2026-06-30 03:00:00+00:00,11.92,26.32
server_1,2026-06-30 04:00:00+00:00,11.46,22.45
server_1,2026-06-30 05:00:00+00:00,8.4,26.51
server_1,2026-06-30 06:00:00+00:00,10.71,34.06
server_1,2026-06-30 07:00:00+00:00,14.29,26.41
server_1,2026-06-30 08:00:00+00:00,8.58,25.33
server_1,2026-06-30 09:00:00+00:00,11.53,39.0
server_1,2026-06-30 10:00:00+00:00,13.37,29.93
server_1,2026-06-30 11:00:00+00:00,18.71,35.63
server_1,2026-06-30 12:00:00+00:00,19.69,37.26
server_1,2026-06-30 13:00:00+00:00,25.54,39.39
server_1,2026-06-30 14:00:00+00:00,23.11,29.8
server_1,2026-06-30 15:00:00+00:00,17.38,32.96
server_1,2026-06-30 16:00:00+00:00,20.11,28.36
server_1,2026-06-30 17:00:00+00:00,13.48,42.3
server_1,2026-06-30 18:00:00+00:00,10.56,25.12
server_1,2026-06-30 19:00:00+00:00,12.78,28.08
server_1,2026-06-30 20:00:00+00:00,10.77,27.41
server_1,2026-06-30 21:00:00+00:00,14.23,26.79
server_1,2026-06-30 22:00:00+00:00,10.06,36.73
server_1,2026-06-30 23:00:00+00:00,10.45,41.15
server_1,2026-07-01 00:00:00+00:00,10.36,29.52
server_1,2026-07-01 01:00:00+00:00,10.59,26.22
server_1,2026-07-01 02:00:00+00:00,14.75,24.01
server_1,2026-07-01 03:00:00+00:00,13.57,31.57
server_1,2026-07-01 04:00:00+00:00,16.27,32.23
server_1,2026-07-01 05:00:00+00:00,17.67,31.38
server_1,2026-07-01 06:00:00+00:00,9.42,31.98
server_1,2026-07-01 07:00:00+00:00,12.18,33.64
server_1,2026-07-01 08:00:00+00:00,9.06,32.26
server_1,2026-07-01 09:00:00+00:00,10.06,30.06
server_1,2026-07-01 10:00:00+00:00,13.84,28.24
server_1,2026-07-01 11:00:00+00:00,15.78,35.99
server_1,2026-07-01 12:00:00+00:00,18.03,34.16
server_1,2026-07-01 13:00:00+00:00,21.49,38.87
server_1,2026-07-01 14:00:00+00:00,18.81,37.54
server_1,2026-07-01 15:00:00+00:00,22.77,30.08
server_1,2026-07-01 16:00:00+00:00,16.13,27.71
server_1,2026-07-01 17:00:00+00:00,22.44,32.63
server_1,2026-07-01 18:00:00+00:00,10.87,27.38
server_1,2026-07-01 19:00:00+00:00,12.18,35.08
server_1,2026-07-01 20:00:00+00:00,8.76,32.27
server_1,2026-07-01 21:00:00+00:00,16.27,37.89
server_1,2026-07-01 22:00:00+00:00,14.8,34.57
server_1,2026-07-01 23:00:00+00:00,12.74,33.09
server_1,2026-07-02 00:00:00+00:00,8.63,35.62
server_1,2026-07-02 01:00:00+00:00,12.53,34.06
server_1,2026-07-02 02:00:00+00:00,9.2,31.29
server_1,2026-07-02 03:00:00+00:00,15.66,39.2
server_1,2026-07-02 04:00:00+00:00,14.02,33.17
server_1,2026-07-02 05:00:00+00:00,12.24,30.87
server_1,2026-07-02 06:00:00+00:00,5.91,26.52
server_1,2026-07-02 07:00:00+00:00,9.54,33.95
server_1,2026-07-02 08:00:00+00:00,13.72,37.55
server_1,2026-07-02 09:00:00+00:00,15.03,32.86
server_1,2026-07-02 10:00:00+00:00,18.19,39.4
server_1,2026-07-02 11:00:00+00:00,14.45,24.98
server_1,2026-07-02 12:00:00+00:00,21.41,35.07
server_1,2026-07-02 13:00:00+00:00,24.39,36.18
server_1,2026-07-02 14:00:00+00:00,17.7,31.09
server_1,2026-07-02 15:00:00+00:00,20.64,44.56
server_1,2026-07-02 16:00:00+00:00,19.11,34.22
server_1,2026-07-02 17:00:00+00:00,14.67,31.3
server_1,2026-07-02 18:00:00+00:00,7.37,30.48
server_1,2026-07-02 19:00:00+00:00,11.19,23.7
server_1,2026-07-02 20:00:00+00:00,11.18,28.67
server_1,2026-07-02 21:00:00+00:00,11.63,35.8
server_1,2026-07-02 22:00:00+00:00,10.59,28.99
server_1,2026-07-02 23:00:00+00:00,10.89,28.3
server_1,2026-07-03 00:00:00+00:00,11.9,37.2
server_1,2026-07-03 01:00:00+00:00,13.11,37.75
server_1,2026-07-03 02:00:00+00:00,11.24,33.8
server_1,2026-07-03 03:00:00+00:00,10.98,29.82
server_1,2026-07-03 04:00:00+00:00,12.23,31.12
server_1,2026-07-03 05:00:00+00:00,7.2,27.1
server_1,2026-07-03 06:00:00+00:00,13.19,28.44
server_1,2026-07-03 07:00:00+00:00,12.0,27.82
server_1,2026-07-03 08:00:00+00:00,12.1,29.56
server_1,2026-07-03 09:00:00+00:00,14.4,28.7
server_1,2026-07-03 10:00:00+00:00,10.54,25.23
server_1,2026-07-03 11:00:00+00:00,13.49,33.4
server_1,2026-07-03 12:00:00+00:00,21.34,36.21
server_1,2026-07-03 13:00:00+00:00,21.83,42.24
server_1,2026-07-03 14:00:00+00:00,22.27,32.92
server_1,2026-07-03 15:00:00+00:00,19.5,35.81
server_1,2026-07-03 16:00:00+00:00,20.09,36.08
server_1,2026-07-03 17:00:00+00:00,17.75,33.0
server_1,2026-07-03 18:00:00+00:00,13.21,35.4
server_1,2026-07-03 19:00:00+00:00,11.35,34.87
server_1,2026-07-03 20:00:00+00:00,6.73,31.47
server_1,2026-07-03 21:00:00+00:00,13.92,31.65
server_1,2026-07-03 22:00:00+00:00,15.05,31.64
server_1,2026-07-03 23:00:00+00:00,13.61,27.09
server_1,2026-07-04 00:00:00+00:00,7.8,27.31
server_1,2026-07-04 01:00:00+00:00,11.68,29.4
server_1,2026-07-04 02:00:00+00:00,12.15,27.56
server_1,2026-07-04 03:00:00+00:00,13.9,34.42
server_1,2026-07-04 04:00:00+00:00,7.81,35.32
server_1,2026-07-04 05:00:00+00:00,9.43,27.47
server_1,2026-07-04 06:00:00+00:00,11.87,33.09
server_1,2026-07-04 07:00:00+00:00,10.14,27.21
server_1,2026-07-04 08:00:00+00:00,7.21,29.1
server_1,2026-07-04 09:00:00+00:00,11.04,28.9
server_1,2026-07-04 10:00:00+00:00,13.33,34.87
server_1,2026-07-04 11:00:00+00:00,13.76,29.9
server_1,2026-07-04 12:00:00+00:00,15.31,37.21
server_1,2026-07-04 13:00:00+00:00,14.77,31.99
server_1,2026-07-04 14:00:00+00:00,19.11,31.89
server_1,2026-07-04 15:00:00+00:00,12.51,27.17
server_1,2026-07-04 16:00:00+00:00,12.07,33.04
server_1,2026-07-04 17:00:00+00:00,11.91,35.55
server_1,2026-07-04 18:00:00+00:00,12.2,33.16
server_1,2026-07-04 19:00:00+00:00,6.26,38.95
server_1,2026-07-04 20:00:00+00:00,6.72,35.87
server_1,2026-07-04 21:00:00+00:00,4.91,28.29
server_1,2026-07-04 22:00:00+00:00,10.08,30.06
server_1,2026-07-04 23:00:00+00:00,7.2,32.2
server_1,2026-07-05 00:00:00+00:00,9.04,27.61
server_1,2026-07-05 01:00:00+00:00,11.65,36.54
server_1,2026-07-05 02:00:00+00:00,8.4,32.19
server_1,2026-07-05 03:00:00+00:00,10.58,32.53
server_1,2026-07-05 04:00:00+00:00,9.25,33.79
server_1,2026-07-05 05:00:00+00:00,11.68,38.78
server_1,2026-07-05 06:00:00+00:00,11.19,32.4
server_1,2026-07-05 07:00:00+00:00,8.27,30.24
server_1,2026-07-05 08:00:00+00:00,9.58,37.19
server_1,2026-07-05 09:00:00+00:00,12.61,36.08
server_1,2026-07-05 10:00:00+00:00,12.86,31.02
server_1,2026-07-05 11:00:00+00:00,10.04,31.34
server_1,2026-07-05 12:00:00+00:00,16.4,34.32
server_1,2026-07-05 13:00:00+00:00,12.7,33.69
server_1,2026-07-05 14:00:00+00:00,18.95,29.01
server_1,2026-07-05 15:00:00+00:00,17.32,27.69
server_1,2026-07-05 16:00:00+00:00,14.26,29.24
server_1,2026-07-05 17:00:00+00:00,12.27,28.24
server_1,2026-07-05 18:00:00+00:00,9.48,28.54
server_1,2026-07-05 19:00:00+00:00,11.7,34.43
server_1,2026-07-05 20:00:00+00:00,9.07,30.3
server_1,2026-07-05 21:00:00+00:00,10.59,32.29
server_1,2026-07-05 22:00:00+00:00,12.18,27.17
server_1,2026-07-05 23:00:00+00:00,8.6,28.96
server_1,2026-07-06 00:00:00+00:00,10.46,33.81
server_1,2026-07-06 01:00:00+00:00,9.01,33.33
server_1,2026-07-06 02:00:00+00:00,9.34,28.17
server_1,2026-07-06 03:00:00+00:00,7.43,31.05
server_1,2026-07-06 04:00:00+00:00,13.82,41.43
server_1,2026-07-06 05:00:00+00:00,16.52,33.51
server_1,2026-07-06 06:00:00+00:00,15.56,30.47
server_1,2026-07-06 07:00:00+00:00,7.93,29.88
server_1,2026-07-06 08:00:00+00:00,13.81,33.0
server_1,2026-07-06 09:00:00+00:00,15.56,32.64
server_1,2026-07-06 10:00:00+00:00,14.28,32.67
server_1,2026-07-06 11:00:00+00:00,18.68,28.56
server_1,2026-07-06 12:00:00+00:00,15.64,29.42
server_1,2026-07-06 13:00:00+00:00,22.51,35.08
server_1,2026-07-06 14:00:00+00:00,19.19,33.86
server_1,2026-07-06 15:00:00+00:00,21.16,32.94
server_1,2026-07-06 16:00:00+00:00,14.52,32.18
server_1,2026-07-06 17:00:00+00:00,16.78,33.92
server_1,2026-07-06 18:00:00+00:00,14.56,36.45
server_1,2026-07-06 19:00:00+00:00,10.04,30.92
server_1,2026-07-06 20:00:00+00:00,9.16,32.6
server_1,2026-07-06 21:00:00+00:00,6.61,27.95
server_1,2026-07-06 22:00:00+00:00,11.33,34.06
server_1,2026-07-06 23:00:00+00:00,10.55,32.99
server_1,2026-07-07 00:00:00+00:00,8.12,34.11
server_1,2026-07-07 01:00:00+00:00,13.13,35.25
server_1,2026-07-07 02:00:00+00:00,10.88,33.96
server_1,2026-07-07 03:00:00+00:00,9.31,30.67
server_1,2026-07-07 04:00:00+00:00,10.61,32.49
server_1,2026-07-07 05:00:00+00:00,14.68,37.19
server_1,2026-07-07 06:00:00+00:00,13.51,29.92
server_1,2026-07-07 07:00:00+00:00,11.67,29.37
server_1,2026-07-07 08:00:00+00:00,13.55,33.27
server_1,2026-07-07 09:00:00+00:00,9.1,32.65
server_1,2026-07-07 10:00:00+00:00,15.5,29.93
server_1,2026-07-07 11:00:00+00:00,18.8,34.08
server_1,2026-07-07 12:00:00+00:00,19.49,34.24
server_1,2026-07-07 13:00:00+00:00,22.94,26.97
server_1,2026-07-07 14:00:00+00:00,19.9,33.89
server_1,2026-07-07 15:00:00+00:00,21.93,34.85
server_1,2026-07-07 16:00:00+00:00,19.81,34.09
server_1,2026-07-07 17:00:00+00:00,8.13,36.31
server_1,2026-07-07 18:00:00+00:00,14.98,28.18
server_1,2026-07-07 19:00:00+00:00,4.38,26.03
server_1,2026-07-07 20:00:00+00:00,10.46,21.01
server_1,2026-07-07 21:00:00+00:00,14.56,30.97
server_1,2026-07-07 22:00:00+00:00,11.21,30.14
server_1,2026-07-07 23:00:00+00:00,8.33,28.68
server_1,2026-07-08 00:00:00+00:00,9.27,35.47
server_1,2026-07-08 01:00:00+00:00,14.57,36.34
server_1,2026-07-08 02:00:00+00:00,7.2,30.63
server_1,2026-07-08 03:00:00+00:00,14.82,31.51
server_1,2026-07-08 04:00:00+00:00,11.86,36.06
server_1,2026-07-08 05:00:00+00:00,9.02,30.88
server_1,2026-07-08 06:00:00+00:00,10.54,28.22
server_1,2026-07-08 07:00:00+00:00,9.46,24.24
server_1,2026-07-08 08:00:00+00:00,14.17,30.99
server_1,2026-07-08 09:00:00+00:00,13.83,35.66
server_1,2026-07-08 10:00:00+00:00,11.12,40.8
server_1,2026-07-08 11:00:00+00:00,17.42,34.14
server_1,2026-07-08 12:00:00+00:00,18.5,31.21
server_1,2026-07-08 13:00:00+00:00,25.08,31.84
server_1,2026-07-08 14:00:00+00:00,18.47,36.47
server_1,2026-07-08 15:00:00+00:00,24.67,29.38
server_1,2026-07-08 16:00:00+00:00,18.34,36.42
server_1,2026-07-08 17:00:00+00:00,12.52,35.45
server_1,2026-07-08 18:00:00+00:00,10.31,33.15
server_1,2026-07-08 19:00:00+00:00,10.0,30.42
server_1,2026-07-08 20:00:00+00:00,8.81,33.14
server_1,2026-07-08 21:00:00+00:00,12.24,32.77
server_1,2026-07-08 22:00:00+00:00,8.93,27.81
server_1,2026-07-08 23:00:00+00:00,6.55,37.49
server_1,2026-07-09 00:00:00+00:00,11.05,30.26
server_1,2026-07-09 01:00:00+00:00,7.49,33.53
server_1,2026-07-09 02:00:00+00:00,10.12,21.67
server_1,2026-07-09 03:00:00+00:00,9.73,36.31
server_1,2026-07-09 04:00:00+00:00,9.82,37.11
server_1,2026-07-09 05:00:00+00:00,17.0,33.87
server_1,2026-07-09 06:00:00+00:00,12.14,34.28
server_1,2026-07-09 07:00:00+00:00,12.61,34.45
server_1,2026-07-09 08:00:00+00:00,7.56,27.87
server_1,2026-07-09 09:00:00+00:00,10.37,33.62
server_1,2026-07-09 10:00:00+00:00,15.96,30.15
server_1,2026-07-09 11:00:00+00:00,15.87,30.92
server_1,2026-07-09 12:00:00+00:00,22.93,40.33
server_1,2026-07-09 13:00:00+00:00,18.84,38.29
server_1,2026-07-09 14:00:00+00:00,21.13,32.37
server_1,2026-07-09 15:00:00+00:00,19.2,31.58
server_1,2026-07-09 16:00:00+00:00,18.84,31.81
server_1,2026-07-09 17:00:00+00:00,13.82,35.57
server_1,2026-07-09 18:00:00+00:00,11.32,27.76
server_1,2026-07-09 19:00:00+00:00,11.41,33.22
server_1,2026-07-09 20:00:00+00:00,10.16,34.34
server_1,2026-07-09 21:00:00+00:00,13.21,32.07
server_1,2026-07-09 22:00:00+00:00,12.6,36.25
server_1,2026-07-09 23:00:00+00:00,11.78,30.71
server_1,2026-07-10 00:00:00+00:00,10.92,30.77
server_1,2026-07-10 01:00:00+00:00,13.99,28.79
server_1,2026-07-10 02:00:00+00:00,11.41,35.86
server_1,2026-07-10 03:00:00+00:00,11.23,28.67
server_1,2026-07-10 04:00:00+00:00,12.26,33.49
server_1,2026-07-10 05:00:00+00:00,16.24,33.2
server_1,2026-07-10 06:00:00+00:00,8.65,26.62
server_1,2026-07-10 07:00:00+00:00,13.92,30.24
server_1,2026-07-10 08:00:00+00:00,7.27,35.87
server_1,2026-07-10 09:00:00+00:00,12.54,33.0
server_1,2026-07-10 10:00:00+00:00,19.36,30.54
server_1,2026-07-10 11:00:00+00:00,19.65,35.9
server_1,2026-07-10 12:00:00+00:00,21.09,34.6
server_1,2026-07-10 13:00:00+00:00,20.45,48.77
server_1,2026-07-10 14:00:00+00:00,21.93,36.61
server_1,2026-07-10 15:00:00+00:00,20.03,33.29
server_1,2026-07-10 16:00:00+00:00,16.46,39.24
server_1,2026-07-10 17:00:00+00:00,14.7,25.58
server_1,2026-07-10 18:00:00+00:00,12.5,32.55
server_1,2026-07-10 19:00:00+00:00,10.08,39.31
server_1,2026-07-10 20:00:00+00:00,9.98,30.83
server_1,2026-07-10 21:00:00+00:00,8.6,23.88
server_1,2026-07-10 22:00:00+00:00,12.98,30.76
server_1,2026-07-10 23:00:00+00:00,13.36,38.3
server_1,2026-07-11 00:00:00+00:00,10.58,33.01
server_1,2026-07-11 01:00:00+00:00,12.41,28.79
server_1,2026-07-11 02:00:00+00:00,10.22,28.64
server_1,2026-07-11 03:00:00+00:00,10.98,29.4
server_1,2026-07-11 04:00:00+00:00,10.76,33.01
server_1,2026-07-11 05:00:00+00:00,9.77,36.57
server_1,2026-07-11 06:00:00+00:00,8.67,35.05
server_1,2026-07-11 07:00:00+00:00,15.54,35.06
server_1,2026-07-11 08:00:00+00:00,8.87,25.58
server_1,2026-07-11 09:00:00+00:00,8.34,25.41
server_1,2026-07-11 10:00:00+00:00,12.97,34.47
server_1,2026-07-11 11:00:00+00:00,14.16,27.38
server_1,2026-07-11 12:00:00+00:00,11.25,30.84
server_1,2026-07-11 13:00:00+00:00,18.22,35.39
server_1,2026-07-11 14:00:00+00:00,15.18,28.56
server_1,2026-07-11 15:00:00+00:00,11.99,27.9
server_1,2026-07-11 16:00:00+00:00,16.51,33.2
server_1,2026-07-11 17:00:00+00:00,13.45,34.52
server_1,2026-07-11 18:00:00+00:00,6.84,34.44
server_1,2026-07-11 19:00:00+00:00,14.44,35.28
server_1,2026-07-11 20:00:00+00:00,11.65,32.17
server_1,2026-07-11 21:00:00+00:00,9.97,28.31
server_1,2026-07-11 22:00:00+00:00,13.98,28.41
server_1,2026-07-11 23:00:00+00:00,10.4,29.4
server_1,2026-07-12 00:00:00+00:00,9.93,32.92
server_1,2026-07-12 01:00:00+00:00,8.35,32.07
server_1,2026-07-12 02:00:00+00:00,11.45,23.41
server_1,2026-07-12 03:00:00+00:00,11.19,28.57
server_1,2026-07-12 04:00:00+00:00,10.04,36.13
server_1,2026-07-12 05:00:00+00:00,8.03,30.93
server_1,2026-07-12 06:00:00+00:00,10.32,25.75
server_1,2026-07-12 07:00:00+00:00,9.83,40.66
server_1,2026-07-12 08:00:00+00:00,6.67,30.02
server_1,2026-07-12 09:00:00+00:00,6.32,31.55
server_1,2026-07-12 10:00:00+00:00,13.29,34.05
server_1,2026-07-12 11:00:00+00:00,7.03,28.79
server_1,2026-07-12 12:00:00+00:00,15.28,30.24
server_1,2026-07-12 13:00:00+00:00,14.22,41.26
server_1,2026-07-12 14:00:00+00:00,18.69,38.35
server_1,2026-07-12 15:00:00+00:00,13.53,35.82
server_1,2026-07-12 16:00:00+00:00,15.18,35.42
server_1,2026-07-12 17:00:00+00:00,10.89,27.6
server_1,2026-07-12 18:00:00+00:00,10.28,36.51
server_1,2026-07-12 19:00:00+00:00,11.84,28.57
server_1,2026-07-12 20:00:00+00:00,8.84,32.03
server_1,2026-07-12 21:00:00+00:00,12.49,25.61
server_1,2026-07-12 22:00:00+00:00,7.52,22.27
server_1,2026-07-12 23:00:00+00:00,10.74,32.83
server_1,2026-07-13 00:00:00+00:00,14.31,29.57
server_1,2026-07-13 01:00:00+00:00,13.65,24.62
server_1,2026-07-13 02:00:00+00:00,16.79,35.84
server_1,2026-07-13 03:00:00+00:00,10.09,39.81
server_1,2026-07-13 04:00:00+00:00,8.55,36.35
server_1,2026-07-13 05:00:00+00:00,9.51,30.1
server_1,2026-07-13 06:00:00+00:00,13.65,32.61
server_1,2026-07-13 07:00:00+00:00,13.24,35.99
server_1,2026-07-13 08:00:00+00:00,12.26,36.58
server_1,2026-07-13 09:00:00+00:00,9.19,29.64
server_1,2026-07-13 10:00:00+00:00,17.34,34.0
server_1,2026-07-13 11:00:00+00:00,15.37,34.38
server_1,2026-07-13 12:00:00+00:00,23.56,38.26
server_1,2026-07-13 13:00:00+00:00,28.99,37.41
server_1,2026-07-13 14:00:00+00:00,22.76,35.29
server_1,2026-07-13 15:00:00+00:00,22.12,41.06
server_1,2026-07-13 16:00:00+00:00,17.2,38.66
server_1,2026-07-13 17:00:00+00:00,10.89,33.52
server_1,2026-07-13 18:00:00+00:00,10.49,38.35
server_1,2026-07-13 19:00:00+00:00,9.27,29.5
server_1,2026-07-13 20:00:00+00:00,8.38,37.23
server_1,2026-07-13 21:00:00+00:00,16.31,35.68
server_1,2026-07-13 22:00:00+00:00,12.68,45.32
server_1,2026-07-13 23:00:00+00:00,12.95,27.56
server_1,2026-07-14 00:00:00+00:00,11.23,28.97
server_1,2026-07-14 01:00:00+00:00,11.57,33.52
server_1,2026-07-14 02:00:00+00:00,14.41,34.43
server_1,2026-07-14 03:00:00+00:00,11.92,39.77
server_1,2026-07-14 04:00:00+00:00,13.33,29.79
server_1,2026-07-14 05:00:00+00:00,11.51,35.45
server_1,2026-07-14 06:00:00+00:00,11.14,36.35
server_1,2026-07-14 07:00:00+00:00,8.48,33.59
server_1,2026-07-14 08:00:00+00:00,7.06,26.43
server_1,2026-07-14 09:00:00+00:00,11.35,37.4
server_1,2026-07-14 10:00:00+00:00,15.56,38.16
server_1,2026-07-14 11:00:00+00:00,15.21,35.52
server_1,2026-07-14 12:00:00+00:00,20.57,35.82
server_1,2026-07-14 13:00:00+00:00,21.98,36.4
server_1,2026-07-14 14:00:00+00:00,16.46,33.25
server_1,2026-07-14 15:00:00+00:00,18.37,36.79
server_1,2026-07-14 16:00:00+00:00,19.45,34.73
server_1,2026-07-14 17:00:00+00:00,16.39,30.14
server_1,2026-07-14 18:00:00+00:00,9.12,26.8
server_1,2026-07-14 19:00:00+00:00,12.4,29.13
server_1,2026-07-14 20:00:00+00:00,14.56,33.78
server_1,2026-07-14 21:00:00+00:00,13.94,32.57
server_1,2026-07-14 22:00:00+00:00,11.76,32.78
server_1,2026-07-14 23:00:00+00:00,10.83,33.59
server_1,2026-07-15 00:00:00+00:00,10.43,28.94
server_1,2026-07-15 01:00:00+00:00,13.17,38.27
server_1,2026-07-15 02:00:00+00:00,12.49,31.1
server_1,2026-07-15 03:00:00+00:00,13.57,30.82
server_1,2026-07-15 04:00:00+00:00,12.33,34.04
server_1,2026-07-15 05:00:00+00:00,14.05,25.37
server_1,2026-07-15 06:00:00+00:00,12.24,28.92
server_1,2026-07-15 07:00:00+00:00,13.96,36.61
server_1,2026-07-15 08:00:00+00:00,14.18,25.81
server_1,2026-07-15 09:00:00+00:00,9.99,35.77
server_1,2026-07-15 10:00:00+00:00,10.9,37.66
server_1,2026-07-15 11:00:00+00:00,22.29,34.12
server_1,2026-07-15 12:00:00+00:00,21.3,36.42
server_1,2026-07-15 13:00:00+00:00,17.56,38.42
server_1,2026-07-15 14:00:00+00:00,20.06,32.96
server_1,2026-07-15 15:00:00+00:00,22.59,39.18
server_1,2026-07-15 16:00:00+00:00,17.73,31.32
server_1,2026-07-15 17:00:00+00:00,14.14,30.84
server_1,2026-07-15 18:00:00+00:00,15.5,30.03
server_1,2026-07-15 19:00:00+00:00,9.38,32.45
server_1,2026-07-15 20:00:00+00:00,10.0,35.93
server_1,2026-07-15 21:00:00+00:00,12.53,31.45
server_1,2026-07-15 22:00:00+00:00,12.98,27.26
server_1,2026-07-15 23:00:00+00:00,13.24,28.1
server_1,2026-07-16 00:00:00+00:00,14.28,34.38
server_1,2026-07-16 01:00:00+00:00,12.5,39.55
server_1,2026-07-16 02:00:00+00:00,13.22,34.0
server_1,2026-07-16 03:00:00+00:00,11.35,30.23
server_1,2026-07-16 04:00:00+00:00,12.16,35.12
server_1,2026-07-16 05:00:00+00:00,12.27,31.14
server_1,2026-07-16 06:00:00+00:00,12.54,30.68
server_1,2026-07-16 07:00:00+00:00,13.93,28.84
server_1,2026-07-16 08:00:00+00:00,13.39,38.12
server_1,2026-07-16 09:00:00+00:00,12.11,21.88
server_1,2026-07-16 10:00:00+00:00,13.4,35.68
server_1,2026-07-16 11:00:00+00:00,18.6,32.45
server_1,2026-07-16 12:00:00+00:00,20.59,33.37
server_1,2026-07-16 13:00:00+00:00,22.33,42.39
server_1,2026-07-16 14:00:00+00:00,27.36,34.52
server_1,2026-07-16 15:00:00+00:00,19.35,31.85
server_1,2026-07-16 16:00:00+00:00,19.48,34.1
server_1,2026-07-16 17:00:00+00:00,18.09,35.79
server_1,2026-07-16 18:00:00+00:00,12.25,30.32
server_1,2026-07-16 19:00:00+00:00,17.84,27.75
server_1,2026-07-16 20:00:00+00:00,11.05,28.21
server_1,2026-07-16 21:00:00+00:00,12.81,37.41
server_1,2026-07-16 22:00:00+00:00,10.0,31.6
server_1,2026-07-16 23:00:00+00:00,11.12,33.5
server_1,2026-07-17 00:00:00+00:00,12.62,31.17
server_1,2026-07-17 01:00:00+00:00,14.12,30.1
server_1,2026-07-17 02:00:00+00:00,12.8,38.99
server_1,2026-07-17 03:00:00+00:00,15.15,32.35
server_1,2026-07-17 04:00:00+00:00,11.76,30.14
server_1,2026-07-17 05:00:00+00:00,11.17,36.09
server_1,2026-07-17 06:00:00+00:00,18.76,31.48
server_1,2026-07-17 07:00:00+00:00,12.99,29.97
server_1,2026-07-17 08:00:00+00:00,10.2,31.41
server_1,2026-07-17 09:00:00+00:00,10.26,31.39
server_1,2026-07-17 10:00:00+00:00,13.06,33.41
server_1,2026-07-17 11:00:00+00:00,20.77,43.44
server_1,2026-07-17 12:00:00+00:00,19.75,36.06
server_1,2026-07-17 13:00:00+00:00,22.17,26.05
server_1,2026-07-17 14:00:00+00:00,21.69,36.7
server_1,2026-07-17 15:00:00+00:00,22.49,35.82
server_1,2026-07-17 16:00:00+00:00,16.31,33.68
server_1,2026-07-17 17:00:00+00:00,12.73,33.24
server_1,2026-07-17 18:00:00+00:00,12.56,32.08
server_1,2026-07-17 19:00:00+00:00,13.5,32.32
server_1,2026-07-17 20:00:00+00:00,12.83,34.74
server_1,2026-07-17 21:00:00+00:00,9.98,29.12
server_1,2026-07-17 22:00:00+00:00,13.69,28.8
server_1,2026-07-17 23:00:00+00:00,10.14,43.44
server_2,2026-04-19 00:00:00+00:00,21.21,45.48
server_2,2026-04-19 01:00:00+00:00,23.25,53.31
server_2,2026-04-19 02:00:00+00:00,19.26,48.0
server_2,2026-04-19 03:00:00+00:00,23.29,50.2
server_2,2026-04-19 04:00:00+00:00,20.67,54.68
server_2,2026-04-19 05:00:00+00:00,21.89,46.95
server_2,2026-04-19 06:00:00+00:00,25.61,45.87
server_2,2026-04-19 07:00:00+00:00,24.18,48.61
server_2,2026-04-19 08:00:00+00:00,24.42,42.56
server_2,2026-04-19 09:00:00+00:00,18.57,43.18
server_2,2026-04-19 10:00:00+00:00,29.47,43.97
server_2,2026-04-19 11:00:00+00:00,23.56,46.09
server_2,2026-04-19 12:00:00+00:00,31.58,44.7
server_2,2026-04-19 13:00:00+00:00,30.97,44.34
server_2,2026-04-19 14:00:00+00:00,29.86,48.35
server_2,2026-04-19 15:00:00+00:00,25.63,44.67
server_2,2026-04-19 16:00:00+00:00,26.91,37.96
server_2,2026-04-19 17:00:00+00:00,23.7,38.72
server_2,2026-04-19 18:00:00+00:00,23.07,39.74
server_2,2026-04-19 19:00:00+00:00,22.38,40.55
server_2,2026-04-19 20:00:00+00:00,17.9,44.17
server_2,2026-04-19 21:00:00+00:00,25.8,46.16
server_2,2026-04-19 22:00:00+00:00,22.8,48.49
server_2,2026-04-19 23:00:00+00:00,21.79,46.89
server_2,2026-04-20 00:00:00+00:00,23.6,48.8
server_2,2026-04-20 01:00:00+00:00,25.9,47.75
server_2,2026-04-20 02:00:00+00:00,22.77,45.06
server_2,2026-04-20 03:00:00+00:00,19.36,47.42
server_2,2026-04-20 04:00:00+00:00,26.02,49.03
server_2,2026-04-20 05:00:00+00:00,26.3,46.96
server_2,2026-04-20 06:00:00+00:00,24.5,49.91
server_2,2026-04-20 07:00:00+00:00,22.13,34.61
server_2,2026-04-20 08:00:00+00:00,25.22,43.92
server_2,2026-04-20 09:00:00+00:00,21.34,42.5
server_2,2026-04-20 10:00:00+00:00,25.85,49.91
server_2,2026-04-20 11:00:00+00:00,29.55,52.88
server_2,2026-04-20 12:00:00+00:00,35.77,42.97
server_2,2026-04-20 13:00:00+00:00,33.94,53.77
server_2,2026-04-20 14:00:00+00:00,33.73,43.37
server_2,2026-04-20 15:00:00+00:00,38.55,45.18
server_2,2026-04-20 16:00:00+00:00,32.31,46.62
server_2,2026-04-20 17:00:00+00:00,29.27,45.22
server_2,2026-04-20 18:00:00+00:00,24.08,38.44
server_2,2026-04-20 19:00:00+00:00,23.51,47.08
server_2,2026-04-20 20:00:00+00:00,19.53,45.8
server_2,2026-04-20 21:00:00+00:00,27.42,50.06
server_2,2026-04-20 22:00:00+00:00,26.12,43.66
server_2,2026-04-20 23:00:00+00:00,24.55,44.68
server_2,2026-04-21 00:00:00+00:00,24.66,44.76
server_2,2026-04-21 01:00:00+00:00,26.84,52.4
server_2,2026-04-21 02:00:00+00:00,21.11,32.3
server_2,2026-04-21 03:00:00+00:00,23.53,40.66
server_2,2026-04-21 04:00:00+00:00,22.16,44.03
server_2,2026-04-21 05:00:00+00:00,29.43,42.21
server_2,2026-04-21 06:00:00+00:00,27.19,44.73
server_2,2026-04-21 07:00:00+00:00,19.49,42.57
server_2,2026-04-21 08:00:00+00:00,21.22,41.04
server_2,2026-04-21 09:00:00+00:00,24.67,45.14
server_2,2026-04-21 10:00:00+00:00,27.24,48.3
server_2,2026-04-21 11:00:00+00:00,28.12,45.15
server_2,2026-04-21 12:00:00+00:00,38.52,47.92
server_2,2026-04-21 13:00:00+00:00,35.63,48.06
server_2,2026-04-21 14:00:00+00:00,36.04,48.83
server_2,2026-04-21 15:00:00+00:00,31.93,40.46
server_2,2026-04-21 16:00:00+00:00,33.23,49.73
server_2,2026-04-21 17:00:00+00:00,27.47,44.06
server_2,2026-04-21 18:00:00+00:00,24.29,49.8
server_2,2026-04-21 19:00:00+00:00,26.53,47.9
server_2,2026-04-21 20:00:00+00:00,20.93,48.25
server_2,2026-04-21 21:00:00+00:00,28.99,42.35
server_2,2026-04-21 22:00:00+00:00,25.46,43.67
server_2,2026-04-21 23:00:00+00:00,28.2,41.15
server_2,2026-04-22 00:00:00+00:00,22.31,41.24
server_2,2026-04-22 01:00:00+00:00,22.69,49.2
server_2,2026-04-22 02:00:00+00:00,22.1,49.93
server_2,2026-04-22 03:00:00+00:00,25.63,40.63
server_2,2026-04-22 04:00:00+00:00,25.16,43.22
server_2,2026-04-22 05:00:00+00:00,23.84,44.29
server_2,2026-04-22 06:00:00+00:00,22.46,46.46
server_2,2026-04-22 07:00:00+00:00,21.83,36.85
server_2,2026-04-22 08:00:00+00:00,24.88,38.55
server_2,2026-04-22 09:00:00+00:00,23.84,46.55
server_2,2026-04-22 10:00:00+00:00,26.71,37.8
server_2,2026-04-22 11:00:00+00:00,35.3,46.82
server_2,2026-04-22 12:00:00+00:00,33.45,48.61
server_2,2026-04-22 13:00:00+00:00,38.02,51.22
server_2,2026-04-22 14:00:00+00:00,33.51,47.41
server_2,2026-04-22 15:00:00+00:00,34.27,46.78
server_2,2026-04-22 16:00:00+00:00,31.29,50.58
server_2,2026-04-22 17:00:00+00:00,24.18,45.85
server_2,2026-04-22 18:00:00+00:00,28.57,43.66
server_2,2026-04-22 19:00:00+00:00,24.66,45.03
server_2,2026-04-22 20:00:00+00:00,26.87,47.19
server_2,2026-04-22 21:00:00+00:00,23.12,51.21
server_2,2026-04-22 22:00:00+00:00,24.59,48.0
server_2,2026-04-22 23:00:00+00:00,22.83,49.1
server_2,2026-04-23 00:00:00+00:00,28.09,43.64
server_2,2026-04-23 01:00:00+00:00,25.78,43.18
server_2,2026-04-23 02:00:00+00:00,25.92,44.38
server_2,2026-04-23 03:00:00+00:00,28.4,45.61
server_2,2026-04-23 04:00:00+00:00,27.89,41.98
server_2,2026-04-23 05:00:00+00:00,26.91,50.73
server_2,2026-04-23 06:00:00+00:00,21.45,47.29
server_2,2026-04-23 07:00:00+00:00,23.26,43.17
server_2,2026-04-23 08:00:00+00:00,22.49,46.69
server_2,2026-04-23 09:00:00+00:00,26.82,46.53
server_2,2026-04-23 10:00:00+00:00,28.85,49.23
server_2,2026-04-23 11:00:00+00:00,27.95,40.66
server_2,2026-04-23 12:00:00+00:00,33.19,47.28
server_2,2026-04-23 13:00:00+00:00,31.11,46.91
server_2,2026-04-23 14:00:00+00:00,34.72,50.89
server_2,2026-04-23 15:00:00+00:00,29.52,44.07
server_2,2026-04-23 16:00:00+00:00,32.75,37.71
server_2,2026-04-23 17:00:00+00:00,29.37,42.2
server_2,2026-04-23 18:00:00+00:00,29.77,46.43
server_2,2026-04-23 19:00:00+00:00,27.12,46.0
server_2,2026-04-23 20:00:00+00:00,23.94,51.36
server_2,2026-04-23 21:00:00+00:00,27.05,48.05
server_2,2026-04-23 22:00:00+00:00,21.51,44.1
server_2,2026-04-23 23:00:00+00:00,22.59,44.03
server_2,2026-04-24 00:00:00+00:00,25.83,49.71
server_2,2026-04-24 01:00:00+00:00,19.6,40.75
server_2,2026-04-24 02:00:00+00:00,24.91,44.41
server_2,2026-04-24 03:00:00+00:00,22.45,39.75
server_2,2026-04-24 04:00:00+00:00,25.25,50.76
server_2,2026-04-24 05:00:00+00:00,22.31,45.63
server_2,2026-04-24 06:00:00+00:00,26.06,42.54
server_2,2026-04-24 07:00:00+00:00,25.05,44.56
server_2,2026-04-24 08:00:00+00:00,28.5,48.26
server_2,2026-04-24 09:00:00+00:00,25.02,44.0
server_2,2026-04-24 10:00:00+00:00,26.5,43.39
server_2,2026-04-24 11:00:00+00:00,30.81,44.42
server_2,2026-04-24 12:00:00+00:00,30.3,48.21
server_2,2026-04-24 13:00:00+00:00,35.86,47.37
server_2,2026-04-24 14:00:00+00:00,36.32,47.15
server_2,2026-04-24 15:00:00+00:00,39.83,44.85
server_2,2026-04-24 16:00:00+00:00,29.87,47.02
server_2,2026-04-24 17:00:00+00:00,27.75,45.24
server_2,2026-04-24 18:00:00+00:00,23.56,43.21
server_2,2026-04-24 19:00:00+00:00,25.53,45.98
server_2,2026-04-24 20:00:00+00:00,25.95,48.33
server_2,2026-04-24 21:00:00+00:00,24.87,47.76
server_2,2026-04-24 22:00:00+00:00,27.72,48.16
server_2,2026-04-24 23:00:00+00:00,23.46,43.5
server_2,2026-04-25 00:00:00+00:00,25.47,42.89
server_2,2026-04-25 01:00:00+00:00,24.35,40.6
server_2,2026-04-25 02:00:00+00:00,22.97,41.92
server_2,2026-04-25 03:00:00+00:00,22.21,44.1
server_2,2026-04-25 04:00:00+00:00,29.07,43.28
server_2,2026-04-25 05:00:00+00:00,20.96,43.97
server_2,2026-04-25 06:00:00+00:00,23.74,40.7
server_2,2026-04-25 07:00:00+00:00,21.12,37.0
server_2,2026-04-25 08:00:00+00:00,27.46,49.14
server_2,2026-04-25 09:00:00+00:00,25.22,43.18
server_2,2026-04-25 10:00:00+00:00,23.19,41.02
server_2,2026-04-25 11:00:00+00:00,27.82,41.61
server_2,2026-04-25 12:00:00+00:00,28.41,47.88
server_2,2026-04-25 13:00:00+00:00,27.12,51.24
server_2,2026-04-25 14:00:00+00:00,30.31,45.25
server_2,2026-04-25 15:00:00+00:00,28.74,45.45
server_2,2026-04-25 16:00:00+00:00,27.07,50.01
server_2,2026-04-25 17:00:00+00:00,24.78,37.68
server_2,2026-04-25 18:00:00+00:00,24.08,52.54
server_2,2026-04-25 19:00:00+00:00,23.57,54.28
server_2,2026-04-25 20:00:00+00:00,23.15,33.53
server_2,2026-04-25 21:00:00+00:00,21.4,43.35
server_2,2026-04-25 22:00:00+00:00,27.23,42.91
server_2,2026-04-25 23:00:00+00:00,20.37,42.32
server_2,2026-04-26 00:00:00+00:00,24.07,43.0
server_2,2026-04-26 01:00:00+00:00,22.2,47.27
server_2,2026-04-26 02:00:00+00:00,27.4,45.39
server_2,2026-04-26 03:00:00+00:00,20.74,39.87
server_2,2026-04-26 04:00:00+00:00,21.16,42.97
server_2,2026-04-26 05:00:00+00:00,20.58,45.51
server_2,2026-04-26 06:00:00+00:00,23.81,39.85
server_2,2026-04-26 07:00:00+00:00,19.57,36.51
server_2,2026-04-26 08:00:00+00:00,21.8,51.85
server_2,2026-04-26 09:00:00+00:00,17.62,39.85
server_2,2026-04-26 10:00:00+00:00,25.48,44.62
server_2,2026-04-26 11:00:00+00:00,25.28,43.51
server_2,2026-04-26 12:00:00+00:00,24.04,46.86
server_2,2026-04-26 13:00:00+00:00,31.13,54.24
server_2,2026-04-26 14:00:00+00:00,25.15,47.37
server_2,2026-04-26 15:00:00+00:00,29.76,40.59
server_2,2026-04-26 16:00:00+00:00,24.78,39.39
server_2,2026-04-26 17:00:00+00:00,28.89,44.76
server_2,2026-04-26 18:00:00+00:00,24.87,43.88
server_2,2026-04-26 19:00:00+00:00,20.48,36.53
server_2,2026-04-26 20:00:00+00:00,20.71,46.77
server_2,2026-04-26 21:00:00+00:00,24.51,40.48
server_2,2026-04-26 22:00:00+00:00,22.34,50.04
server_2,2026-04-26 23:00:00+00:00,22.58,51.43
server_2,2026-04-27 00:00:00+00:00,28.18,45.12
server_2,2026-04-27 01:00:00+00:00,23.13,46.1
server_2,2026-04-27 02:00:00+00:00,25.23,40.15
server_2,2026-04-27 03:00:00+00:00,27.39,48.33
server_2,2026-04-27 04:00:00+00:00,27.02,43.72
server_2,2026-04-27 05:00:00+00:00,24.6,40.51
server_2,2026-04-27 06:00:00+00:00,24.28,43.59
server_2,2026-04-27 07:00:00+00:00,20.65,41.62
server_2,2026-04-27 08:00:00+00:00,22.36,42.78
server_2,2026-04-27 09:00:00+00:00,25.8,49.08
server_2,2026-04-27 10:00:00+00:00,28.08,42.94
server_2,2026-04-27 11:00:00+00:00,31.62,54.26
server_2,2026-04-27 12:00:00+00:00,36.26,43.64
server_2,2026-04-27 13:00:00+00:00,31.88,53.87
server_2,2026-04-27 14:00:00+00:00,34.26,44.17
server_2,2026-04-27 15:00:00+00:00,34.13,48.19
server_2,2026-04-27 16:00:00+00:00,29.67,44.67
server_2,2026-04-27 17:00:00+00:00,32.0,46.07
server_2,2026-04-27 18:00:00+00:00,27.27,49.0
server_2,2026-04-27 19:00:00+00:00,25.73,51.25
server_2,2026-04-27 20:00:00+00:00,29.49,51.33
server_2,2026-04-27 21:00:00+00:00,21.25,42.07
server_2,2026-04-27 22:00:00+00:00,24.98,45.73
server_2,2026-04-27 23:00:00+00:00,25.92,42.19
server_2,2026-04-28 00:00:00+00:00,22.71,40.23
server_2,2026-04-28 01:00:00+00:00,25.75,40.68
server_2,2026-04-28 02:00:00+00:00,22.23,42.28
server_2,2026-04-28 03:00:00+00:00,26.73,46.6
server_2,2026-04-28 04:00:00+00:00,27.64,38.28
server_2,2026-04-28 05:00:00+00:00,25.68,45.05
server_2,2026-04-28 06:00:00+00:00,20.37,49.44
server_2,2026-04-28 07:00:00+00:00,22.58,48.64
server_2,2026-04-28 08:00:00+00:00,26.41,43.15
server_2,2026-04-28 09:00:00+00:00,25.05,39.43
server_2,2026-04-28 10:00:00+00:00,21.69,45.68
server_2,2026-04-28 11:00:00+00:00,34.53,39.07
server_2,2026-04-28 12:00:00+00:00,34.0,52.59
server_2,2026-04-28 13:00:00+00:00,32.8,46.88
server_2,2026-04-28 14:00:00+00:00,37.34,56.64
server_2,2026-04-28 15:00:00+00:00,31.97,40.53
server_2,2026-04-28 16:00:00+00:00,29.71,50.32
server_2,2026-04-28 17:00:00+00:00,29.32,46.11
server_2,2026-04-28 18:00:00+00:00,29.45,45.23
server_2,2026-04-28 19:00:00+00:00,29.06,40.94
server_2,2026-04-28 20:00:00+00:00,25.9,47.7
server_2,2026-04-28 21:00:00+00:00,26.16,48.11
server_2,2026-04-28 22:00:00+00:00,26.98,52.83
server_2,2026-04-28 23:00:00+00:00,21.86,47.93
server_2,2026-04-29 00:00:00+00:00,26.61,43.19
server_2,2026-04-29 01:00:00+00:00,23.16,40.34
server_2,2026-04-29 02:00:00+00:00,25.8,39.8
server_2,2026-04-29 03:00:00+00:00,24.43,50.69
server_2,2026-04-29 04:00:00+00:00,26.25,42.33
server_2,2026-04-29 05:00:00+00:00,25.3,51.02
server_2,2026-04-29 06:00:00+00:00,17.32,44.41
server_2,2026-04-29 07:00:00+00:00,25.45,46.48
server_2,2026-04-29 08:00:00+00:00,26.61,44.33
server_2,2026-04-29 09:00:00+00:00,26.11,48.03
server_2,2026-04-29 10:00:00+00:00,28.16,46.05
server_2,2026-04-29 11:00:00+00:00,35.53,47.21
server_2,2026-04-29 12:00:00+00:00,34.44,51.09
server_2,2026-04-29 13:00:00+00:00,35.94,48.25
server_2,2026-04-29 14:00:00+00:00,37.46,46.17
server_2,2026-04-29 15:00:00+00:00,34.57,50.75
server_2,2026-04-29 16:00:00+00:00,29.18,46.21
server_2,2026-04-29 17:00:00+00:00,22.32,46.02
server_2,2026-04-29 18:00:00+00:00,23.81,42.77
server_2,2026-04-29 19:00:00+00:00,26.9,40.83
server_2,2026-04-29 20:00:00+00:00,24.12,51.63
server_2,2026-04-29 21:00:00+00:00,27.0,51.89
server_2,2026-04-29 22:00:00+00:00,25.37,48.67
server_2,2026-04-29 23:00:00+00:00,28.22,44.58
server_2,2026-04-30 00:00:00+00:00,24.26,43.54
server_2,2026-04-30 01:00:00+00:00,26.17,50.94
server_2,2026-04-30 02:00:00+00:00,26.26,44.03
server_2,2026-04-30 03:00:00+00:00,28.75,43.78
server_2,2026-04-30 04:00:00+00:00,20.73,51.0
server_2,2026-04-30 05:00:00+00:00,23.85,44.41
server_2,2026-04-30 06:00:00+00:00,27.12,52.82
server_2,2026-04-30 07:00:00+00:00,28.86,40.76
server_2,2026-04-30 08:00:00+00:00,25.6,47.28
server_2,2026-04-30 09:00:00+00:00,24.27,53.03
server_2,2026-04-30 10:00:00+00:00,30.31,46.98
server_2,2026-04-30 11:00:00+00:00,33.6,46.95
server_2,2026-04-30 12:00:00+00:00,32.76,43.05
server_2,2026-04-30 13:00:00+00:00,35.67,53.07
server_2,2026-04-30 14:00:00+00:00,37.8,46.4
server_2,2026-04-30 15:00:00+00:00,38.39,49.31
server_2,2026-04-30 16:00:00+00:00,33.28,42.96
server_2,2026-04-30 17:00:00+00:00,28.53,52.46
server_2,2026-04-30 18:00:00+00:00,24.86,49.57
server_2,2026-04-30 19:00:00+00:00,26.39,45.36
server_2,2026-04-30 20:00:00+00:00,24.71,40.28
server_2,2026-04-30 21:00:00+00:00,25.47,51.31
server_2,2026-04-30 22:00:00+00:00,22.36,42.61
server_2,2026-04-30 23:00:00+00:00,28.24,41.71
server_2,2026-05-01 00:00:00+00:00,22.15,36.95
server_2,2026-05-01 01:00:00+00:00,23.92,42.04
server_2,2026-05-01 02:00:00+00:00,25.24,39.27
server_2,2026-05-01 03:00:00+00:00,29.98,44.25
server_2,2026-05-01 04:00:00+00:00,23.94,47.61
server_2,2026-05-01 05:00:00+00:00,23.33,42.92
server_2,2026-05-01 06:00:00+00:00,23.62,45.94
server_2,2026-05-01 07:00:00+00:00,29.15,43.56
server_2,2026-05-01 08:00:00+00:00,17.97,42.8
server_2,2026-05-01 09:00:00+00:00,22.49,51.81
server_2,2026-05-01 10:00:00+00:00,35.25,47.19
server_2,2026-05-01 11:00:00+00:00,32.91,49.3
server_2,2026-05-01 12:00:00+00:00,30.9,40.8
server_2,2026-05-01 13:00:00+00:00,34.74,54.49
server_2,2026-05-01 14:00:00+00:00,35.02,46.6
server_2,2026-05-01 15:00:00+00:00,35.78,52.97
server_2,2026-05-01 16:00:00+00:00,36.03,48.37
server_2,2026-05-01 17:00:00+00:00,29.39,48.98
server_2,2026-05-01 18:00:00+00:00,23.65,47.21
server_2,2026-05-01 19:00:00+00:00,26.97,43.88
server_2,2026-05-01 20:00:00+00:00,23.25,48.76
server_2,2026-05-01 21:00:00+00:00,22.42,41.06
server_2,2026-05-01 22:00:00+00:00,20.6,46.57
server_2,2026-05-01 23:00:00+00:00,21.09,42.07
server_2,2026-05-02 00:00:00+00:00,20.76,44.91
server_2,2026-05-02 01:00:00+00:00,20.06,41.42
server_2,2026-05-02 02:00:00+00:00,23.78,44.77
server_2,2026-05-02 03:00:00+00:00,20.0,38.95
server_2,2026-05-02 04:00:00+00:00,15.14,42.54
server_2,2026-05-02 05:00:00+00:00,20.39,43.56
server_2,2026-05-02 06:00:00+00:00,21.82,41.73
server_2,2026-05-02 07:00:00+00:00,21.49,43.55
server_2,2026-05-02 08:00:00+00:00,26.8,46.17
server_2,2026-05-02 09:00:00+00:00,21.47,41.3
server_2,2026-05-02 10:00:00+00:00,27.08,45.21
server_2,2026-05-02 11:00:00+00:00,26.49,41.5
server_2,2026-05-02 12:00:00+00:00,27.66,55.31
server_2,2026-05-02 13:00:00+00:00,26.33,49.7
server_2,2026-05-02 14:00:00+00:00,28.27,47.24
server_2,2026-05-02 15:00:00+00:00,25.85,49.99
server_2,2026-05-02 16:00:00+00:00,26.96,37.77
server_2,2026-05-02 17:00:00+00:00,24.29,34.52
server_2,2026-05-02 18:00:00+00:00,20.64,41.88
server_2,2026-05-02 19:00:00+00:00,25.48,39.65
server_2,2026-05-02 20:00:00+00:00,24.07,43.73
server_2,2026-05-02 21:00:00+00:00,21.88,44.73
server_2,2026-05-02 22:00:00+00:00,23.36,48.11
server_2,2026-05-02 23:00:00+00:00,22.79,39.67
server_2,2026-05-03 00:00:00+00:00,20.83,45.14
server_2,2026-05-03 01:00:00+00:00,23.18,44.42
server_2,2026-05-03 02:00:00+00:00,21.45,45.15
server_2,2026-05-03 03:00:00+00:00,20.64,41.39
server_2,2026-05-03 04:00:00+00:00,18.94,48.41
server_2,2026-05-03 05:00:00+00:00,22.1,43.57
server_2,2026-05-03 06:00:00+00:00,24.42,51.89
server_2,2026-05-03 07:00:00+00:00,21.26,40.53
server_2,2026-05-03 08:00:00+00:00,29.3,49.48
server_2,2026-05-03 09:00:00+00:00,25.21,44.84
server_2,2026-05-03 10:00:00+00:00,28.14,44.79
server_2,2026-05-03 11:00:00+00:00,28.52,48.76
server_2,2026-05-03 12:00:00+00:00,32.4,46.39
server_2,2026-05-03 13:00:00+00:00,26.45,34.86
server_2,2026-05-03 14:00:00+00:00,22.01,31.7
server_2,2026-05-03 15:00:00+00:00,26.65,50.67
server_2,2026-05-03 16:00:00+00:00,27.93,50.95
server_2,2026-05-03 17:00:00+00:00,25.26,52.64
server_2,2026-05-03 18:00:00+00:00,23.69,44.47
server_2,2026-05-03 19:00:00+00:00,26.3,40.29
server_2,2026-05-03 20:00:00+00:00,23.96,42.96
server_2,2026-05-03 21:00:00+00:00,25.0,45.04
server_2,2026-05-03 22:00:00+00:00,20.65,39.45
server_2,2026-05-03 23:00:00+00:00,20.26,49.94
server_2,2026-05-04 00:00:00+00:00,29.04,55.37
server_2,2026-05-04 01:00:00+00:00,25.25,47.0
server_2,2026-05-04 02:00:00+00:00,23.44,44.41
server_2,2026-05-04 03:00:00+00:00,23.45,39.28
server_2,2026-05-04 04:00:00+00:00,23.38,50.62
server_2,2026-05-04 05:00:00+00:00,23.23,44.68
server_2,2026-05-04 06:00:00+00:00,21.79,42.72
server_2,2026-05-04 07:00:00+00:00,21.25,45.61
server_2,2026-05-04 08:00:00+00:00,24.51,42.49
server_2,2026-05-04 09:00:00+00:00,23.52,45.07
server_2,2026-05-04 10:00:00+00:00,31.19,41.4
server_2,2026-05-04 11:00:00+00:00,32.16,51.85
server_2,2026-05-04 12:00:00+00:00,34.32,47.85
server_2,2026-05-04 13:00:00+00:00,32.99,52.43
server_2,2026-05-04 14:00:00+00:00,34.55,47.54
server_2,2026-05-04 15:00:00+00:00,34.56,47.8
server_2,2026-05-04 16:00:00+00:00,33.22,43.03
server_2,2026-05-04 17:00:00+00:00,28.19,49.15
server_2,2026-05-04 18:00:00+00:00,27.7,42.44
server_2,2026-05-04 19:00:00+00:00,25.02,43.06
server_2,2026-05-04 20:00:00+00:00,26.98,45.7
server_2,2026-05-04 21:00:00+00:00,23.78,45.06
server_2,2026-05-04 22:00:00+00:00,20.47,36.59
server_2,2026-05-04 23:00:00+00:00,25.67,44.31
server_2,2026-05-05 00:00:00+00:00,26.81,48.82
server_2,2026-05-05 01:00:00+00:00,26.44,43.99
server_2,2026-05-05 02:00:00+00:00,26.06,44.47
server_2,2026-05-05 03:00:00+00:00,24.13,45.34
server_2,2026-05-05 04:00:00+00:00,22.98,43.79
server_2,2026-05-05 05:00:00+00:00,26.38,41.36
server_2,2026-05-05 06:00:00+00:00,26.07,45.23
server_2,2026-05-05 07:00:00+00:00,23.6,48.49
server_2,2026-05-05 08:00:00+00:00,27.77,41.77
server_2,2026-05-05 09:00:00+00:00,22.79,42.73
server_2,2026-05-05 10:00:00+00:00,26.96,40.16
server_2,2026-05-05 11:00:00+00:00,35.52,52.45
server_2,2026-05-05 12:00:00+00:00,35.83,48.42
server_2,2026-05-05 13:00:00+00:00,33.95,44.73
server_2,2026-05-05 14:00:00+00:00,35.57,49.07
server_2,2026-05-05 15:00:00+00:00,34.05,43.35
server_2,2026-05-05 16:00:00+00:00,24.56,40.71
server_2,2026-05-05 17:00:00+00:00,26.15,39.56
server_2,2026-05-05 18:00:00+00:00,24.87,40.69
server_2,2026-05-05 19:00:00+00:00,24.11,50.12
server_2,2026-05-05 20:00:00+00:00,25.62,42.28
server_2,2026-05-05 21:00:00+00:00,27.82,47.85
server_2,2026-05-05 22:00:00+00:00,24.2,41.37
server_2,2026-05-05 23:00:00+00:00,22.36,47.11
server_2,2026-05-06 00:00:00+00:00,25.81,41.18
server_2,2026-05-06 01:00:00+00:00,24.18,44.87
server_2,2026-05-06 02:00:00+00:00,24.61,45.07
server_2,2026-05-06 03:00:00+00:00,24.27,54.06
server_2,2026-05-06 04:00:00+00:00,30.6,49.48
server_2,2026-05-06 05:00:00+00:00,19.4,40.67
server_2,2026-05-06 06:00:00+00:00,24.03,47.4
server_2,2026-05-06 07:00:00+00:00,24.99,53.55
server_2,2026-05-06 08:00:00+00:00,23.05,37.8
server_2,2026-05-06 09:00:00+00:00,27.25,42.42
server_2,2026-05-06 10:00:00+00:00,30.45,45.96
server_2,2026-05-06 11:00:00+00:00,31.31,45.54
server_2,2026-05-06 12:00:00+00:00,32.98,46.46
server_2,2026-05-06 13:00:00+00:00,34.57,43.13
server_2,2026-05-06 14:00:00+00:00,34.59,53.97
server_2,2026-05-06 15:00:00+00:00,33.46,42.27
server_2,2026-05-06 16:00:00+00:00,30.96,46.28
server_2,2026-05-06 17:00:00+00:00,29.05,50.6
server_2,2026-05-06 18:00:00+00:00,26.88,45.54
server_2,2026-05-06 19:00:00+00:00,21.92,40.01
server_2,2026-05-06 20:00:00+00:00,22.37,38.69
server_2,2026-05-06 21:00:00+00:00,20.63,42.55
server_2,2026-05-06 22:00:00+00:00,27.17,42.73
server_2,2026-05-06 23:00:00+00:00,25.63,46.04
server_2,2026-05-07 00:00:00+00:00,26.26,39.84
server_2,2026-05-07 01:00:00+00:00,21.43,47.0
server_2,2026-05-07 02:00:00+00:00,29.46,47.02
server_2,2026-05-07 03:00:00+00:00,23.48,45.23
server_2,2026-05-07 04:00:00+00:00,25.42,50.91
server_2,2026-05-07 05:00:00+00:00,27.14,44.0
server_2,2026-05-07 06:00:00+00:00,22.53,41.23
server_2,2026-05-07 07:00:00+00:00,23.63,42.33
server_2,2026-05-07 08:00:00+00:00,25.45,44.39
server_2,2026-05-07 09:00:00+00:00,32.14,47.14
server_2,2026-05-07 10:00:00+00:00,29.17,43.14
server_2,2026-05-07 11:00:00+00:00,35.44,40.56
server_2,2026-05-07 12:00:00+00:00,36.67,46.84
server_2,2026-05-07 13:00:00+00:00,35.77,50.21
server_2,2026-05-07 14:00:00+00:00,32.38,48.13
server_2,2026-05-07 15:00:00+00:00,36.31,53.76
server_2,2026-05-07 16:00:00+00:00,27.68,53.76
server_2,2026-05-07 17:00:00+00:00,32.42,50.64
server_2,2026-05-07 18:00:00+00:00,25.5,50.71
server_2,2026-05-07 19:00:00+00:00,18.37,45.75
server_2,2026-05-07 20:00:00+00:00,24.15,51.54
server_2,2026-05-07 21:00:00+00:00,26.63,52.98
server_2,2026-05-07 22:00:00+00:00,24.41,48.6
server_2,2026-05-07 23:00:00+00:00,26.79,48.45
server_2,2026-05-08 00:00:00+00:00,22.87,43.44
server_2,2026-05-08 01:00:00+00:00,21.74,43.69
server_2,2026-05-08 02:00:00+00:00,24.82,43.59
server_2,2026-05-08 03:00:00+00:00,25.08,47.51
server_2,2026-05-08 04:00:00+00:00,24.13,41.81
server_2,2026-05-08 05:00:00+00:00,28.07,45.31
server_2,2026-05-08 06:00:00+00:00,22.87,34.84
server_2,2026-05-08 07:00:00+00:00,25.78,52.17
server_2,2026-05-08 08:00:00+00:00,25.17,44.18
server_2,2026-05-08 09:00:00+00:00,21.11,45.46
server_2,2026-05-08 10:00:00+00:00,25.12,50.87
server_2,2026-05-08 11:00:00+00:00,31.46,48.46
server_2,2026-05-08 12:00:00+00:00,38.61,55.54
server_2,2026-05-08 13:00:00+00:00,36.3,43.99
server_2,2026-05-08 14:00:00+00:00,30.53,56.53
server_2,2026-05-08 15:00:00+00:00,25.88,49.66
server_2,2026-05-08 16:00:00+00:00,33.26,48.73
server_2,2026-05-08 17:00:00+00:00,28.18,51.81
server_2,2026-05-08 18:00:00+00:00,27.85,41.32
server_2,2026-05-08 19:00:00+00:00,22.8,43.07
server_2,2026-05-08 20:00:00+00:00,25.88,51.08
server_2,2026-05-08 21:00:00+00:00,27.12,38.27
server_2,2026-05-08 22:00:00+00:00,23.88,46.85
server_2,2026-05-08 23:00:00+00:00,23.93,46.76
server_2,2026-05-09 00:00:00+00:00,23.06,52.2
server_2,2026-05-09 01:00:00+00:00,24.36,38.44
server_2,2026-05-09 02:00:00+00:00,22.96,50.73
server_2,2026-05-09 03:00:00+00:00,25.43,42.91
server_2,2026-05-09 04:00:00+00:00,21.85,42.11
server_2,2026-05-09 05:00:00+00:00,19.68,38.25
server_2,2026-05-09 06:00:00+00:00,27.94,41.68
server_2,2026-05-09 07:00:00+00:00,21.49,45.39
server_2,2026-05-09 08:00:00+00:00,21.58,39.35
server_2,2026-05-09 09:00:00+00:00,22.84,47.2
server_2,2026-05-09 10:00:00+00:00,25.05,42.37
server_2,2026-05-09 11:00:00+00:00,25.57,40.35
server_2,2026-05-09 12:00:00+00:00,27.72,43.84
server_2,2026-05-09 13:00:00+00:00,28.32,47.51
server_2,2026-05-09 14:00:00+00:00,28.85,45.24
server_2,2026-05-09 15:00:00+00:00,21.87,44.04
server_2,2026-05-09 16:00:00+00:00,31.24,49.97
server_2,2026-05-09 17:00:00+00:00,24.51,49.16
server_2,2026-05-09 18:00:00+00:00,24.45,43.57
server_2,2026-05-09 19:00:00+00:00,19.55,38.92
server_2,2026-05-09 20:00:00+00:00,21.82,44.19
server_2,2026-05-09 21:00:00+00:00,21.32,45.59
server_2,2026-05-09 22:00:00+00:00,26.67,39.74
server_2,2026-05-09 23:00:00+00:00,21.54,40.22
server_2,2026-05-10 00:00:00+00:00,24.9,42.09
server_2,2026-05-10 01:00:00+00:00,21.37,42.9
server_2,2026-05-10 02:00:00+00:00,21.87,40.86
server_2,2026-05-10 03:00:00+00:00,22.39,46.91
server_2,2026-05-10 04:00:00+00:00,26.21,39.0
server_2,2026-05-10 05:00:00+00:00,18.28,36.33
server_2,2026-05-10 06:00:00+00:00,19.71,41.81
server_2,2026-05-10 07:00:00+00:00,18.13,41.89
server_2,2026-05-10 08:00:00+00:00,20.28,37.53
server_2,2026-05-10 09:00:00+00:00,20.97,41.16
server_2,2026-05-10 10:00:00+00:00,20.84,41.94
server_2,2026-05-10 11:00:00+00:00,24.7,43.32
server_2,2026-05-10 12:00:00+00:00,22.73,44.81
server_2,2026-05-10 13:00:00+00:00,25.87,42.66
server_2,2026-05-10 14:00:00+00:00,31.42,53.16
server_2,2026-05-10 15:00:00+00:00,28.77,48.27
server_2,2026-05-10 16:00:00+00:00,27.0,42.47
server_2,2026-05-10 17:00:00+00:00,22.37,44.46
server_2,2026-05-10 18:00:00+00:00,19.16,43.45
server_2,2026-05-10 19:00:00+00:00,20.15,48.16
server_2,2026-05-10 20:00:00+00:00,22.89,41.86
server_2,2026-05-10 21:00:00+00:00,25.17,48.13
server_2,2026-05-10 22:00:00+00:00,25.26,45.26
server_2,2026-05-10 23:00:00+00:00,24.58,50.82
server_2,2026-05-11 00:00:00+00:00,23.16,49.52
server_2,2026-05-11 01:00:00+00:00,25.06,45.81
server_2,2026-05-11 02:00:00+00:00,24.2,43.67
server_2,2026-05-11 03:00:00+00:00,24.5,46.85
server_2,2026-05-11 04:00:00+00:00,30.09,46.06
server_2,2026-05-11 05:00:00+00:00,20.59,50.18
server_2,2026-05-11 06:00:00+00:00,24.41,45.11
server_2,2026-05-11 07:00:00+00:00,28.03,44.44
server_2,2026-05-11 08:00:00+00:00,21.34,41.88
server_2,2026-05-11 09:00:00+00:00,23.39,39.58
server_2,2026-05-11 10:00:00+00:00,27.1,47.96
server_2,2026-05-11 11:00:00+00:00,30.87,43.77
server_2,2026-05-11 12:00:00+00:00,29.67,51.03
server_2,2026-05-11 13:00:00+00:00,36.34,43.8
server_2,2026-05-11 14:00:00+00:00,36.51,49.54
server_2,2026-05-11 15:00:00+00:00,34.93,53.08
server_2,2026-05-11 16:00:00+00:00,29.25,37.88
server_2,2026-05-11 17:00:00+00:00,28.64,54.35
server_2,2026-05-11 18:00:00+00:00,22.75,42.51
server_2,2026-05-11 19:00:00+00:00,24.17,45.27
server_2,2026-05-11 20:00:00+00:00,30.38,49.17
server_2,2026-05-11 21:00:00+00:00,25.24,47.99
server_2,2026-05-11 22:00:00+00:00,22.03,45.06
server_2,2026-05-11 23:00:00+00:00,25.45,49.15
server_2,2026-05-12 00:00:00+00:00,21.62,45.89
server_2,2026-05-12 01:00:00+00:00,22.0,50.99
server_2,2026-05-12 02:00:00+00:00,22.4,46.18
server_2,2026-05-12 03:00:00+00:00,23.89,52.47
server_2,2026-05-12 04:00:00+00:00,27.34,49.42
server_2,2026-05-12 05:00:00+00:00,26.45,38.28
server_2,2026-05-12 06:00:00+00:00,26.31,55.9
server_2,2026-05-12 07:00:00+00:00,22.25,41.74
server_2,2026-05-12 08:00:00+00:00,23.65,50.51
server_2,2026-05-12 09:00:00+00:00,25.68,45.35
server_2,2026-05-12 10:00:00+00:00,26.85,49.89
server_2,2026-05-12 11:00:00+00:00,30.73,44.25
server_2,2026-05-12 12:00:00+00:00,34.76,50.92
server_2,2026-05-12 13:00:00+00:00,33.98,47.13
server_2,2026-05-12 14:00:00+00:00,35.41,54.96
server_2,2026-05-12 15:00:00+00:00,37.64,51.18
server_2,2026-05-12 16:00:00+00:00,31.0,50.84
server_2,2026-05-12 17:00:00+00:00,31.37,38.57
server_2,2026-05-12 18:00:00+00:00,26.4,45.15
server_2,2026-05-12 19:00:00+00:00,21.33,45.36
server_2,2026-05-12 20:00:00+00:00,22.24,44.93
server_2,2026-05-12 21:00:00+00:00,22.92,48.12
server_2,2026-05-12 22:00:00+00:00,22.86,42.79
server_2,2026-05-12 23:00:00+00:00,24.77,45.12
server_2,2026-05-13 00:00:00+00:00,26.54,50.26
server_2,2026-05-13 01:00:00+00:00,28.14,36.98
server_2,2026-05-13 02:00:00+00:00,25.77,47.63
server_2,2026-05-13 03:00:00+00:00,23.89,43.27
server_2,2026-05-13 04:00:00+00:00,19.79,39.53
server_2,2026-05-13 05:00:00+00:00,25.18,46.41
server_2,2026-05-13 06:00:00+00:00,25.06,49.93
server_2,2026-05-13 07:00:00+00:00,25.46,49.32
server_2,2026-05-13 08:00:00+00:00,30.27,46.3
server_2,2026-05-13 09:00:00+00:00,28.1,49.59
server_2,2026-05-13 10:00:00+00:00,30.38,50.36
server_2,2026-05-13 11:00:00+00:00,29.02,46.06
server_2,2026-05-13 12:00:00+00:00,32.38,44.81
server_2,2026-05-13 13:00:00+00:00,34.61,45.82
server_2,2026-05-13 14:00:00+00:00,32.91,51.12
server_2,2026-05-13 15:00:00+00:00,34.91,48.3
server_2,2026-05-13 16:00:00+00:00,32.32,43.38
server_2,2026-05-13 17:00:00+00:00,25.7,38.51
server_2,2026-05-13 18:00:00+00:00,27.99,49.37
server_2,2026-05-13 19:00:00+00:00,25.26,42.9
server_2,2026-05-13 20:00:00+00:00,20.68,44.81
server_2,2026-05-13 21:00:00+00:00,24.87,49.91
server_2,2026-05-13 22:00:00+00:00,25.7,40.01
server_2,2026-05-13 23:00:00+00:00,27.43,45.67
server_2,2026-05-14 00:00:00+00:00,24.16,44.02
server_2,2026-05-14 01:00:00+00:00,27.07,47.24
server_2,2026-05-14 02:00:00+00:00,25.47,50.12
server_2,2026-05-14 03:00:00+00:00,21.71,38.53
server_2,2026-05-14 04:00:00+00:00,21.46,46.04
server_2,2026-05-14 05:00:00+00:00,27.81,50.11
server_2,2026-05-14 06:00:00+00:00,27.99,45.3
server_2,2026-05-14 07:00:00+00:00,25.81,44.73
server_2,2026-05-14 08:00:00+00:00,28.74,47.98
server_2,2026-05-14 09:00:00+00:00,27.64,47.3
server_2,2026-05-14 10:00:00+00:00,30.13,49.12
server_2,2026-05-14 11:00:00+00:00,29.15,48.7
server_2,2026-05-14 12:00:00+00:00,37.99,45.62
server_2,2026-05-14 13:00:00+00:00,36.19,52.88
server_2,2026-05-14 14:00:00+00:00,33.88,52.78
server_2,2026-05-14 15:00:00+00:00,31.99,48.19
server_2,2026-05-14 16:00:00+00:00,32.07,41.5
server_2,2026-05-14 17:00:00+00:00,24.24,44.28
server_2,2026-05-14 18:00:00+00:00,26.75,46.39
server_2,2026-05-14 19:00:00+00:00,22.62,39.59
server_2,2026-05-14 20:00:00+00:00,25.93,43.88
server_2,2026-05-14 21:00:00+00:00,23.7,38.91
server_2,2026-05-14 22:00:00+00:00,24.34,47.2
server_2,2026-05-14 23:00:00+00:00,23.11,45.0
server_2,2026-05-15 00:00:00+00:00,24.6,38.28
server_2,2026-05-15 01:00:00+00:00,29.72,48.06
server_2,2026-05-15 02:00:00+00:00,28.46,45.99
server_2,2026-05-15 03:00:00+00:00,25.89,47.38
server_2,2026-05-15 04:00:00+00:00,24.94,43.41
server_2,2026-05-15 05:00:00+00:00,27.11,42.53
server_2,2026-05-15 06:00:00+00:00,27.82,42.91
server_2,2026-05-15 07:00:00+00:00,22.93,42.12
server_2,2026-05-15 08:00:00+00:00,24.81,45.01
server_2,2026-05-15 09:00:00+00:00,20.45,44.0
server_2,2026-05-15 10:00:00+00:00,31.23,46.42
server_2,2026-05-15 11:00:00+00:00,36.59,47.36
server_2,2026-05-15 12:00:00+00:00,33.86,46.7
server_2,2026-05-15 13:00:00+00:00,29.54,56.62
server_2,2026-05-15 14:00:00+00:00,36.37,45.9
server_2,2026-05-15 15:00:00+00:00,31.4,45.01
server_2,2026-05-15 16:00:00+00:00,29.77,59.84
server_2,2026-05-15 17:00:00+00:00,29.99,48.43
server_2,2026-05-15 18:00:00+00:00,25.64,39.7
server_2,2026-05-15 19:00:00+00:00,23.78,47.94
server_2,2026-05-15 20:00:00+00:00,23.38,40.79
server_2,2026-05-15 21:00:00+00:00,25.31,48.75
server_2,2026-05-15 22:00:00+00:00,23.98,43.8
server_2,2026-05-15 23:00:00+00:00,22.23,42.27
server_2,2026-05-16 00:00:00+00:00,22.17,50.45
server_2,2026-05-16 01:00:00+00:00,23.85,46.86
server_2,2026-05-16 02:00:00+00:00,22.55,48.04
server_2,2026-05-16 03:00:00+00:00,19.47,44.8
server_2,2026-05-16 04:00:00+00:00,25.47,43.39
server_2,2026-05-16 05:00:00+00:00,16.15,44.35
server_2,2026-05-16 06:00:00+00:00,21.88,48.75
server_2,2026-05-16 07:00:00+00:00,21.45,44.3
server_2,2026-05-16 08:00:00+00:00,23.37,51.64
server_2,2026-05-16 09:00:00+00:00,24.4,48.19
server_2,2026-05-16 10:00:00+00:00,27.7,46.79
server_2,2026-05-16 11:00:00+00:00,24.75,45.92
server_2,2026-05-16 12:00:00+00:00,29.23,47.03
server_2,2026-05-16 13:00:00+00:00,28.91,41.36
server_2,2026-05-16 14:00:00+00:00,24.14,44.34
server_2,2026-05-16 15:00:00+00:00,32.51,48.51
server_2,2026-05-16 16:00:00+00:00,22.94,42.61
server_2,2026-05-16 17:00:00+00:00,25.93,46.68
server_2,2026-05-16 18:00:00+00:00,23.97,44.73
server_2,2026-05-16 19:00:00+00:00,23.69,47.64
server_2,2026-05-16 20:00:00+00:00,21.76,46.52
server_2,2026-05-16 21:00:00+00:00,25.07,45.69
server_2,2026-05-16 22:00:00+00:00,19.1,37.47
server_2,2026-05-16 23:00:00+00:00,22.84,51.41
server_2,2026-05-17 00:00:00+00:00,21.59,43.24
server_2,2026-05-17 01:00:00+00:00,21.31,43.38
server_2,2026-05-17 02:00:00+00:00,24.07,43.31
server_2,2026-05-17 03:00:00+00:00,25.69,43.29
server_2,2026-05-17 04:00:00+00:00,22.14,50.18
server_2,2026-05-17 05:00:00+00:00,24.95,50.53
server_2,2026-05-17 06:00:00+00:00,23.12,46.12
server_2,2026-05-17 07:00:00+00:00,20.77,43.09
server_2,2026-05-17 08:00:00+00:00,22.36,46.55
server_2,2026-05-17 09:00:00+00:00,22.25,44.33
server_2,2026-05-17 10:00:00+00:00,23.14,43.59
server_2,2026-05-17 11:00:00+00:00,27.61,47.26
server_2,2026-05-17 12:00:00+00:00,28.35,44.41
server_2,2026-05-17 13:00:00+00:00,24.44,45.81
server_2,2026-05-17 14:00:00+00:00,24.29,45.57
server_2,2026-05-17 15:00:00+00:00,28.82,48.75
server_2,2026-05-17 16:00:00+00:00,24.5,42.35
server_2,2026-05-17 17:00:00+00:00,25.64,48.06
server_2,2026-05-17 18:00:00+00:00,24.95,41.36
server_2,2026-05-17 19:00:00+00:00,19.82,40.9
server_2,2026-05-17 20:00:00+00:00,19.47,40.95
server_2,2026-05-17 21:00:00+00:00,27.19,41.48
server_2,2026-05-17 22:00:00+00:00,23.88,48.67
server_2,2026-05-17 23:00:00+00:00,21.95,40.06
server_2,2026-05-18 00:00:00+00:00,22.67,41.39
server_2,2026-05-18 01:00:00+00:00,23.72,49.57
server_2,2026-05-18 02:00:00+00:00,22.02,41.68
server_2,2026-05-18 03:00:00+00:00,27.21,45.02
server_2,2026-05-18 04:00:00+00:00,23.06,40.27
server_2,2026-05-18 05:00:00+00:00,27.73,49.29
server_2,2026-05-18 06:00:00+00:00,24.0,48.04
server_2,2026-05-18 07:00:00+00:00,22.39,47.04
server_2,2026-05-18 08:00:00+00:00,23.93,46.78
server_2,2026-05-18 09:00:00+00:00,18.44,43.0
server_2,2026-05-18 10:00:00+00:00,28.12,43.99
server_2,2026-05-18 11:00:00+00:00,31.0,43.84
server_2,2026-05-18 12:00:00+00:00,35.72,53.91
server_2,2026-05-18 13:00:00+00:00,30.13,49.86
server_2,2026-05-18 14:00:00+00:00,37.75,46.69
server_2,2026-05-18 15:00:00+00:00,35.71,48.91
server_2,2026-05-18 16:00:00+00:00,34.56,47.14
server_2,2026-05-18 17:00:00+00:00,28.29,41.64
server_2,2026-05-18 18:00:00+00:00,27.53,46.6
server_2,2026-05-18 19:00:00+00:00,21.32,42.05
server_2,2026-05-18 20:00:00+00:00,26.78,41.81
server_2,2026-05-18 21:00:00+00:00,23.07,38.41
server_2,2026-05-18 22:00:00+00:00,20.87,37.3
server_2,2026-05-18 23:00:00+00:00,22.19,42.53
server_2,2026-05-19 00:00:00+00:00,25.01,44.66
server_2,2026-05-19 01:00:00+00:00,22.94,40.78
server_2,2026-05-19 02:00:00+00:00,25.94,47.93
server_2,2026-05-19 03:00:00+00:00,20.48,43.16
server_2,2026-05-19 04:00:00+00:00,19.68,45.45
server_2,2026-05-19 05:00:00+00:00,28.43,45.47
server_2,2026-05-19 06:00:00+00:00,27.26,42.64
server_2,2026-05-19 07:00:00+00:00,22.38,44.54
server_2,2026-05-19 08:00:00+00:00,24.99,39.95
server_2,2026-05-19 09:00:00+00:00,27.55,48.05
server_2,2026-05-19 10:00:00+00:00,29.47,42.82
server_2,2026-05-19 11:00:00+00:00,31.8,51.05
server_2,2026-05-19 12:00:00+00:00,36.4,47.64
server_2,2026-05-19 13:00:00+00:00,33.02,52.06
server_2,2026-05-19 14:00:00+00:00,34.93,43.98
server_2,2026-05-19 15:00:00+00:00,33.62,45.3
server_2,2026-05-19 16:00:00+00:00,30.75,48.53
server_2,2026-05-19 17:00:00+00:00,27.45,50.54
server_2,2026-05-19 18:00:00+00:00,25.18,51.73
server_2,2026-05-19 19:00:00+00:00,25.09,45.2
server_2,2026-05-19 20:00:00+00:00,22.38,51.43
server_2,2026-05-19 21:00:00+00:00,27.0,44.54
server_2,2026-05-19 22:00:00+00:00,22.56,48.54
server_2,2026-05-19 23:00:00+00:00,24.45,41.04
server_2,2026-05-20 00:00:00+00:00,24.26,46.42
server_2,2026-05-20 01:00:00+00:00,25.9,35.95
server_2,2026-05-20 02:00:00+00:00,19.7,38.66
server_2,2026-05-20 03:00:00+00:00,27.23,47.65
server_2,2026-05-20 04:00:00+00:00,23.31,39.16
server_2,2026-05-20 05:00:00+00:00,28.05,47.78
server_2,2026-05-20 06:00:00+00:00,23.8,48.21
server_2,2026-05-20 07:00:00+00:00,24.88,42.95
server_2,2026-05-20 08:00:00+00:00,29.78,42.8
server_2,2026-05-20 09:00:00+00:00,24.31,42.86
server_2,2026-05-20 10:00:00+00:00,31.52,43.42
server_2,2026-05-20 11:00:00+00:00,31.53,46.88
server_2,2026-05-20 12:00:00+00:00,34.7,48.8
server_2,2026-05-20 13:00:00+00:00,35.02,47.28
server_2,2026-05-20 14:00:00+00:00,36.97,55.89
server_2,2026-05-20 15:00:00+00:00,31.95,44.55
server_2,2026-05-20 16:00:00+00:00,28.97,51.95
server_2,2026-05-20 17:00:00+00:00,26.82,41.47
server_2,2026-05-20 18:00:00+00:00,25.25,45.38
server_2,2026-05-20 19:00:00+00:00,24.45,49.54
server_2,2026-05-20 20:00:00+00:00,26.78,50.15
server_2,2026-05-20 21:00:00+00:00,28.26,44.46
server_2,2026-05-20 22:00:00+00:00,22.56,46.37
server_2,2026-05-20 23:00:00+00:00,23.17,46.04
server_2,2026-05-21 00:00:00+00:00,21.41,41.58
server_2,2026-05-21 01:00:00+00:00,30.08,49.24
server_2,2026-05-21 02:00:00+00:00,25.76,52.72
server_2,2026-05-21 03:00:00+00:00,26.2,47.31
server_2,2026-05-21 04:00:00+00:00,21.65,46.09
server_2,2026-05-21 05:00:00+00:00,25.0,47.69
server_2,2026-05-21 06:00:00+00:00,26.27,39.6
server_2,2026-05-21 07:00:00+00:00,24.37,46.62
server_2,2026-05-21 08:00:00+00:00,27.69,41.87
server_2,2026-05-21 09:00:00+00:00,30.78,44.66
server_2,2026-05-21 10:00:00+00:00,26.05,54.02
server_2,2026-05-21 11:00:00+00:00,28.87,45.34
server_2,2026-05-21 12:00:00+00:00,31.47,44.3
server_2,2026-05-21 13:00:00+00:00,38.86,54.46
server_2,2026-05-21 14:00:00+00:00,37.45,45.57
server_2,2026-05-21 15:00:00+00:00,33.32,46.12
server_2,2026-05-21 16:00:00+00:00,31.52,52.28
server_2,2026-05-21 17:00:00+00:00,26.38,45.65
server_2,2026-05-21 18:00:00+00:00,27.23,39.53
server_2,2026-05-21 19:00:00+00:00,24.05,46.84
server_2,2026-05-21 20:00:00+00:00,24.35,43.19
server_2,2026-05-21 21:00:00+00:00,26.52,51.69
server_2,2026-05-21 22:00:00+00:00,24.53,42.41
server_2,2026-05-21 23:00:00+00:00,24.41,49.0
server_2,2026-05-22 00:00:00+00:00,25.03,52.11
server_2,2026-05-22 01:00:00+00:00,26.99,42.29
server_2,2026-05-22 02:00:00+00:00,29.12,45.67
server_2,2026-05-22 03:00:00+00:00,26.46,47.07
server_2,2026-05-22 04:00:00+00:00,27.01,42.27
server_2,2026-05-22 05:00:00+00:00,24.5,45.91
server_2,2026-05-22 06:00:00+00:00,23.23,43.48
server_2,2026-05-22 07:00:00+00:00,26.63,44.59
server_2,2026-05-22 08:00:00+00:00,25.43,45.35
server_2,2026-05-22 09:00:00+00:00,21.44,44.04
server_2,2026-05-22 10:00:00+00:00,27.6,46.57
server_2,2026-05-22 11:00:00+00:00,31.22,44.78
server_2,2026-05-22 12:00:00+00:00,32.38,45.36
server_2,2026-05-22 13:00:00+00:00,38.55,49.27
server_2,2026-05-22 14:00:00+00:00,36.05,48.69
server_2,2026-05-22 15:00:00+00:00,37.09,47.48
server_2,2026-05-22 16:00:00+00:00,32.09,48.78
server_2,2026-05-22 17:00:00+00:00,28.62,39.01
server_2,2026-05-22 18:00:00+00:00,22.66,41.26
server_2,2026-05-22 19:00:00+00:00,25.03,43.89
server_2,2026-05-22 20:00:00+00:00,25.03,41.59
server_2,2026-05-22 21:00:00+00:00,21.58,50.32
server_2,2026-05-22 22:00:00+00:00,23.65,44.6
server_2,2026-05-22 23:00:00+00:00,24.19,45.42
server_2,2026-05-23 00:00:00+00:00,24.03,42.73
server_2,2026-05-23 01:00:00+00:00,24.15,44.64
server_2,2026-05-23 02:00:00+00:00,21.55,38.93
server_2,2026-05-23 03:00:00+00:00,24.17,44.03
server_2,2026-05-23 04:00:00+00:00,22.54,40.39
server_2,2026-05-23 05:00:00+00:00,15.83,40.68
server_2,2026-05-23 06:00:00+00:00,21.79,33.64
server_2,2026-05-23 07:00:00+00:00,25.7,40.73
server_2,2026-05-23 08:00:00+00:00,18.8,48.68
server_2,2026-05-23 09:00:00+00:00,23.28,47.72
server_2,2026-05-23 10:00:00+00:00,28.84,51.62
server_2,2026-05-23 11:00:00+00:00,24.63,50.42
server_2,2026-05-23 12:00:00+00:00,27.77,48.66
server_2,2026-05-23 13:00:00+00:00,25.16,43.24
server_2,2026-05-23 14:00:00+00:00,32.48,43.47
server_2,2026-05-23 15:00:00+00:00,27.55,50.48
server_2,2026-05-23 16:00:00+00:00,26.65,45.84
server_2,2026-05-23 17:00:00+00:00,28.27,56.12
server_2,2026-05-23 18:00:00+00:00,24.65,43.42
server_2,2026-05-23 19:00:00+00:00,20.81,51.43
server_2,2026-05-23 20:00:00+00:00,21.38,43.11
server_2,2026-05-23 21:00:00+00:00,24.24,50.08
server_2,2026-05-23 22:00:00+00:00,21.44,50.54
server_2,2026-05-23 23:00:00+00:00,17.71,38.36
server_2,2026-05-24 00:00:00+00:00,22.87,42.31
server_2,2026-05-24 01:00:00+00:00,19.3,38.87
server_2,2026-05-24 02:00:00+00:00,27.04,40.79
server_2,2026-05-24 03:00:00+00:00,23.44,47.12
server_2,2026-05-24 04:00:00+00:00,20.74,42.72
server_2,2026-05-24 05:00:00+00:00,21.25,43.9
server_2,2026-05-24 06:00:00+00:00,18.28,44.87
server_2,2026-05-24 07:00:00+00:00,20.25,35.91
server_2,2026-05-24 08:00:00+00:00,25.54,50.34
server_2,2026-05-24 09:00:00+00:00,28.58,44.86
server_2,2026-05-24 10:00:00+00:00,26.37,47.61
server_2,2026-05-24 11:00:00+00:00,52.95,57.26
server_2,2026-05-24 12:00:00+00:00,75.67,68.22
server_2,2026-05-24 13:00:00+00:00,90.98,67.67
server_2,2026-05-24 14:00:00+00:00,89.58,59.11
server_2,2026-05-24 15:00:00+00:00,75.48,62.9
server_2,2026-05-24 16:00:00+00:00,56.96,56.99
server_2,2026-05-24 17:00:00+00:00,28.32,42.03
server_2,2026-05-24 18:00:00+00:00,18.65,43.37
server_2,2026-05-24 19:00:00+00:00,21.34,42.27
server_2,2026-05-24 20:00:00+00:00,21.33,38.34
server_2,2026-05-24 21:00:00+00:00,22.8,46.92
server_2,2026-05-24 22:00:00+00:00,22.85,41.99
server_2,2026-05-24 23:00:00+00:00,30.49,45.3
server_2,2026-05-25 00:00:00+00:00,22.31,42.21
server_2,2026-05-25 01:00:00+00:00,25.57,50.14
server_2,2026-05-25 02:00:00+00:00,26.54,45.38
server_2,2026-05-25 03:00:00+00:00,25.0,45.32
server_2,2026-05-25 04:00:00+00:00,25.28,43.33
server_2,2026-05-25 05:00:00+00:00,22.39,45.94
server_2,2026-05-25 06:00:00+00:00,25.27,50.49
server_2,2026-05-25 07:00:00+00:00,26.28,48.04
server_2,2026-05-25 08:00:00+00:00,25.82,48.03
server_2,2026-05-25 09:00:00+00:00,26.43,47.92
server_2,2026-05-25 10:00:00+00:00,31.95,41.91
server_2,2026-05-25 11:00:00+00:00,33.77,44.57
server_2,2026-05-25 12:00:00+00:00,33.84,47.27
server_2,2026-05-25 13:00:00+00:00,31.92,44.52
server_2,2026-05-25 14:00:00+00:00,33.35,43.66
server_2,2026-05-25 15:00:00+00:00,33.11,40.35
server_2,2026-05-25 16:00:00+00:00,32.06,42.08
server_2,2026-05-25 17:00:00+00:00,27.22,44.75
server_2,2026-05-25 18:00:00+00:00,22.66,43.9
server_2,2026-05-25 19:00:00+00:00,22.03,40.79
server_2,2026-05-25 20:00:00+00:00,20.87,43.87
server_2,2026-05-25 21:00:00+00:00,24.41,43.06
server_2,2026-05-25 22:00:00+00:00,21.33,48.08
server_2,2026-05-25 23:00:00+00:00,22.5,43.48
server_2,2026-05-26 00:00:00+00:00,24.02,47.44
server_2,2026-05-26 01:00:00+00:00,21.66,44.64
server_2,2026-05-26 02:00:00+00:00,25.95,39.72
server_2,2026-05-26 03:00:00+00:00,26.85,45.29
server_2,2026-05-26 04:00:00+00:00,23.63,39.58
server_2,2026-05-26 05:00:00+00:00,23.91,44.19
server_2,2026-05-26 06:00:00+00:00,26.34,42.49
server_2,2026-05-26 07:00:00+00:00,23.22,45.9
server_2,2026-05-26 08:00:00+00:00,23.04,38.95
server_2,2026-05-26 09:00:00+00:00,27.99,46.11
server_2,2026-05-26 10:00:00+00:00,30.63,49.26
server_2,2026-05-26 11:00:00+00:00,32.93,51.41
server_2,2026-05-26 12:00:00+00:00,35.97,45.78
server_2,2026-05-26 13:00:00+00:00,29.9,46.79
server_2,2026-05-26 14:00:00+00:00,38.23,50.37
server_2,2026-05-26 15:00:00+00:00,34.64,54.56
server_2,2026-05-26 16:00:00+00:00,33.95,42.21
server_2,2026-05-26 17:00:00+00:00,29.39,42.89
server_2,2026-05-26 18:00:00+00:00,25.12,56.26
server_2,2026-05-26 19:00:00+00:00,24.31,43.67
server_2,2026-05-26 20:00:00+00:00,25.92,37.76
server_2,2026-05-26 21:00:00+00:00,24.22,42.4
server_2,2026-05-26 22:00:00+00:00,27.17,34.68
server_2,2026-05-26 23:00:00+00:00,21.03,44.58
server_2,2026-05-27 00:00:00+00:00,23.65,47.77
server_2,2026-05-27 01:00:00+00:00,30.11,43.14
server_2,2026-05-27 02:00:00+00:00,23.43,42.57
server_2,2026-05-27 03:00:00+00:00,24.4,48.49
server_2,2026-05-27 04:00:00+00:00,22.79,37.23
server_2,2026-05-27 05:00:00+00:00,25.84,40.01
server_2,2026-05-27 06:00:00+00:00,23.16,43.44
server_2,2026-05-27 07:00:00+00:00,24.54,41.83
server_2,2026-05-27 08:00:00+00:00,27.12,44.57
server_2,2026-05-27 09:00:00+00:00,23.25,39.33
server_2,2026-05-27 10:00:00+00:00,30.39,47.74
server_2,2026-05-27 11:00:00+00:00,33.48,47.37
server_2,2026-05-27 12:00:00+00:00,36.3,51.15
server_2,2026-05-27 13:00:00+00:00,35.2,49.37
server_2,2026-05-27 14:00:00+00:00,42.95,52.11
server_2,2026-05-27 15:00:00+00:00,36.3,43.17
server_2,2026-05-27 16:00:00+00:00,32.24,49.5
server_2,2026-05-27 17:00:00+00:00,26.23,44.11
server_2,2026-05-27 18:00:00+00:00,24.76,44.25
server_2,2026-05-27 19:00:00+00:00,28.57,50.44
server_2,2026-05-27 20:00:00+00:00,29.27,43.62
server_2,2026-05-27 21:00:00+00:00,28.7,51.7
server_2,2026-05-27 22:00:00+00:00,26.96,51.46
server_2,2026-05-27 23:00:00+00:00,21.86,46.91
server_2,2026-05-28 00:00:00+00:00,26.22,41.5
server_2,2026-05-28 01:00:00+00:00,21.9,35.17
server_2,2026-05-28 02:00:00+00:00,21.28,48.01
server_2,2026-05-28 03:00:00+00:00,25.6,45.65
server_2,2026-05-28 04:00:00+00:00,26.31,42.48
server_2,2026-05-28 05:00:00+00:00,27.26,50.48
server_2,2026-05-28 06:00:00+00:00,26.24,41.99
server_2,2026-05-28 07:00:00+00:00,26.33,43.77
server_2,2026-05-28 08:00:00+00:00,22.54,46.24
server_2,2026-05-28 09:00:00+00:00,24.74,40.45
server_2,2026-05-28 10:00:00+00:00,24.65,44.44
server_2,2026-05-28 11:00:00+00:00,26.42,49.85
server_2,2026-05-28 12:00:00+00:00,35.51,49.52
server_2,2026-05-28 13:00:00+00:00,32.97,52.78
server_2,2026-05-28 14:00:00+00:00,37.03,53.74
server_2,2026-05-28 15:00:00+00:00,36.43,49.03
server_2,2026-05-28 16:00:00+00:00,29.88,37.36
server_2,2026-05-28 17:00:00+00:00,29.9,42.29
server_2,2026-05-28 18:00:00+00:00,23.35,47.47
server_2,2026-05-28 19:00:00+00:00,20.39,37.18
server_2,2026-05-28 20:00:00+00:00,25.31,43.8
server_2,2026-05-28 21:00:00+00:00,23.82,45.94
server_2,2026-05-28 22:00:00+00:00,23.9,50.49
server_2,2026-05-28 23:00:00+00:00,29.94,44.43
server_2,2026-05-29 00:00:00+00:00,21.19,41.09
server_2,2026-05-29 01:00:00+00:00,25.96,45.13
server_2,2026-05-29 02:00:00+00:00,22.51,45.53
server_2,2026-05-29 03:00:00+00:00,27.27,45.18
server_2,2026-05-29 04:00:00+00:00,25.75,49.46
server_2,2026-05-29 05:00:00+00:00,25.95,42.14
server_2,2026-05-29 06:00:00+00:00,22.64,44.65
server_2,2026-05-29 07:00:00+00:00,23.09,46.11
server_2,2026-05-29 08:00:00+00:00,27.32,44.21
server_2,2026-05-29 09:00:00+00:00,29.43,49.91
server_2,2026-05-29 10:00:00+00:00,29.62,47.21
server_2,2026-05-29 11:00:00+00:00,29.18,49.62
server_2,2026-05-29 12:00:00+00:00,34.51,49.1
server_2,2026-05-29 13:00:00+00:00,40.92,52.08
server_2,2026-05-29 14:00:00+00:00,35.1,46.01
server_2,2026-05-29 15:00:00+00:00,37.31,46.79
server_2,2026-05-29 16:00:00+00:00,29.58,51.5
server_2,2026-05-29 17:00:00+00:00,28.31,48.7
server_2,2026-05-29 18:00:00+00:00,26.55,41.45
server_2,2026-05-29 19:00:00+00:00,25.99,46.07
server_2,2026-05-29 20:00:00+00:00,23.08,34.83
server_2,2026-05-29 21:00:00+00:00,22.98,42.0
server_2,2026-05-29 22:00:00+00:00,27.47,49.71
server_2,2026-05-29 23:00:00+00:00,27.98,45.54
server_2,2026-05-30 00:00:00+00:00,26.78,46.09
server_2,2026-05-30 01:00:00+00:00,27.51,33.81
server_2,2026-05-30 02:00:00+00:00,23.34,42.85
server_2,2026-05-30 03:00:00+00:00,22.22,45.38
server_2,2026-05-30 04:00:00+00:00,26.38,47.34
server_2,2026-05-30 05:00:00+00:00,24.78,48.77
server_2,2026-05-30 06:00:00+00:00,20.54,42.6
server_2,2026-05-30 07:00:00+00:00,20.42,42.73
server_2,2026-05-30 08:00:00+00:00,24.23,39.4
server_2,2026-05-30 09:00:00+00:00,22.56,43.33
server_2,2026-05-30 10:00:00+00:00,24.82,39.89
server_2,2026-05-30 11:00:00+00:00,29.22,39.08
server_2,2026-05-30 12:00:00+00:00,29.66,42.29
server_2,2026-05-30 13:00:00+00:00,31.74,53.39
server_2,2026-05-30 14:00:00+00:00,23.59,43.42
server_2,2026-05-30 15:00:00+00:00,28.4,47.07
server_2,2026-05-30 16:00:00+00:00,28.27,44.09
server_2,2026-05-30 17:00:00+00:00,21.06,36.46
server_2,2026-05-30 18:00:00+00:00,21.36,47.47
server_2,2026-05-30 19:00:00+00:00,20.9,34.88
server_2,2026-05-30 20:00:00+00:00,23.05,42.1
server_2,2026-05-30 21:00:00+00:00,27.07,45.51
server_2,2026-05-30 22:00:00+00:00,28.06,46.99
server_2,2026-05-30 23:00:00+00:00,20.96,40.68
server_2,2026-05-31 00:00:00+00:00,24.32,37.41
server_2,2026-05-31 01:00:00+00:00,24.4,41.58
server_2,2026-05-31 02:00:00+00:00,23.97,41.64
server_2,2026-05-31 03:00:00+00:00,24.0,41.56
server_2,2026-05-31 04:00:00+00:00,23.76,48.45
server_2,2026-05-31 05:00:00+00:00,27.22,40.92
server_2,2026-05-31 06:00:00+00:00,25.76,46.47
server_2,2026-05-31 07:00:00+00:00,20.35,44.01
server_2,2026-05-31 08:00:00+00:00,24.99,48.84
server_2,2026-05-31 09:00:00+00:00,25.23,44.55
server_2,2026-05-31 10:00:00+00:00,25.67,48.4
server_2,2026-05-31 11:00:00+00:00,29.36,45.84
server_2,2026-05-31 12:00:00+00:00,28.23,47.87
server_2,2026-05-31 13:00:00+00:00,28.92,40.36
server_2,2026-05-31 14:00:00+00:00,28.72,35.75
server_2,2026-05-31 15:00:00+00:00,22.72,45.71
server_2,2026-05-31 16:00:00+00:00,26.33,47.19
server_2,2026-05-31 17:00:00+00:00,23.21,46.28
server_2,2026-05-31 18:00:00+00:00,20.03,41.16
server_2,2026-05-31 19:00:00+00:00,26.59,51.51
server_2,2026-05-31 20:00:00+00:00,24.26,42.9
server_2,2026-05-31 21:00:00+00:00,22.93,45.96
server_2,2026-05-31 22:00:00+00:00,21.59,46.18
server_2,2026-05-31 23:00:00+00:00,23.74,51.43
server_2,2026-06-01 00:00:00+00:00,27.48,44.6
server_2,2026-06-01 01:00:00+00:00,22.93,41.66
server_2,2026-06-01 02:00:00+00:00,24.99,39.0
server_2,2026-06-01 03:00:00+00:00,27.17,51.97
server_2,2026-06-01 04:00:00+00:00,20.16,44.99
server_2,2026-06-01 05:00:00+00:00,24.86,46.76
server_2,2026-06-01 06:00:00+00:00,23.93,57.09
server_2,2026-06-01 07:00:00+00:00,24.67,46.18
server_2,2026-06-01 08:00:00+00:00,23.75,39.35
server_2,2026-06-01 09:00:00+00:00,25.34,44.34
server_2,2026-06-01 10:00:00+00:00,33.23,43.98
server_2,2026-06-01 11:00:00+00:00,30.62,45.38
server_2,2026-06-01 12:00:00+00:00,34.39,46.68
server_2,2026-06-01 13:00:00+00:00,39.83,47.84
server_2,2026-06-01 14:00:00+00:00,33.47,42.39
server_2,2026-06-01 15:00:00+00:00,38.2,55.99
server_2,2026-06-01 16:00:00+00:00,31.44,48.45
server_2,2026-06-01 17:00:00+00:00,32.87,46.85
server_2,2026-06-01 18:00:00+00:00,26.88,48.69
server_2,2026-06-01 19:00:00+00:00,25.77,47.15
server_2,2026-06-01 20:00:00+00:00,24.84,46.05
server_2,2026-06-01 21:00:00+00:00,23.44,47.19
server_2,2026-06-01 22:00:00+00:00,25.19,45.6
server_2,2026-06-01 23:00:00+00:00,27.24,48.47
server_2,2026-06-02 00:00:00+00:00,24.97,48.0
server_2,2026-06-02 01:00:00+00:00,24.21,45.37
server_2,2026-06-02 02:00:00+00:00,24.37,43.9
server_2,2026-06-02 03:00:00+00:00,27.48,51.99
server_2,2026-06-02 04:00:00+00:00,28.06,44.16
server_2,2026-06-02 05:00:00+00:00,23.33,45.98
server_2,2026-06-02 06:00:00+00:00,23.33,46.07
server_2,2026-06-02 07:00:00+00:00,25.95,42.89
server_2,2026-06-02 08:00:00+00:00,28.82,43.11
server_2,2026-06-02 09:00:00+00:00,27.86,44.59
server_2,2026-06-02 10:00:00+00:00,25.29,43.13
server_2,2026-06-02 11:00:00+00:00,30.77,41.19
server_2,2026-06-02 12:00:00+00:00,31.33,44.61
server_2,2026-06-02 13:00:00+00:00,34.18,49.28
server_2,2026-06-02 14:00:00+00:00,38.86,54.91
server_2,2026-06-02 15:00:00+00:00,30.1,49.0
server_2,2026-06-02 16:00:00+00:00,27.38,35.44
server_2,2026-06-02 17:00:00+00:00,26.35,48.04
server_2,2026-06-02 18:00:00+00:00,25.72,43.02
server_2,2026-06-02 19:00:00+00:00,26.55,47.36
server_2,2026-06-02 20:00:00+00:00,26.09,45.33
server_2,2026-06-02 21:00:00+00:00,27.94,45.26
server_2,2026-06-02 22:00:00+00:00,20.59,43.05
server_2,2026-06-02 23:00:00+00:00,27.97,45.95
server_2,2026-06-03 00:00:00+00:00,24.22,50.1
server_2,2026-06-03 01:00:00+00:00,26.83,45.56
server_2,2026-06-03 02:00:00+00:00,21.69,48.18
server_2,2026-06-03 03:00:00+00:00,25.01,48.76
server_2,2026-06-03 04:00:00+00:00,25.59,47.87
server_2,2026-06-03 05:00:00+00:00,27.89,38.86
server_2,2026-06-03 06:00:00+00:00,21.04,48.08
server_2,2026-06-03 07:00:00+00:00,25.08,43.2
server_2,2026-06-03 08:00:00+00:00,22.29,46.91
server_2,2026-06-03 09:00:00+00:00,26.26,41.55
server_2,2026-06-03 10:00:00+00:00,30.36,42.14
server_2,2026-06-03 11:00:00+00:00,34.65,56.28
server_2,2026-06-03 12:00:00+00:00,32.32,43.74
server_2,2026-06-03 13:00:00+00:00,37.17,53.84
server_2,2026-06-03 14:00:00+00:00,38.25,50.11
server_2,2026-06-03 15:00:00+00:00,29.55,44.91
server_2,2026-06-03 16:00:00+00:00,32.96,47.61
server_2,2026-06-03 17:00:00+00:00,30.82,41.83
server_2,2026-06-03 18:00:00+00:00,24.35,44.72
server_2,2026-06-03 19:00:00+00:00,21.97,39.61
server_2,2026-06-03 20:00:00+00:00,27.36,44.24
server_2,2026-06-03 21:00:00+00:00,22.0,47.65
server_2,2026-06-03 22:00:00+00:00,24.55,45.86
server_2,2026-06-03 23:00:00+00:00,24.9,39.04
server_2,2026-06-04 00:00:00+00:00,26.79,49.03
server_2,2026-06-04 01:00:00+00:00,23.43,44.42
server_2,2026-06-04 02:00:00+00:00,23.29,42.23
server_2,2026-06-04 03:00:00+00:00,25.25,48.07
server_2,2026-06-04 04:00:00+00:00,27.52,45.21
server_2,2026-06-04 05:00:00+00:00,30.72,42.34
server_2,2026-06-04 06:00:00+00:00,21.23,51.07
server_2,2026-06-04 07:00:00+00:00,25.79,45.21
server_2,2026-06-04 08:00:00+00:00,22.28,43.72
server_2,2026-06-04 09:00:00+00:00,27.55,44.27
server_2,2026-06-04 10:00:00+00:00,26.07,50.1
server_2,2026-06-04 11:00:00+00:00,29.74,44.56
server_2,2026-06-04 12:00:00+00:00,32.19,41.34
server_2,2026-06-04 13:00:00+00:00,34.66,45.67
server_2,2026-06-04 14:00:00+00:00,35.66,54.04
server_2,2026-06-04 15:00:00+00:00,34.87,51.78
server_2,2026-06-04 16:00:00+00:00,31.41,46.22
server_2,2026-06-04 17:00:00+00:00,25.1,50.53
server_2,2026-06-04 18:00:00+00:00,26.82,48.63
server_2,2026-06-04 19:00:00+00:00,24.87,43.89
server_2,2026-06-04 20:00:00+00:00,27.9,45.35
server_2,2026-06-04 21:00:00+00:00,23.23,45.7
server_2,2026-06-04 22:00:00+00:00,20.99,40.27
server_2,2026-06-04 23:00:00+00:00,24.91,44.99
server_2,2026-06-05 00:00:00+00:00,28.24,47.37
server_2,2026-06-05 01:00:00+00:00,25.4,38.39
server_2,2026-06-05 02:00:00+00:00,24.5,44.07
server_2,2026-06-05 03:00:00+00:00,22.82,43.03
server_2,2026-06-05 04:00:00+00:00,29.39,50.65
server_2,2026-06-05 05:00:00+00:00,22.43,36.72
server_2,2026-06-05 06:00:00+00:00,23.19,42.84
server_2,2026-06-05 07:00:00+00:00,26.43,43.57
server_2,2026-06-05 08:00:00+00:00,20.36,47.22
server_2,2026-06-05 09:00:00+00:00,28.19,45.94
server_2,2026-06-05 10:00:00+00:00,29.98,53.93
server_2,2026-06-05 11:00:00+00:00,33.68,50.69
server_2,2026-06-05 12:00:00+00:00,35.06,46.88
server_2,2026-06-05 13:00:00+00:00,34.45,49.26
server_2,2026-06-05 14:00:00+00:00,32.19,46.1
server_2,2026-06-05 15:00:00+00:00,33.31,51.35
server_2,2026-06-05 16:00:00+00:00,28.99,41.07
server_2,2026-06-05 17:00:00+00:00,29.64,43.33
server_2,2026-06-05 18:00:00+00:00,27.02,47.53
server_2,2026-06-05 19:00:00+00:00,28.69,51.2
server_2,2026-06-05 20:00:00+00:00,25.93,36.52
server_2,2026-06-05 21:00:00+00:00,27.31,51.31
server_2,2026-06-05 22:00:00+00:00,24.26,44.18
server_2,2026-06-05 23:00:00+00:00,23.8,37.05
server_2,2026-06-06 00:00:00+00:00,24.18,32.71
server_2,2026-06-06 01:00:00+00:00,22.03,37.84
server_2,2026-06-06 02:00:00+00:00,23.67,44.46
server_2,2026-06-06 03:00:00+00:00,20.35,43.11
server_2,2026-06-06 04:00:00+00:00,20.8,46.06
server_2,2026-06-06 05:00:00+00:00,24.59,42.66
server_2,2026-06-06 06:00:00+00:00,25.22,40.64
server_2,2026-06-06 07:00:00+00:00,20.54,41.79
server_2,2026-06-06 08:00:00+00:00,24.68,45.02
server_2,2026-06-06 09:00:00+00:00,21.67,44.76
server_2,2026-06-06 10:00:00+00:00,24.92,41.82
server_2,2026-06-06 11:00:00+00:00,30.08,50.38
server_2,2026-06-06 12:00:00+00:00,29.78,44.19
server_2,2026-06-06 13:00:00+00:00,30.41,43.41
server_2,2026-06-06 14:00:00+00:00,33.19,45.7
server_2,2026-06-06 15:00:00+00:00,26.0,49.65
server_2,2026-06-06 16:00:00+00:00,24.07,44.14
server_2,2026-06-06 17:00:00+00:00,23.08,41.55
server_2,2026-06-06 18:00:00+00:00,22.36,47.78
server_2,2026-06-06 19:00:00+00:00,17.11,50.81
server_2,2026-06-06 20:00:00+00:00,22.48,44.96
server_2,2026-06-06 21:00:00+00:00,21.64,48.76
server_2,2026-06-06 22:00:00+00:00,24.96,49.13
server_2,2026-06-06 23:00:00+00:00,23.88,42.19
server_2,2026-06-07 00:00:00+00:00,21.5,43.88
server_2,2026-06-07 01:00:00+00:00,24.47,39.69
server_2,2026-06-07 02:00:00+00:00,24.81,44.11
server_2,2026-06-07 03:00:00+00:00,21.08,41.12
server_2,2026-06-07 04:00:00+00:00,21.77,42.26
server_2,2026-06-07 05:00:00+00:00,17.44,39.35
server_2,2026-06-07 06:00:00+00:00,20.27,42.2
server_2,2026-06-07 07:00:00+00:00,21.14,45.78
server_2,2026-06-07 08:00:00+00:00,23.19,43.89
server_2,2026-06-07 09:00:00+00:00,20.64,36.02
server_2,2026-06-07 10:00:00+00:00,23.6,41.52
server_2,2026-06-07 11:00:00+00:00,23.47,38.39
server_2,2026-06-07 12:00:00+00:00,28.19,47.09
server_2,2026-06-07 13:00:00+00:00,29.48,48.58
server_2,2026-06-07 14:00:00+00:00,29.42,47.57
server_2,2026-06-07 15:00:00+00:00,27.79,42.83
server_2,2026-06-07 16:00:00+00:00,22.68,45.18
server_2,2026-06-07 17:00:00+00:00,23.33,42.54
server_2,2026-06-07 18:00:00+00:00,21.98,39.39
server_2,2026-06-07 19:00:00+00:00,21.99,46.91
server_2,2026-06-07 20:00:00+00:00,23.19,47.64
server_2,2026-06-07 21:00:00+00:00,26.56,49.34
server_2,2026-06-07 22:00:00+00:00,25.03,42.58
server_2,2026-06-07 23:00:00+00:00,20.53,48.15
server_2,2026-06-08 00:00:00+00:00,26.7,43.62
server_2,2026-06-08 01:00:00+00:00,26.6,48.17
server_2,2026-06-08 02:00:00+00:00,22.98,42.25
server_2,2026-06-08 03:00:00+00:00,27.12,44.85
server_2,2026-06-08 04:00:00+00:00,24.6,35.17
server_2,2026-06-08 05:00:00+00:00,21.48,42.56
server_2,2026-06-08 06:00:00+00:00,26.14,45.76
server_2,2026-06-08 07:00:00+00:00,25.54,43.55
server_2,2026-06-08 08:00:00+00:00,24.43,51.83
server_2,2026-06-08 09:00:00+00:00,24.91,40.32
server_2,2026-06-08 10:00:00+00:00,26.62,43.31
server_2,2026-06-08 11:00:00+00:00,32.95,44.16
server_2,2026-06-08 12:00:00+00:00,33.55,45.74
server_2,2026-06-08 13:00:00+00:00,35.26,52.72
server_2,2026-06-08 14:00:00+00:00,35.74,54.67
server_2,2026-06-08 15:00:00+00:00,30.77,44.22
server_2,2026-06-08 16:00:00+00:00,29.19,43.58
server_2,2026-06-08 17:00:00+00:00,22.9,39.63
server_2,2026-06-08 18:00:00+00:00,26.41,50.72
server_2,2026-06-08 19:00:00+00:00,21.97,48.42
server_2,2026-06-08 20:00:00+00:00,25.33,44.69
server_2,2026-06-08 21:00:00+00:00,25.93,39.74
server_2,2026-06-08 22:00:00+00:00,26.51,40.3
server_2,2026-06-08 23:00:00+00:00,21.99,44.63
server_2,2026-06-09 00:00:00+00:00,24.84,47.14
server_2,2026-06-09 01:00:00+00:00,29.18,38.2
server_2,2026-06-09 02:00:00+00:00,29.29,45.21
server_2,2026-06-09 03:00:00+00:00,27.47,52.34
server_2,2026-06-09 04:00:00+00:00,25.84,44.43
server_2,2026-06-09 05:00:00+00:00,22.49,50.08
server_2,2026-06-09 06:00:00+00:00,26.8,48.22
server_2,2026-06-09 07:00:00+00:00,24.6,40.52
server_2,2026-06-09 08:00:00+00:00,26.4,44.32
server_2,2026-06-09 09:00:00+00:00,23.42,43.93
server_2,2026-06-09 10:00:00+00:00,27.99,42.24
server_2,2026-06-09 11:00:00+00:00,31.84,43.51
server_2,2026-06-09 12:00:00+00:00,34.28,54.27
server_2,2026-06-09 13:00:00+00:00,36.08,44.97
server_2,2026-06-09 14:00:00+00:00,33.4,52.25
server_2,2026-06-09 15:00:00+00:00,30.3,45.11
server_2,2026-06-09 16:00:00+00:00,35.49,48.57
server_2,2026-06-09 17:00:00+00:00,34.64,50.62
server_2,2026-06-09 18:00:00+00:00,26.12,43.0
server_2,2026-06-09 19:00:00+00:00,21.69,46.11
server_2,2026-06-09 20:00:00+00:00,23.07,36.14
server_2,2026-06-09 21:00:00+00:00,26.27,47.2
server_2,2026-06-09 22:00:00+00:00,28.35,36.3
server_2,2026-06-09 23:00:00+00:00,21.97,43.03
server_2,2026-06-10 00:00:00+00:00,24.69,48.31
server_2,2026-06-10 01:00:00+00:00,25.49,47.66
server_2,2026-06-10 02:00:00+00:00,27.16,40.56
server_2,2026-06-10 03:00:00+00:00,24.14,40.02
server_2,2026-06-10 04:00:00+00:00,21.09,40.88
server_2,2026-06-10 05:00:00+00:00,26.55,46.29
server_2,2026-06-10 06:00:00+00:00,27.81,37.86
server_2,2026-06-10 07:00:00+00:00,24.79,44.87
server_2,2026-06-10 08:00:00+00:00,26.01,46.6
server_2,2026-06-10 09:00:00+00:00,23.81,43.45
server_2,2026-06-10 10:00:00+00:00,26.31,47.56
server_2,2026-06-10 11:00:00+00:00,33.99,49.04
server_2,2026-06-10 12:00:00+00:00,34.63,46.2
server_2,2026-06-10 13:00:00+00:00,36.07,41.13
server_2,2026-06-10 14:00:00+00:00,38.6,50.29
server_2,2026-06-10 15:00:00+00:00,31.02,43.3
server_2,2026-06-10 16:00:00+00:00,30.05,44.45
server_2,2026-06-10 17:00:00+00:00,28.82,48.25
server_2,2026-06-10 18:00:00+00:00,23.59,50.18
server_2,2026-06-10 19:00:00+00:00,26.96,45.53
server_2,2026-06-10 20:00:00+00:00,24.53,47.05
server_2,2026-06-10 21:00:00+00:00,22.52,38.35
server_2,2026-06-10 22:00:00+00:00,25.16,46.04
server_2,2026-06-10 23:00:00+00:00,25.43,44.91
server_2,2026-06-11 00:00:00+00:00,27.34,50.73
server_2,2026-06-11 01:00:00+00:00,25.98,43.18
server_2,2026-06-11 02:00:00+00:00,26.15,44.44
server_2,2026-06-11 03:00:00+00:00,25.8,49.52
server_2,2026-06-11 04:00:00+00:00,24.53,44.47
server_2,2026-06-11 05:00:00+00:00,23.21,39.94
server_2,2026-06-11 06:00:00+00:00,25.72,55.46
server_2,2026-06-11 07:00:00+00:00,24.17,40.39
server_2,2026-06-11 08:00:00+00:00,29.22,46.22
server_2,2026-06-11 09:00:00+00:00,28.36,47.56
server_2,2026-06-11 10:00:00+00:00,30.0,47.82
server_2,2026-06-11 11:00:00+00:00,32.37,46.82
server_2,2026-06-11 12:00:00+00:00,33.44,47.22
server_2,2026-06-11 13:00:00+00:00,31.7,46.4
server_2,2026-06-11 14:00:00+00:00,34.31,43.79
server_2,2026-06-11 15:00:00+00:00,33.91,56.72
server_2,2026-06-11 16:00:00+00:00,32.0,46.57
server_2,2026-06-11 17:00:00+00:00,29.59,49.0
server_2,2026-06-11 18:00:00+00:00,27.3,44.47
server_2,2026-06-11 19:00:00+00:00,23.27,42.98
server_2,2026-06-11 20:00:00+00:00,23.29,42.58
server_2,2026-06-11 21:00:00+00:00,28.63,40.07
server_2,2026-06-11 22:00:00+00:00,26.93,45.03
server_2,2026-06-11 23:00:00+00:00,24.02,43.03
server_2,2026-06-12 00:00:00+00:00,24.73,49.59
server_2,2026-06-12 01:00:00+00:00,24.74,40.12
server_2,2026-06-12 02:00:00+00:00,25.08,42.72
server_2,2026-06-12 03:00:00+00:00,26.18,41.82
server_2,2026-06-12 04:00:00+00:00,31.34,52.99
server_2,2026-06-12 05:00:00+00:00,25.47,41.69
server_2,2026-06-12 06:00:00+00:00,26.66,47.83
server_2,2026-06-12 07:00:00+00:00,20.78,47.4
server_2,2026-06-12 08:00:00+00:00,23.79,43.99
server_2,2026-06-12 09:00:00+00:00,28.07,40.57
server_2,2026-06-12 10:00:00+00:00,29.43,41.09
server_2,2026-06-12 11:00:00+00:00,20.46,46.85
server_2,2026-06-12 12:00:00+00:00,35.35,43.58
server_2,2026-06-12 13:00:00+00:00,39.64,51.69
server_2,2026-06-12 14:00:00+00:00,29.86,47.16
server_2,2026-06-12 15:00:00+00:00,37.46,50.87
server_2,2026-06-12 16:00:00+00:00,24.5,46.71
server_2,2026-06-12 17:00:00+00:00,30.77,43.28
server_2,2026-06-12 18:00:00+00:00,24.98,41.09
server_2,2026-06-12 19:00:00+00:00,19.13,45.8
server_2,2026-06-12 20:00:00+00:00,26.12,42.87
server_2,2026-06-12 21:00:00+00:00,27.88,35.01
server_2,2026-06-12 22:00:00+00:00,25.91,47.91
server_2,2026-06-12 23:00:00+00:00,26.46,41.37
server_2,2026-06-13 00:00:00+00:00,21.97,45.81
server_2,2026-06-13 01:00:00+00:00,18.35,48.24
server_2,2026-06-13 02:00:00+00:00,24.73,44.97
server_2,2026-06-13 03:00:00+00:00,27.37,49.81
server_2,2026-06-13 04:00:00+00:00,25.82,45.9
server_2,2026-06-13 05:00:00+00:00,18.03,48.91
server_2,2026-06-13 06:00:00+00:00,19.21,38.73
server_2,2026-06-13 07:00:00+00:00,20.89,43.53
server_2,2026-06-13 08:00:00+00:00,19.02,45.6
server_2,2026-06-13 09:00:00+00:00,23.11,43.58
server_2,2026-06-13 10:00:00+00:00,25.86,49.91
server_2,2026-06-13 11:00:00+00:00,22.96,42.56
server_2,2026-06-13 12:00:00+00:00,29.71,54.92
server_2,2026-06-13 13:00:00+00:00,29.92,55.21
server_2,2026-06-13 14:00:00+00:00,27.05,46.84
server_2,2026-06-13 15:00:00+00:00,27.33,48.03
server_2,2026-06-13 16:00:00+00:00,21.66,48.6
server_2,2026-06-13 17:00:00+00:00,24.05,39.92
server_2,2026-06-13 18:00:00+00:00,23.02,39.06
server_2,2026-06-13 19:00:00+00:00,23.42,49.47
server_2,2026-06-13 20:00:00+00:00,23.95,45.73
server_2,2026-06-13 21:00:00+00:00,23.61,43.61
server_2,2026-06-13 22:00:00+00:00,22.34,44.11
server_2,2026-06-13 23:00:00+00:00,23.72,35.01
server_2,2026-06-14 00:00:00+00:00,25.51,44.41
server_2,2026-06-14 01:00:00+00:00,22.76,41.2
server_2,2026-06-14 02:00:00+00:00,23.79,48.25
server_2,2026-06-14 03:00:00+00:00,22.53,48.12
server_2,2026-06-14 04:00:00+00:00,21.38,46.04
server_2,2026-06-14 05:00:00+00:00,24.31,46.34
server_2,2026-06-14 06:00:00+00:00,21.61,37.82
server_2,2026-06-14 07:00:00+00:00,23.97,47.0
server_2,2026-06-14 08:00:00+00:00,23.07,46.84
server_2,2026-06-14 09:00:00+00:00,22.24,49.01
server_2,2026-06-14 10:00:00+00:00,24.06,53.14
server_2,2026-06-14 11:00:00+00:00,25.27,38.32
server_2,2026-06-14 12:00:00+00:00,23.65,42.97
server_2,2026-06-14 13:00:00+00:00,29.37,43.56
server_2,2026-06-14 14:00:00+00:00,29.0,47.09
server_2,2026-06-14 15:00:00+00:00,29.89,46.76
server_2,2026-06-14 16:00:00+00:00,25.21,44.14
server_2,2026-06-14 17:00:00+00:00,29.62,50.73
server_2,2026-06-14 18:00:00+00:00,22.05,39.56
server_2,2026-06-14 19:00:00+00:00,20.81,39.37
server_2,2026-06-14 20:00:00+00:00,20.52,39.33
server_2,2026-06-14 21:00:00+00:00,18.67,41.34
server_2,2026-06-14 22:00:00+00:00,26.83,40.73
server_2,2026-06-14 23:00:00+00:00,26.43,45.31
server_2,2026-06-15 00:00:00+00:00,26.5,44.86
server_2,2026-06-15 01:00:00+00:00,22.76,41.07
server_2,2026-06-15 02:00:00+00:00,29.53,50.08
server_2,2026-06-15 03:00:00+00:00,24.12,44.45
server_2,2026-06-15 04:00:00+00:00,24.33,49.02
server_2,2026-06-15 05:00:00+00:00,28.59,45.48
server_2,2026-06-15 06:00:00+00:00,26.65,45.48
server_2,2026-06-15 07:00:00+00:00,30.5,44.67
server_2,2026-06-15 08:00:00+00:00,25.62,45.19
server_2,2026-06-15 09:00:00+00:00,24.01,47.5
server_2,2026-06-15 10:00:00+00:00,26.89,44.02
server_2,2026-06-15 11:00:00+00:00,26.81,47.71
server_2,2026-06-15 12:00:00+00:00,32.96,44.54
server_2,2026-06-15 13:00:00+00:00,37.71,52.48
server_2,2026-06-15 14:00:00+00:00,36.35,46.65
server_2,2026-06-15 15:00:00+00:00,33.71,51.46
server_2,2026-06-15 16:00:00+00:00,28.94,46.62
server_2,2026-06-15 17:00:00+00:00,28.99,52.48
server_2,2026-06-15 18:00:00+00:00,27.53,41.27
server_2,2026-06-15 19:00:00+00:00,26.08,39.47
server_2,2026-06-15 20:00:00+00:00,25.42,42.68
server_2,2026-06-15 21:00:00+00:00,23.01,38.76
server_2,2026-06-15 22:00:00+00:00,27.17,40.23
server_2,2026-06-15 23:00:00+00:00,17.17,44.75
server_2,2026-06-16 00:00:00+00:00,25.96,45.32
server_2,2026-06-16 01:00:00+00:00,31.43,45.33
server_2,2026-06-16 02:00:00+00:00,21.23,42.13
server_2,2026-06-16 03:00:00+00:00,24.4,42.4
server_2,2026-06-16 04:00:00+00:00,24.98,51.59
server_2,2026-06-16 05:00:00+00:00,23.84,41.65
server_2,2026-06-16 06:00:00+00:00,27.59,40.62
server_2,2026-06-16 07:00:00+00:00,26.18,48.6
server_2,2026-06-16 08:00:00+00:00,25.38,44.27
server_2,2026-06-16 09:00:00+00:00,26.99,53.85
server_2,2026-06-16 10:00:00+00:00,28.46,44.11
server_2,2026-06-16 11:00:00+00:00,39.38,53.42
server_2,2026-06-16 12:00:00+00:00,34.04,52.49
server_2,2026-06-16 13:00:00+00:00,35.34,46.53
server_2,2026-06-16 14:00:00+00:00,30.57,43.98
server_2,2026-06-16 15:00:00+00:00,32.3,50.52
server_2,2026-06-16 16:00:00+00:00,34.3,50.55
server_2,2026-06-16 17:00:00+00:00,25.08,39.39
server_2,2026-06-16 18:00:00+00:00,19.61,38.6
server_2,2026-06-16 19:00:00+00:00,25.08,34.88
server_2,2026-06-16 20:00:00+00:00,28.43,48.58
server_2,2026-06-16 21:00:00+00:00,25.11,43.99
server_2,2026-06-16 22:00:00+00:00,24.16,44.06
server_2,2026-06-16 23:00:00+00:00,20.35,36.61
server_2,2026-06-17 00:00:00+00:00,26.13,41.0
server_2,2026-06-17 01:00:00+00:00,26.65,43.67
server_2,2026-06-17 02:00:00+00:00,20.55,40.75
server_2,2026-06-17 03:00:00+00:00,27.84,46.46
server_2,2026-06-17 04:00:00+00:00,26.91,48.0
server_2,2026-06-17 05:00:00+00:00,27.83,55.07
server_2,2026-06-17 06:00:00+00:00,26.46,45.43
server_2,2026-06-17 07:00:00+00:00,26.63,50.03
server_2,2026-06-17 08:00:00+00:00,26.3,42.14
server_2,2026-06-17 09:00:00+00:00,27.17,39.06
server_2,2026-06-17 10:00:00+00:00,23.87,43.2
server_2,2026-06-17 11:00:00+00:00,27.68,39.55
server_2,2026-06-17 12:00:00+00:00,31.82,47.45
server_2,2026-06-17 13:00:00+00:00,34.52,45.21
server_2,2026-06-17 14:00:00+00:00,35.82,40.97
server_2,2026-06-17 15:00:00+00:00,34.47,55.26
server_2,2026-06-17 16:00:00+00:00,34.22,46.08
server_2,2026-06-17 17:00:00+00:00,31.29,40.65
server_2,2026-06-17 18:00:00+00:00,22.82,47.83
server_2,2026-06-17 19:00:00+00:00,25.6,42.29
server_2,2026-06-17 20:00:00+00:00,22.88,48.62
server_2,2026-06-17 21:00:00+00:00,24.53,41.9
server_2,2026-06-17 22:00:00+00:00,25.8,43.12
server_2,2026-06-17 23:00:00+00:00,16.48,43.4
server_2,2026-06-18 00:00:00+00:00,31.03,49.48
server_2,2026-06-18 01:00:00+00:00,26.42,48.57
server_2,2026-06-18 02:00:00+00:00,23.51,44.12
server_2,2026-06-18 03:00:00+00:00,29.82,48.8
server_2,2026-06-18 04:00:00+00:00,24.13,47.68
server_2,2026-06-18 05:00:00+00:00,25.33,45.92
server_2,2026-06-18 06:00:00+00:00,23.78,44.0
server_2,2026-06-18 07:00:00+00:00,29.13,40.66
server_2,2026-06-18 08:00:00+00:00,24.74,47.3
server_2,2026-06-18 09:00:00+00:00,25.37,45.3
server_2,2026-06-18 10:00:00+00:00,31.43,45.6
server_2,2026-06-18 11:00:00+00:00,32.89,52.87
server_2,2026-06-18 12:00:00+00:00,33.52,42.27
server_2,2026-06-18 13:00:00+00:00,37.62,55.99
server_2,2026-06-18 14:00:00+00:00,41.19,50.58
server_2,2026-06-18 15:00:00+00:00,34.45,49.58
server_2,2026-06-18 16:00:00+00:00,31.72,45.77
server_2,2026-06-18 17:00:00+00:00,28.85,39.68
server_2,2026-06-18 18:00:00+00:00,28.28,45.59
server_2,2026-06-18 19:00:00+00:00,23.5,45.81
server_2,2026-06-18 20:00:00+00:00,24.3,47.46
server_2,2026-06-18 21:00:00+00:00,21.16,42.86
server_2,2026-06-18 22:00:00+00:00,22.04,35.19
server_2,2026-06-18 23:00:00+00:00,23.71,38.38
server_2,2026-06-19 00:00:00+00:00,24.86,53.16
server_2,2026-06-19 01:00:00+00:00,29.42,42.18
server_2,2026-06-19 02:00:00+00:00,26.34,51.18
server_2,2026-06-19 03:00:00+00:00,22.72,40.47
server_2,2026-06-19 04:00:00+00:00,23.18,43.63
server_2,2026-06-19 05:00:00+00:00,28.44,48.7
server_2,2026-06-19 06:00:00+00:00,27.82,42.71
server_2,2026-06-19 07:00:00+00:00,25.07,51.39
server_2,2026-06-19 08:00:00+00:00,23.89,44.92
server_2,2026-06-19 09:00:00+00:00,27.81,47.83
server_2,2026-06-19 10:00:00+00:00,25.94,44.26
server_2,2026-06-19 11:00:00+00:00,32.41,50.23
server_2,2026-06-19 12:00:00+00:00,39.34,56.33
server_2,2026-06-19 13:00:00+00:00,35.36,48.1
server_2,2026-06-19 14:00:00+00:00,32.91,54.69
server_2,2026-06-19 15:00:00+00:00,34.69,45.94
server_2,2026-06-19 16:00:00+00:00,30.25,49.89
server_2,2026-06-19 17:00:00+00:00,24.93,46.93
server_2,2026-06-19 18:00:00+00:00,26.75,41.34
server_2,2026-06-19 19:00:00+00:00,27.79,46.83
server_2,2026-06-19 20:00:00+00:00,24.22,44.76
server_2,2026-06-19 21:00:00+00:00,24.06,41.26
server_2,2026-06-19 22:00:00+00:00,22.6,45.59
server_2,2026-06-19 23:00:00+00:00,24.63,45.45
server_2,2026-06-20 00:00:00+00:00,21.59,43.52
server_2,2026-06-20 01:00:00+00:00,20.47,43.14
server_2,2026-06-20 02:00:00+00:00,27.73,45.6
server_2,2026-06-20 03:00:00+00:00,24.17,43.24
server_2,2026-06-20 04:00:00+00:00,24.43,45.36
server_2,2026-06-20 05:00:00+00:00,25.21,42.5
server_2,2026-06-20 06:00:00+00:00,24.93,55.6
server_2,2026-06-20 07:00:00+00:00,21.97,38.3
server_2,2026-06-20 08:00:00+00:00,23.68,42.2
server_2,2026-06-20 09:00:00+00:00,22.33,42.04
server_2,2026-06-20 10:00:00+00:00,25.98,53.5
server_2,2026-06-20 11:00:00+00:00,27.39,40.56
server_2,2026-06-20 12:00:00+00:00,26.81,47.34
server_2,2026-06-20 13:00:00+00:00,25.09,46.03
server_2,2026-06-20 14:00:00+00:00,28.78,47.66
server_2,2026-06-20 15:00:00+00:00,27.25,50.73
server_2,2026-06-20 16:00:00+00:00,21.81,48.75
server_2,2026-06-20 17:00:00+00:00,26.15,43.6
server_2,2026-06-20 18:00:00+00:00,25.41,45.92
server_2,2026-06-20 19:00:00+00:00,29.32,39.06
server_2,2026-06-20 20:00:00+00:00,22.02,44.35
server_2,2026-06-20 21:00:00+00:00,21.65,40.65
server_2,2026-06-20 22:00:00+00:00,20.23,42.58
server_2,2026-06-20 23:00:00+00:00,23.52,37.74
server_2,2026-06-21 00:00:00+00:00,23.51,46.1
server_2,2026-06-21 01:00:00+00:00,20.97,36.8
server_2,2026-06-21 02:00:00+00:00,22.56,44.74
server_2,2026-06-21 03:00:00+00:00,18.05,37.66
server_2,2026-06-21 04:00:00+00:00,25.32,41.71
server_2,2026-06-21 05:00:00+00:00,21.07,48.24
server_2,2026-06-21 06:00:00+00:00,22.91,46.62
server_2,2026-06-21 07:00:00+00:00,19.43,47.65
server_2,2026-06-21 08:00:00+00:00,21.54,50.03
server_2,2026-06-21 09:00:00+00:00,22.3,40.96
server_2,2026-06-21 10:00:00+00:00,24.85,50.94
server_2,2026-06-21 11:00:00+00:00,27.73,40.1
server_2,2026-06-21 12:00:00+00:00,31.36,50.21
server_2,2026-06-21 13:00:00+00:00,30.25,44.86
server_2,2026-06-21 14:00:00+00:00,30.82,43.32
server_2,2026-06-21 15:00:00+00:00,31.38,49.69
server_2,2026-06-21 16:00:00+00:00,27.96,49.82
server_2,2026-06-21 17:00:00+00:00,24.79,48.59
server_2,2026-06-21 18:00:00+00:00,25.52,46.04
server_2,2026-06-21 19:00:00+00:00,25.68,45.77
server_2,2026-06-21 20:00:00+00:00,24.62,46.97
server_2,2026-06-21 21:00:00+00:00,19.36,44.24
server_2,2026-06-21 22:00:00+00:00,20.9,45.73
server_2,2026-06-21 23:00:00+00:00,22.31,44.88
server_2,2026-06-22 00:00:00+00:00,26.95,49.05
server_2,2026-06-22 01:00:00+00:00,24.95,38.47
server_2,2026-06-22 02:00:00+00:00,27.84,45.47
server_2,2026-06-22 03:00:00+00:00,28.29,40.62
server_2,2026-06-22 04:00:00+00:00,28.0,47.16
server_2,2026-06-22 05:00:00+00:00,28.01,52.62
server_2,2026-06-22 06:00:00+00:00,22.41,42.2
server_2,2026-06-22 07:00:00+00:00,26.21,45.93
server_2,2026-06-22 08:00:00+00:00,23.48,47.49
server_2,2026-06-22 09:00:00+00:00,20.88,35.29
server_2,2026-06-22 10:00:00+00:00,27.7,43.86
server_2,2026-06-22 11:00:00+00:00,34.74,49.87
server_2,2026-06-22 12:00:00+00:00,34.81,36.85
server_2,2026-06-22 13:00:00+00:00,39.89,46.31
server_2,2026-06-22 14:00:00+00:00,35.29,53.01
server_2,2026-06-22 15:00:00+00:00,39.78,54.18
server_2,2026-06-22 16:00:00+00:00,31.87,48.9
server_2,2026-06-22 17:00:00+00:00,28.48,49.75
server_2,2026-06-22 18:00:00+00:00,21.8,44.74
server_2,2026-06-22 19:00:00+00:00,27.78,48.19
server_2,2026-06-22 20:00:00+00:00,23.74,43.3
server_2,2026-06-22 21:00:00+00:00,23.38,44.9
server_2,2026-06-22 22:00:00+00:00,28.2,43.59
server_2,2026-06-22 23:00:00+00:00,27.9,51.07
server_2,2026-06-23 00:00:00+00:00,27.83,52.08
server_2,2026-06-23 01:00:00+00:00,24.09,50.2
server_2,2026-06-23 02:00:00+00:00,24.87,43.32
server_2,2026-06-23 03:00:00+00:00,24.85,41.13
server_2,2026-06-23 04:00:00+00:00,26.96,50.79
server_2,2026-06-23 05:00:00+00:00,28.88,48.53
server_2,2026-06-23 06:00:00+00:00,25.92,46.64
server_2,2026-06-23 07:00:00+00:00,29.94,44.19
server_2,2026-06-23 08:00:00+00:00,27.24,47.49
server_2,2026-06-23 09:00:00+00:00,24.41,40.45
server_2,2026-06-23 10:00:00+00:00,30.49,49.46
server_2,2026-06-23 11:00:00+00:00,35.69,54.26
server_2,2026-06-23 12:00:00+00:00,38.66,56.3
server_2,2026-06-23 13:00:00+00:00,37.82,52.32
server_2,2026-06-23 14:00:00+00:00,34.91,42.94
server_2,2026-06-23 15:00:00+00:00,33.12,48.63
server_2,2026-06-23 16:00:00+00:00,32.87,56.31
server_2,2026-06-23 17:00:00+00:00,32.61,44.19
server_2,2026-06-23 18:00:00+00:00,26.08,45.14
server_2,2026-06-23 19:00:00+00:00,26.14,51.05
server_2,2026-06-23 20:00:00+00:00,25.13,47.51
server_2,2026-06-23 21:00:00+00:00,24.18,54.63
server_2,2026-06-23 22:00:00+00:00,24.59,41.93
server_2,2026-06-23 23:00:00+00:00,25.34,41.16
server_2,2026-06-24 00:00:00+00:00,29.3,51.4
server_2,2026-06-24 01:00:00+00:00,24.4,40.01
server_2,2026-06-24 02:00:00+00:00,25.13,44.26
server_2,2026-06-24 03:00:00+00:00,22.84,43.98
server_2,2026-06-24 04:00:00+00:00,26.79,49.77
server_2,2026-06-24 05:00:00+00:00,28.42,48.65
server_2,2026-06-24 06:00:00+00:00,29.06,48.25
server_2,2026-06-24 07:00:00+00:00,25.51,43.57
server_2,2026-06-24 08:00:00+00:00,26.44,50.36
server_2,2026-06-24 09:00:00+00:00,24.62,60.97
server_2,2026-06-24 10:00:00+00:00,29.74,49.42
server_2,2026-06-24 11:00:00+00:00,32.21,47.92
server_2,2026-06-24 12:00:00+00:00,33.81,42.89
server_2,2026-06-24 13:00:00+00:00,35.19,46.02
server_2,2026-06-24 14:00:00+00:00,35.98,47.99
server_2,2026-06-24 15:00:00+00:00,32.92,45.64
server_2,2026-06-24 16:00:00+00:00,30.82,46.97
server_2,2026-06-24 17:00:00+00:00,32.69,54.8
server_2,2026-06-24 18:00:00+00:00,31.78,52.36
server_2,2026-06-24 19:00:00+00:00,21.99,43.31
server_2,2026-06-24 20:00:00+00:00,21.85,39.06
server_2,2026-06-24 21:00:00+00:00,22.61,49.51
server_2,2026-06-24 22:00:00+00:00,24.74,44.71
server_2,2026-06-24 23:00:00+00:00,27.24,38.88
server_2,2026-06-25 00:00:00+00:00,26.48,48.37
server_2,2026-06-25 01:00:00+00:00,25.43,49.25
server_2,2026-06-25 02:00:00+00:00,26.32,35.76
server_2,2026-06-25 03:00:00+00:00,23.27,41.1
server_2,2026-06-25 04:00:00+00:00,24.39,44.34
server_2,2026-06-25 05:00:00+00:00,24.95,47.92
server_2,2026-06-25 06:00:00+00:00,21.04,41.55
server_2,2026-06-25 07:00:00+00:00,22.1,40.66
server_2,2026-06-25 08:00:00+00:00,22.2,46.93
server_2,2026-06-25 09:00:00+00:00,26.91,43.8
server_2,2026-06-25 10:00:00+00:00,29.03,48.58
server_2,2026-06-25 11:00:00+00:00,32.96,43.34
server_2,2026-06-25 12:00:00+00:00,29.06,41.01
server_2,2026-06-25 13:00:00+00:00,31.14,50.17
server_2,2026-06-25 14:00:00+00:00,36.51,50.04
server_2,2026-06-25 15:00:00+00:00,26.71,49.29
server_2,2026-06-25 16:00:00+00:00,34.49,46.19
server_2,2026-06-25 17:00:00+00:00,23.86,41.42
server_2,2026-06-25 18:00:00+00:00,27.11,51.18
server_2,2026-06-25 19:00:00+00:00,22.78,38.13
server_2,2026-06-25 20:00:00+00:00,27.62,50.92
server_2,2026-06-25 21:00:00+00:00,33.02,53.09
server_2,2026-06-25 22:00:00+00:00,19.32,46.45
server_2,2026-06-25 23:00:00+00:00,26.74,42.86
server_2,2026-06-26 00:00:00+00:00,20.48,40.15
server_2,2026-06-26 01:00:00+00:00,26.07,44.53
server_2,2026-06-26 02:00:00+00:00,24.48,39.64
server_2,2026-06-26 03:00:00+00:00,25.32,41.27
server_2,2026-06-26 04:00:00+00:00,22.72,46.78
server_2,2026-06-26 05:00:00+00:00,26.95,48.28
server_2,2026-06-26 06:00:00+00:00,21.38,39.53
server_2,2026-06-26 07:00:00+00:00,28.1,48.79
server_2,2026-06-26 08:00:00+00:00,23.98,46.46
server_2,2026-06-26 09:00:00+00:00,21.49,49.81
server_2,2026-06-26 10:00:00+00:00,32.41,49.87
server_2,2026-06-26 11:00:00+00:00,31.26,51.43
server_2,2026-06-26 12:00:00+00:00,38.43,51.61
server_2,2026-06-26 13:00:00+00:00,37.9,53.44
server_2,2026-06-26 14:00:00+00:00,32.85,42.6
server_2,2026-06-26 15:00:00+00:00,33.45,47.47
server_2,2026-06-26 16:00:00+00:00,31.73,47.2
server_2,2026-06-26 17:00:00+00:00,32.24,46.56
server_2,2026-06-26 18:00:00+00:00,26.09,47.16
server_2,2026-06-26 19:00:00+00:00,25.44,47.69
server_2,2026-06-26 20:00:00+00:00,24.5,46.39
server_2,2026-06-26 21:00:00+00:00,24.87,44.25
server_2,2026-06-26 22:00:00+00:00,28.26,43.2
server_2,2026-06-26 23:00:00+00:00,25.01,49.39
server_2,2026-06-27 00:00:00+00:00,22.01,45.35
server_2,2026-06-27 01:00:00+00:00,21.59,39.73
server_2,2026-06-27 02:00:00+00:00,21.62,43.04
server_2,2026-06-27 03:00:00+00:00,19.49,36.1
server_2,2026-06-27 04:00:00+00:00,21.12,43.78
server_2,2026-06-27 05:00:00+00:00,26.75,44.82
server_2,2026-06-27 06:00:00+00:00,22.48,41.82
server_2,2026-06-27 07:00:00+00:00,24.76,51.25
server_2,2026-06-27 08:00:00+00:00,16.8,37.51
server_2,2026-06-27 09:00:00+00:00,24.42,47.62
server_2,2026-06-27 10:00:00+00:00,24.48,53.56
server_2,2026-06-27 11:00:00+00:00,25.33,49.43
server_2,2026-06-27 12:00:00+00:00,28.22,46.0
server_2,2026-06-27 13:00:00+00:00,27.18,41.23
server_2,2026-06-27 14:00:00+00:00,23.11,38.89
server_2,2026-06-27 15:00:00+00:00,30.07,45.13
server_2,2026-06-27 16:00:00+00:00,27.14,43.0
server_2,2026-06-27 17:00:00+00:00,24.1,41.81
server_2,2026-06-27 18:00:00+00:00,20.58,42.15
server_2,2026-06-27 19:00:00+00:00,19.33,42.6
server_2,2026-06-27 20:00:00+00:00,23.56,46.44
server_2,2026-06-27 21:00:00+00:00,27.03,40.76
server_2,2026-06-27 22:00:00+00:00,23.51,41.75
server_2,2026-06-27 23:00:00+00:00,19.54,42.45
server_2,2026-06-28 00:00:00+00:00,23.56,43.72
server_2,2026-06-28 01:00:00+00:00,22.87,51.6
server_2,2026-06-28 02:00:00+00:00,25.16,45.99
server_2,2026-06-28 03:00:00+00:00,24.52,38.38
server_2,2026-06-28 04:00:00+00:00,15.54,43.36
server_2,2026-06-28 05:00:00+00:00,24.36,46.96
server_2,2026-06-28 06:00:00+00:00,20.49,42.92
server_2,2026-06-28 07:00:00+00:00,19.45,38.2
server_2,2026-06-28 08:00:00+00:00,22.53,51.17
server_2,2026-06-28 09:00:00+00:00,24.03,40.38
server_2,2026-06-28 10:00:00+00:00,20.78,46.17
server_2,2026-06-28 11:00:00+00:00,28.3,46.95
server_2,2026-06-28 12:00:00+00:00,29.67,49.04
server_2,2026-06-28 13:00:00+00:00,28.53,53.06
server_2,2026-06-28 14:00:00+00:00,26.25,47.68
server_2,2026-06-28 15:00:00+00:00,25.31,42.88
server_2,2026-06-28 16:00:00+00:00,29.1,50.86
server_2,2026-06-28 17:00:00+00:00,21.1,41.11
server_2,2026-06-28 18:00:00+00:00,25.66,45.89
server_2,2026-06-28 19:00:00+00:00,22.59,38.98
server_2,2026-06-28 20:00:00+00:00,22.76,40.08
server_2,2026-06-28 21:00:00+00:00,18.73,43.01
server_2,2026-06-28 22:00:00+00:00,22.63,45.64
server_2,2026-06-28 23:00:00+00:00,24.53,38.03
server_2,2026-06-29 00:00:00+00:00,21.66,45.82
server_2,2026-06-29 01:00:00+00:00,26.25,42.16
server_2,2026-06-29 02:00:00+00:00,25.22,50.2
server_2,2026-06-29 03:00:00+00:00,23.39,43.03
server_2,2026-06-29 04:00:00+00:00,27.14,41.25
server_2,2026-06-29 05:00:00+00:00,19.49,43.38
server_2,2026-06-29 06:00:00+00:00,25.87,41.64
server_2,2026-06-29 07:00:00+00:00,29.05,51.49
server_2,2026-06-29 08:00:00+00:00,28.6,46.26
server_2,2026-06-29 09:00:00+00:00,25.97,44.73
server_2,2026-06-29 10:00:00+00:00,27.67,48.3
server_2,2026-06-29 11:00:00+00:00,29.84,42.67
server_2,2026-06-29 12:00:00+00:00,32.9,42.61
server_2,2026-06-29 13:00:00+00:00,36.21,50.56
server_2,2026-06-29 14:00:00+00:00,32.83,43.34
server_2,2026-06-29 15:00:00+00:00,35.55,44.29
server_2,2026-06-29 16:00:00+00:00,36.76,52.46
server_2,2026-06-29 17:00:00+00:00,28.27,48.24
server_2,2026-06-29 18:00:00+00:00,21.64,38.81
server_2,2026-06-29 19:00:00+00:00,21.64,41.35
server_2,2026-06-29 20:00:00+00:00,26.94,42.06
server_2,2026-06-29 21:00:00+00:00,24.85,52.05
server_2,2026-06-29 22:00:00+00:00,27.19,49.39
server_2,2026-06-29 23:00:00+00:00,23.67,42.85
server_2,2026-06-30 00:00:00+00:00,27.08,48.03
server_2,2026-06-30 01:00:00+00:00,24.6,39.44
server_2,2026-06-30 02:00:00+00:00,23.17,41.67
server_2,2026-06-30 03:00:00+00:00,24.0,45.07
server_2,2026-06-30 04:00:00+00:00,22.01,45.76
server_2,2026-06-30 05:00:00+00:00,29.97,46.35
server_2,2026-06-30 06:00:00+00:00,24.76,45.91
server_2,2026-06-30 07:00:00+00:00,26.61,45.88
server_2,2026-06-30 08:00:00+00:00,23.66,43.88
server_2,2026-06-30 09:00:00+00:00,22.37,42.89
server_2,2026-06-30 10:00:00+00:00,27.84,44.29
server_2,2026-06-30 11:00:00+00:00,34.18,49.14
server_2,2026-06-30 12:00:00+00:00,32.36,49.22
server_2,2026-06-30 13:00:00+00:00,32.67,48.48
server_2,2026-06-30 14:00:00+00:00,35.24,43.87
server_2,2026-06-30 15:00:00+00:00,34.91,44.47
server_2,2026-06-30 16:00:00+00:00,35.53,50.28
server_2,2026-06-30 17:00:00+00:00,29.3,52.39
server_2,2026-06-30 18:00:00+00:00,26.61,46.17
server_2,2026-06-30 19:00:00+00:00,26.8,43.98
server_2,2026-06-30 20:00:00+00:00,22.12,44.89
server_2,2026-06-30 21:00:00+00:00,22.59,39.61
server_2,2026-06-30 22:00:00+00:00,22.29,49.29
server_2,2026-06-30 23:00:00+00:00,21.67,44.58
server_2,2026-07-01 00:00:00+00:00,26.99,43.02
server_2,2026-07-01 01:00:00+00:00,25.73,44.59
server_2,2026-07-01 02:00:00+00:00,25.2,42.96
server_2,2026-07-01 03:00:00+00:00,18.52,47.98
server_2,2026-07-01 04:00:00+00:00,30.14,45.99
server_2,2026-07-01 05:00:00+00:00,22.76,44.84
server_2,2026-07-01 06:00:00+00:00,30.13,49.09
server_2,2026-07-01 07:00:00+00:00,21.38,40.77
server_2,2026-07-01 08:00:00+00:00,22.97,45.06
server_2,2026-07-01 09:00:00+00:00,19.49,44.17
server_2,2026-07-01 10:00:00+00:00,29.33,40.3
server_2,2026-07-01 11:00:00+00:00,28.67,47.3
server_2,2026-07-01 12:00:00+00:00,30.98,46.91
server_2,2026-07-01 13:00:00+00:00,31.42,47.77
server_2,2026-07-01 14:00:00+00:00,36.79,49.27
server_2,2026-07-01 15:00:00+00:00,35.44,49.69
server_2,2026-07-01 16:00:00+00:00,35.96,54.18
server_2,2026-07-01 17:00:00+00:00,26.71,40.88
server_2,2026-07-01 18:00:00+00:00,25.55,43.82
server_2,2026-07-01 19:00:00+00:00,21.78,46.54
server_2,2026-07-01 20:00:00+00:00,24.16,46.63
server_2,2026-07-01 21:00:00+00:00,23.7,46.38
server_2,2026-07-01 22:00:00+00:00,26.16,56.42
server_2,2026-07-01 23:00:00+00:00,27.54,48.35
server_2,2026-07-02 00:00:00+00:00,27.48,50.39
server_2,2026-07-02 01:00:00+00:00,22.89,43.03
server_2,2026-07-02 02:00:00+00:00,27.5,41.9
server_2,2026-07-02 03:00:00+00:00,24.89,43.7
server_2,2026-07-02 04:00:00+00:00,24.19,47.56
server_2,2026-07-02 05:00:00+00:00,23.23,46.01
server_2,2026-07-02 06:00:00+00:00,23.6,46.12
server_2,2026-07-02 07:00:00+00:00,29.36,45.67
server_2,2026-07-02 08:00:00+00:00,25.77,43.77
server_2,2026-07-02 09:00:00+00:00,25.44,44.43
server_2,2026-07-02 10:00:00+00:00,27.76,48.87
server_2,2026-07-02 11:00:00+00:00,37.54,52.75
server_2,2026-07-02 12:00:00+00:00,36.92,45.15
server_2,2026-07-02 13:00:00+00:00,33.05,50.87
server_2,2026-07-02 14:00:00+00:00,34.16,45.6
server_2,2026-07-02 15:00:00+00:00,33.12,49.72
server_2,2026-07-02 16:00:00+00:00,31.79,46.61
server_2,2026-07-02 17:00:00+00:00,26.67,51.85
server_2,2026-07-02 18:00:00+00:00,26.1,43.71
server_2,2026-07-02 19:00:00+00:00,28.63,46.99
server_2,2026-07-02 20:00:00+00:00,21.72,46.28
server_2,2026-07-02 21:00:00+00:00,22.18,40.52
server_2,2026-07-02 22:00:00+00:00,23.79,44.29
server_2,2026-07-02 23:00:00+00:00,23.91,43.55
server_2,2026-07-03 00:00:00+00:00,30.0,44.69
server_2,2026-07-03 01:00:00+00:00,27.5,44.12
server_2,2026-07-03 02:00:00+00:00,27.36,50.27
server_2,2026-07-03 03:00:00+00:00,24.34,42.37
server_2,2026-07-03 04:00:00+00:00,24.28,47.02
server_2,2026-07-03 05:00:00+00:00,21.37,44.99
server_2,2026-07-03 06:00:00+00:00,26.95,40.1
server_2,2026-07-03 07:00:00+00:00,26.23,47.51
server_2,2026-07-03 08:00:00+00:00,28.21,40.47
server_2,2026-07-03 09:00:00+00:00,24.47,47.33
server_2,2026-07-03 10:00:00+00:00,28.07,44.04
server_2,2026-07-03 11:00:00+00:00,31.85,47.43
server_2,2026-07-03 12:00:00+00:00,35.89,43.63
server_2,2026-07-03 13:00:00+00:00,31.17,47.65
server_2,2026-07-03 14:00:00+00:00,36.69,52.8
server_2,2026-07-03 15:00:00+00:00,33.61,44.79
server_2,2026-07-03 16:00:00+00:00,28.78,43.89
server_2,2026-07-03 17:00:00+00:00,23.21,46.19
server_2,2026-07-03 18:00:00+00:00,24.66,46.8
server_2,2026-07-03 19:00:00+00:00,28.62,36.53
server_2,2026-07-03 20:00:00+00:00,29.19,54.53
server_2,2026-07-03 21:00:00+00:00,25.89,47.43
server_2,2026-07-03 22:00:00+00:00,29.91,49.5
server_2,2026-07-03 23:00:00+00:00,24.89,44.39
server_2,2026-07-04 00:00:00+00:00,25.38,37.71
server_2,2026-07-04 01:00:00+00:00,21.87,46.6
server_2,2026-07-04 02:00:00+00:00,21.71,41.59
server_2,2026-07-04 03:00:00+00:00,21.31,45.88
server_2,2026-07-04 04:00:00+00:00,17.85,41.62
server_2,2026-07-04 05:00:00+00:00,26.22,46.38
server_2,2026-07-04 06:00:00+00:00,21.4,40.64
server_2,2026-07-04 07:00:00+00:00,21.0,47.06
server_2,2026-07-04 08:00:00+00:00,20.05,38.51
server_2,2026-07-04 09:00:00+00:00,22.49,53.1
server_2,2026-07-04 10:00:00+00:00,29.29,55.45
server_2,2026-07-04 11:00:00+00:00,31.77,53.9
server_2,2026-07-04 12:00:00+00:00,23.61,49.62
server_2,2026-07-04 13:00:00+00:00,27.53,45.55
server_2,2026-07-04 14:00:00+00:00,25.83,49.96
server_2,2026-07-04 15:00:00+00:00,30.23,46.45
server_2,2026-07-04 16:00:00+00:00,27.25,39.57
server_2,2026-07-04 17:00:00+00:00,23.29,50.41
server_2,2026-07-04 18:00:00+00:00,23.18,48.88
server_2,2026-07-04 19:00:00+00:00,21.81,43.76
server_2,2026-07-04 20:00:00+00:00,27.04,40.81
server_2,2026-07-04 21:00:00+00:00,24.37,42.43
server_2,2026-07-04 22:00:00+00:00,24.67,37.6
server_2,2026-07-04 23:00:00+00:00,16.33,45.75
server_2,2026-07-05 00:00:00+00:00,22.83,37.83
server_2,2026-07-05 01:00:00+00:00,28.21,47.27
server_2,2026-07-05 02:00:00+00:00,26.32,42.09
server_2,2026-07-05 03:00:00+00:00,18.38,36.98
server_2,2026-07-05 04:00:00+00:00,22.22,44.98
server_2,2026-07-05 05:00:00+00:00,20.0,41.91
server_2,2026-07-05 06:00:00+00:00,27.28,49.15
server_2,2026-07-05 07:00:00+00:00,23.61,39.44
server_2,2026-07-05 08:00:00+00:00,21.08,40.6
server_2,2026-07-05 09:00:00+00:00,23.09,34.78
server_2,2026-07-05 10:00:00+00:00,18.36,33.94
server_2,2026-07-05 11:00:00+00:00,23.82,51.78
server_2,2026-07-05 12:00:00+00:00,27.85,54.33
server_2,2026-07-05 13:00:00+00:00,30.53,47.31
server_2,2026-07-05 14:00:00+00:00,23.56,41.2
server_2,2026-07-05 15:00:00+00:00,26.81,44.44
server_2,2026-07-05 16:00:00+00:00,29.06,49.92
server_2,2026-07-05 17:00:00+00:00,21.25,41.63
server_2,2026-07-05 18:00:00+00:00,23.57,45.45
server_2,2026-07-05 19:00:00+00:00,23.16,44.31
server_2,2026-07-05 20:00:00+00:00,27.29,43.52
server_2,2026-07-05 21:00:00+00:00,22.42,41.99
server_2,2026-07-05 22:00:00+00:00,22.57,45.32
server_2,2026-07-05 23:00:00+00:00,25.14,41.14
server_2,2026-07-06 00:00:00+00:00,21.68,45.65
server_2,2026-07-06 01:00:00+00:00,24.45,42.92
server_2,2026-07-06 02:00:00+00:00,23.86,45.11
server_2,2026-07-06 03:00:00+00:00,24.65,50.41
server_2,2026-07-06 04:00:00+00:00,27.12,45.07
server_2,2026-07-06 05:00:00+00:00,26.39,49.16
server_2,2026-07-06 06:00:00+00:00,23.13,37.18
server_2,2026-07-06 07:00:00+00:00,25.34,43.24
server_2,2026-07-06 08:00:00+00:00,28.73,46.41
server_2,2026-07-06 09:00:00+00:00,22.92,51.97
server_2,2026-07-06 10:00:00+00:00,28.78,38.48
server_2,2026-07-06 11:00:00+00:00,30.94,46.7
server_2,2026-07-06 12:00:00+00:00,33.5,53.8
server_2,2026-07-06 13:00:00+00:00,30.77,43.88
server_2,2026-07-06 14:00:00+00:00,38.37,48.83
server_2,2026-07-06 15:00:00+00:00,31.72,48.68
server_2,2026-07-06 16:00:00+00:00,33.99,48.89
server_2,2026-07-06 17:00:00+00:00,26.87,51.92
server_2,2026-07-06 18:00:00+00:00,23.44,46.25
server_2,2026-07-06 19:00:00+00:00,28.03,51.37
server_2,2026-07-06 20:00:00+00:00,27.48,44.43
server_2,2026-07-06 21:00:00+00:00,25.52,42.22
server_2,2026-07-06 22:00:00+00:00,26.9,44.76
server_2,2026-07-06 23:00:00+00:00,24.28,40.11
server_2,2026-07-07 00:00:00+00:00,24.98,46.93
server_2,2026-07-07 01:00:00+00:00,23.35,42.88
server_2,2026-07-07 02:00:00+00:00,27.26,43.1
server_2,2026-07-07 03:00:00+00:00,23.27,46.39
server_2,2026-07-07 04:00:00+00:00,28.71,41.72
server_2,2026-07-07 05:00:00+00:00,24.21,47.81
server_2,2026-07-07 06:00:00+00:00,25.05,43.1
server_2,2026-07-07 07:00:00+00:00,26.9,50.3
server_2,2026-07-07 08:00:00+00:00,25.06,43.45
server_2,2026-07-07 09:00:00+00:00,24.26,47.27
server_2,2026-07-07 10:00:00+00:00,28.35,46.89
server_2,2026-07-07 11:00:00+00:00,33.66,51.01
server_2,2026-07-07 12:00:00+00:00,32.0,47.89
server_2,2026-07-07 13:00:00+00:00,34.53,41.68
server_2,2026-07-07 14:00:00+00:00,34.87,52.49
server_2,2026-07-07 15:00:00+00:00,35.82,48.44
server_2,2026-07-07 16:00:00+00:00,31.18,50.32
server_2,2026-07-07 17:00:00+00:00,32.94,50.54
server_2,2026-07-07 18:00:00+00:00,24.61,41.77
server_2,2026-07-07 19:00:00+00:00,24.41,41.13
server_2,2026-07-07 20:00:00+00:00,24.57,47.47
server_2,2026-07-07 21:00:00+00:00,21.71,42.63
server_2,2026-07-07 22:00:00+00:00,22.41,47.84
server_2,2026-07-07 23:00:00+00:00,23.67,43.82
server_2,2026-07-08 00:00:00+00:00,27.84,50.09
server_2,2026-07-08 01:00:00+00:00,24.92,46.66
server_2,2026-07-08 02:00:00+00:00,23.79,45.73
server_2,2026-07-08 03:00:00+00:00,28.07,44.58
server_2,2026-07-08 04:00:00+00:00,28.88,47.29
server_2,2026-07-08 05:00:00+00:00,28.14,50.87
server_2,2026-07-08 06:00:00+00:00,22.87,44.04
server_2,2026-07-08 07:00:00+00:00,23.76,46.69
server_2,2026-07-08 08:00:00+00:00,29.53,46.77
server_2,2026-07-08 09:00:00+00:00,25.6,45.71
server_2,2026-07-08 10:00:00+00:00,27.75,52.86
server_2,2026-07-08 11:00:00+00:00,33.22,52.69
server_2,2026-07-08 12:00:00+00:00,36.18,49.23
server_2,2026-07-08 13:00:00+00:00,33.42,48.8
server_2,2026-07-08 14:00:00+00:00,35.4,45.83
server_2,2026-07-08 15:00:00+00:00,35.98,48.15
server_2,2026-07-08 16:00:00+00:00,28.53,47.47
server_2,2026-07-08 17:00:00+00:00,28.45,49.61
server_2,2026-07-08 18:00:00+00:00,22.21,47.02
server_2,2026-07-08 19:00:00+00:00,22.54,39.7
server_2,2026-07-08 20:00:00+00:00,23.59,48.42
server_2,2026-07-08 21:00:00+00:00,26.19,45.06
server_2,2026-07-08 22:00:00+00:00,24.19,40.77
server_2,2026-07-08 23:00:00+00:00,23.38,49.78
server_2,2026-07-09 00:00:00+00:00,25.13,50.9
server_2,2026-07-09 01:00:00+00:00,22.13,45.05
server_2,2026-07-09 02:00:00+00:00,26.07,48.21
server_2,2026-07-09 03:00:00+00:00,27.83,49.06
server_2,2026-07-09 04:00:00+00:00,24.8,50.51
server_2,2026-07-09 05:00:00+00:00,24.49,47.73
server_2,2026-07-09 06:00:00+00:00,25.93,40.02
server_2,2026-07-09 07:00:00+00:00,19.93,51.26
server_2,2026-07-09 08:00:00+00:00,26.34,49.73
server_2,2026-07-09 09:00:00+00:00,32.75,45.68
server_2,2026-07-09 10:00:00+00:00,28.11,41.97
server_2,2026-07-09 11:00:00+00:00,31.13,49.16
server_2,2026-07-09 12:00:00+00:00,35.52,47.57
server_2,2026-07-09 13:00:00+00:00,38.96,51.21
server_2,2026-07-09 14:00:00+00:00,37.29,52.27
server_2,2026-07-09 15:00:00+00:00,28.27,43.88
server_2,2026-07-09 16:00:00+00:00,32.84,43.28
server_2,2026-07-09 17:00:00+00:00,34.85,49.99
server_2,2026-07-09 18:00:00+00:00,26.56,43.41
server_2,2026-07-09 19:00:00+00:00,22.11,44.57
server_2,2026-07-09 20:00:00+00:00,25.7,39.87
server_2,2026-07-09 21:00:00+00:00,21.8,42.87
server_2,2026-07-09 22:00:00+00:00,28.08,48.94
server_2,2026-07-09 23:00:00+00:00,22.61,46.59
server_2,2026-07-10 00:00:00+00:00,25.19,41.91
server_2,2026-07-10 01:00:00+00:00,22.86,39.58
server_2,2026-07-10 02:00:00+00:00,23.63,44.58
server_2,2026-07-10 03:00:00+00:00,28.72,48.54
server_2,2026-07-10 04:00:00+00:00,25.26,46.71
server_2,2026-07-10 05:00:00+00:00,23.6,42.46
server_2,2026-07-10 06:00:00+00:00,22.14,45.19
server_2,2026-07-10 07:00:00+00:00,20.32,49.37
server_2,2026-07-10 08:00:00+00:00,21.87,44.73
server_2,2026-07-10 09:00:00+00:00,25.28,38.57
server_2,2026-07-10 10:00:00+00:00,30.87,47.87
server_2,2026-07-10 11:00:00+00:00,30.03,54.94
server_2,2026-07-10 12:00:00+00:00,37.59,44.26
server_2,2026-07-10 13:00:00+00:00,33.05,47.94
server_2,2026-07-10 14:00:00+00:00,34.25,47.33
server_2,2026-07-10 15:00:00+00:00,30.96,47.47
server_2,2026-07-10 16:00:00+00:00,33.9,48.89
server_2,2026-07-10 17:00:00+00:00,33.66,52.59
server_2,2026-07-10 18:00:00+00:00,20.6,43.8
server_2,2026-07-10 19:00:00+00:00,24.13,49.81
server_2,2026-07-10 20:00:00+00:00,28.16,45.64
server_2,2026-07-10 21:00:00+00:00,21.38,42.33
server_2,2026-07-10 22:00:00+00:00,26.42,42.82
server_2,2026-07-10 23:00:00+00:00,28.05,38.8
server_2,2026-07-11 00:00:00+00:00,23.2,45.47
server_2,2026-07-11 01:00:00+00:00,24.38,53.0
server_2,2026-07-11 02:00:00+00:00,27.4,47.67
server_2,2026-07-11 03:00:00+00:00,27.87,48.75
server_2,2026-07-11 04:00:00+00:00,22.85,42.59
server_2,2026-07-11 05:00:00+00:00,21.67,42.86
server_2,2026-07-11 06:00:00+00:00,20.7,47.43
server_2,2026-07-11 07:00:00+00:00,25.44,53.19
server_2,2026-07-11 08:00:00+00:00,19.57,49.05
server_2,2026-07-11 09:00:00+00:00,22.37,47.3
server_2,2026-07-11 10:00:00+00:00,25.14,45.19
server_2,2026-07-11 11:00:00+00:00,25.28,45.94
server_2,2026-07-11 12:00:00+00:00,28.46,43.2
server_2,2026-07-11 13:00:00+00:00,34.83,42.65
server_2,2026-07-11 14:00:00+00:00,28.11,41.58
server_2,2026-07-11 15:00:00+00:00,26.67,45.79
server_2,2026-07-11 16:00:00+00:00,29.07,45.26
server_2,2026-07-11 17:00:00+00:00,25.48,39.29
server_2,2026-07-11 18:00:00+00:00,26.6,45.41
server_2,2026-07-11 19:00:00+00:00,23.41,43.17
server_2,2026-07-11 20:00:00+00:00,22.38,39.39
server_2,2026-07-11 21:00:00+00:00,18.54,41.26
server_2,2026-07-11 22:00:00+00:00,18.95,41.6
server_2,2026-07-11 23:00:00+00:00,18.41,40.23
server_2,2026-07-12 00:00:00+00:00,23.95,48.34
server_2,2026-07-12 01:00:00+00:00,19.59,35.5
server_2,2026-07-12 02:00:00+00:00,26.14,37.46
server_2,2026-07-12 03:00:00+00:00,23.08,44.34
server_2,2026-07-12 04:00:00+00:00,22.39,44.47
server_2,2026-07-12 05:00:00+00:00,20.89,45.18
server_2,2026-07-12 06:00:00+00:00,24.56,42.69
server_2,2026-07-12 07:00:00+00:00,20.99,39.92
server_2,2026-07-12 08:00:00+00:00,20.54,43.41
server_2,2026-07-12 09:00:00+00:00,25.97,43.57
server_2,2026-07-12 10:00:00+00:00,25.77,51.47
server_2,2026-07-12 11:00:00+00:00,25.95,44.03
server_2,2026-07-12 12:00:00+00:00,29.37,46.32
server_2,2026-07-12 13:00:00+00:00,28.44,56.11
server_2,2026-07-12 14:00:00+00:00,29.37,45.75
server_2,2026-07-12 15:00:00+00:00,25.72,47.48
server_2,2026-07-12 16:00:00+00:00,31.71,49.93
server_2,2026-07-12 17:00:00+00:00,23.43,47.38
server_2,2026-07-12 18:00:00+00:00,26.89,46.82
server_2,2026-07-12 19:00:00+00:00,22.53,44.91
server_2,2026-07-12 20:00:00+00:00,25.02,45.41
server_2,2026-07-12 21:00:00+00:00,24.84,42.64
server_2,2026-07-12 22:00:00+00:00,25.87,46.61
server_2,2026-07-12 23:00:00+00:00,20.9,51.68
server_2,2026-07-13 00:00:00+00:00,27.69,50.78
server_2,2026-07-13 01:00:00+00:00,29.62,47.83
server_2,2026-07-13 02:00:00+00:00,24.35,48.2
server_2,2026-07-13 03:00:00+00:00,25.09,41.55
server_2,2026-07-13 04:00:00+00:00,23.69,43.5
server_2,2026-07-13 05:00:00+00:00,24.13,48.49
server_2,2026-07-13 06:00:00+00:00,29.28,52.45
server_2,2026-07-13 07:00:00+00:00,22.49,41.04
server_2,2026-07-13 08:00:00+00:00,22.64,42.24
server_2,2026-07-13 09:00:00+00:00,29.03,55.14
server_2,2026-07-13 10:00:00+00:00,29.98,47.13
server_2,2026-07-13 11:00:00+00:00,36.73,56.4
server_2,2026-07-13 12:00:00+00:00,32.53,48.46
server_2,2026-07-13 13:00:00+00:00,35.16,49.54
server_2,2026-07-13 14:00:00+00:00,33.2,46.65
server_2,2026-07-13 15:00:00+00:00,34.02,51.93
server_2,2026-07-13 16:00:00+00:00,26.99,51.13
server_2,2026-07-13 17:00:00+00:00,30.13,42.66
server_2,2026-07-13 18:00:00+00:00,25.81,43.87
server_2,2026-07-13 19:00:00+00:00,24.86,48.61
server_2,2026-07-13 20:00:00+00:00,24.02,44.14
server_2,2026-07-13 21:00:00+00:00,22.76,42.24
server_2,2026-07-13 22:00:00+00:00,26.82,49.67
server_2,2026-07-13 23:00:00+00:00,22.07,48.39
server_2,2026-07-14 00:00:00+00:00,26.28,43.65
server_2,2026-07-14 01:00:00+00:00,30.19,47.66
server_2,2026-07-14 02:00:00+00:00,28.71,41.47
server_2,2026-07-14 03:00:00+00:00,21.24,40.1
server_2,2026-07-14 04:00:00+00:00,23.66,45.03
server_2,2026-07-14 05:00:00+00:00,26.05,45.49
server_2,2026-07-14 06:00:00+00:00,24.82,41.07
server_2,2026-07-14 07:00:00+00:00,21.5,40.91
server_2,2026-07-14 08:00:00+00:00,25.96,41.08
server_2,2026-07-14 09:00:00+00:00,24.97,46.81
server_2,2026-07-14 10:00:00+00:00,33.21,40.0
server_2,2026-07-14 11:00:00+00:00,30.79,42.98
server_2,2026-07-14 12:00:00+00:00,36.58,41.6
server_2,2026-07-14 13:00:00+00:00,31.68,49.01
server_2,2026-07-14 14:00:00+00:00,32.28,40.34
server_2,2026-07-14 15:00:00+00:00,35.46,48.79
server_2,2026-07-14 16:00:00+00:00,34.14,54.76
server_2,2026-07-14 17:00:00+00:00,26.03,52.05
server_2,2026-07-14 18:00:00+00:00,25.06,37.8
server_2,2026-07-14 19:00:00+00:00,21.55,44.98
server_2,2026-07-14 20:00:00+00:00,24.55,40.89
server_2,2026-07-14 21:00:00+00:00,27.09,40.96
server_2,2026-07-14 22:00:00+00:00,23.91,44.17
server_2,2026-07-14 23:00:00+00:00,24.38,49.7
server_2,2026-07-15 00:00:00+00:00,22.18,46.41
server_2,2026-07-15 01:00:00+00:00,23.38,41.57
server_2,2026-07-15 02:00:00+00:00,29.4,49.36
server_2,2026-07-15 03:00:00+00:00,25.18,36.09
server_2,2026-07-15 04:00:00+00:00,22.49,41.11
server_2,2026-07-15 05:00:00+00:00,24.21,41.43
server_2,2026-07-15 06:00:00+00:00,21.01,43.92
server_2,2026-07-15 07:00:00+00:00,22.46,43.3
server_2,2026-07-15 08:00:00+00:00,28.4,45.62
server_2,2026-07-15 09:00:00+00:00,24.64,44.18
server_2,2026-07-15 10:00:00+00:00,33.15,47.94
server_2,2026-07-15 11:00:00+00:00,31.19,49.33
server_2,2026-07-15 12:00:00+00:00,33.57,48.6
server_2,2026-07-15 13:00:00+00:00,36.45,47.87
server_2,2026-07-15 14:00:00+00:00,28.17,47.72
server_2,2026-07-15 15:00:00+00:00,34.17,51.51
server_2,2026-07-15 16:00:00+00:00,31.31,44.98
server_2,2026-07-15 17:00:00+00:00,32.14,47.26
server_2,2026-07-15 18:00:00+00:00,27.41,50.49
server_2,2026-07-15 19:00:00+00:00,22.17,39.6
server_2,2026-07-15 20:00:00+00:00,28.11,53.31
server_2,2026-07-15 21:00:00+00:00,24.34,39.41
server_2,2026-07-15 22:00:00+00:00,22.74,42.83
server_2,2026-07-15 23:00:00+00:00,25.49,41.37
server_2,2026-07-16 00:00:00+00:00,24.49,53.57
server_2,2026-07-16 01:00:00+00:00,28.85,44.33
server_2,2026-07-16 02:00:00+00:00,25.85,43.29
server_2,2026-07-16 03:00:00+00:00,25.51,43.7
server_2,2026-07-16 04:00:00+00:00,27.25,46.17
server_2,2026-07-16 05:00:00+00:00,27.73,44.64
server_2,2026-07-16 06:00:00+00:00,26.96,45.15
server_2,2026-07-16 07:00:00+00:00,28.55,32.13
server_2,2026-07-16 08:00:00+00:00,25.37,45.36
server_2,2026-07-16 09:00:00+00:00,45.33,52.19
server_2,2026-07-16 10:00:00+00:00,68.7,64.45
server_2,2026-07-16 11:00:00+00:00,78.89,69.1
server_2,2026-07-16 12:00:00+00:00,84.55,65.09
server_2,2026-07-16 13:00:00+00:00,86.21,69.69
server_2,2026-07-16 14:00:00+00:00,80.73,60.1
server_2,2026-07-16 15:00:00+00:00,64.98,62.06
server_2,2026-07-16 16:00:00+00:00,49.63,51.33
server_2,2026-07-16 17:00:00+00:00,33.38,43.19
server_2,2026-07-16 18:00:00+00:00,27.0,44.96
server_2,2026-07-16 19:00:00+00:00,25.79,50.88
server_2,2026-07-16 20:00:00+00:00,24.2,45.44
server_2,2026-07-16 21:00:00+00:00,25.83,51.28
server_2,2026-07-16 22:00:00+00:00,24.95,41.99
server_2,2026-07-16 23:00:00+00:00,23.34,48.61
server_2,2026-07-17 00:00:00+00:00,25.32,42.5
server_2,2026-07-17 01:00:00+00:00,25.66,46.13
server_2,2026-07-17 02:00:00+00:00,24.06,45.54
server_2,2026-07-17 03:00:00+00:00,27.26,48.44
server_2,2026-07-17 04:00:00+00:00,28.22,47.13
server_2,2026-07-17 05:00:00+00:00,27.42,42.89
server_2,2026-07-17 06:00:00+00:00,24.31,48.28
server_2,2026-07-17 07:00:00+00:00,26.89,52.59
server_2,2026-07-17 08:00:00+00:00,25.19,42.73
server_2,2026-07-17 09:00:00+00:00,21.91,36.58
server_2,2026-07-17 10:00:00+00:00,30.1,48.78
server_2,2026-07-17 11:00:00+00:00,31.79,46.05
server_2,2026-07-17 12:00:00+00:00,40.14,49.78
server_2,2026-07-17 13:00:00+00:00,38.49,51.95
server_2,2026-07-17 14:00:00+00:00,36.63,47.24
server_2,2026-07-17 15:00:00+00:00,34.28,47.17
server_2,2026-07-17 16:00:00+00:00,31.84,46.99
server_2,2026-07-17 17:00:00+00:00,25.91,51.2
server_2,2026-07-17 18:00:00+00:00,20.65,43.6
server_2,2026-07-17 19:00:00+00:00,22.82,39.29
server_2,2026-07-17 20:00:00+00:00,24.88,40.17
server_2,2026-07-17 21:00:00+00:00,19.74,43.71
server_2,2026-07-17 22:00:00+00:00,23.64,40.01
server_2,2026-07-17 23:00:00+00:00,24.38,38.53
server_3,2026-04-19 00:00:00+00:00,41.59,66.08
server_3,2026-04-19 01:00:00+00:00,41.71,60.3
server_3,2026-04-19 02:00:00+00:00,39.08,61.94
server_3,2026-04-19 03:00:00+00:00,40.73,69.54
server_3,2026-04-19 04:00:00+00:00,40.47,61.42
server_3,2026-04-19 05:00:00+00:00,41.51,64.65
server_3,2026-04-19 06:00:00+00:00,41.51,63.91
server_3,2026-04-19 07:00:00+00:00,33.49,56.67
server_3,2026-04-19 08:00:00+00:00,39.4,65.33
server_3,2026-04-19 09:00:00+00:00,41.29,58.35
server_3,2026-04-19 10:00:00+00:00,40.85,66.96
server_3,2026-04-19 11:00:00+00:00,43.63,60.22
server_3,2026-04-19 12:00:00+00:00,46.64,61.71
server_3,2026-04-19 13:00:00+00:00,45.62,58.91
server_3,2026-04-19 14:00:00+00:00,49.19,60.82
server_3,2026-04-19 15:00:00+00:00,47.58,62.25
server_3,2026-04-19 16:00:00+00:00,43.24,52.71
server_3,2026-04-19 17:00:00+00:00,41.39,60.85
server_3,2026-04-19 18:00:00+00:00,32.87,56.77
server_3,2026-04-19 19:00:00+00:00,39.18,64.17
server_3,2026-04-19 20:00:00+00:00,36.62,61.81
server_3,2026-04-19 21:00:00+00:00,40.55,58.66
server_3,2026-04-19 22:00:00+00:00,40.38,59.6
server_3,2026-04-19 23:00:00+00:00,41.74,60.97
server_3,2026-04-20 00:00:00+00:00,45.49,69.17
server_3,2026-04-20 01:00:00+00:00,41.93,58.69
server_3,2026-04-20 02:00:00+00:00,47.7,61.12
server_3,2026-04-20 03:00:00+00:00,42.58,57.69
server_3,2026-04-20 04:00:00+00:00,38.72,54.93
server_3,2026-04-20 05:00:00+00:00,40.59,62.74
server_3,2026-04-20 06:00:00+00:00,41.07,62.49
server_3,2026-04-20 07:00:00+00:00,43.48,67.65
server_3,2026-04-20 08:00:00+00:00,39.63,65.34
server_3,2026-04-20 09:00:00+00:00,41.26,71.33
server_3,2026-04-20 10:00:00+00:00,45.02,62.76
server_3,2026-04-20 11:00:00+00:00,47.31,62.82
server_3,2026-04-20 12:00:00+00:00,52.69,60.54
server_3,2026-04-20 13:00:00+00:00,53.45,68.79
server_3,2026-04-20 14:00:00+00:00,54.76,66.94
server_3,2026-04-20 15:00:00+00:00,49.83,67.35
server_3,2026-04-20 16:00:00+00:00,51.43,60.75
server_3,2026-04-20 17:00:00+00:00,42.01,63.41
server_3,2026-04-20 18:00:00+00:00,38.53,61.61
server_3,2026-04-20 19:00:00+00:00,38.97,61.49
server_3,2026-04-20 20:00:00+00:00,42.02,59.27
server_3,2026-04-20 21:00:00+00:00,45.01,67.81
server_3,2026-04-20 22:00:00+00:00,40.49,69.67
server_3,2026-04-20 23:00:00+00:00,40.81,57.14
server_3,2026-04-21 00:00:00+00:00,41.46,64.69
server_3,2026-04-21 01:00:00+00:00,43.43,50.99
server_3,2026-04-21 02:00:00+00:00,40.81,64.26
server_3,2026-04-21 03:00:00+00:00,40.67,54.05
server_3,2026-04-21 04:00:00+00:00,38.64,58.72
server_3,2026-04-21 05:00:00+00:00,40.57,56.25
server_3,2026-04-21 06:00:00+00:00,44.94,62.17
server_3,2026-04-21 07:00:00+00:00,42.23,65.43
server_3,2026-04-21 08:00:00+00:00,40.15,53.92
server_3,2026-04-21 09:00:00+00:00,45.09,61.64
server_3,2026-04-21 10:00:00+00:00,43.96,60.63
server_3,2026-04-21 11:00:00+00:00,51.98,71.82
server_3,2026-04-21 12:00:00+00:00,54.17,67.99
server_3,2026-04-21 13:00:00+00:00,51.99,60.79
server_3,2026-04-21 14:00:00+00:00,48.1,62.25
server_3,2026-04-21 15:00:00+00:00,56.38,73.26
server_3,2026-04-21 16:00:00+00:00,49.4,67.45
server_3,2026-04-21 17:00:00+00:00,44.61,59.24
server_3,2026-04-21 18:00:00+00:00,44.39,61.77
server_3,2026-04-21 19:00:00+00:00,43.76,61.67
server_3,2026-04-21 20:00:00+00:00,45.28,61.0
server_3,2026-04-21 21:00:00+00:00,40.34,54.58
server_3,2026-04-21 22:00:00+00:00,42.8,59.57
server_3,2026-04-21 23:00:00+00:00,39.04,66.52
server_3,2026-04-22 00:00:00+00:00,43.67,61.06
server_3,2026-04-22 01:00:00+00:00,41.94,61.57
server_3,2026-04-22 02:00:00+00:00,42.7,62.81
server_3,2026-04-22 03:00:00+00:00,41.63,70.74
server_3,2026-04-22 04:00:00+00:00,41.37,61.82
server_3,2026-04-22 05:00:00+00:00,39.83,65.62
server_3,2026-04-22 06:00:00+00:00,43.98,60.3
server_3,2026-04-22 07:00:00+00:00,45.72,62.27
server_3,2026-04-22 08:00:00+00:00,40.61,61.56
server_3,2026-04-22 09:00:00+00:00,43.38,59.39
server_3,2026-04-22 10:00:00+00:00,46.5,62.76
server_3,2026-04-22 11:00:00+00:00,48.45,67.81
server_3,2026-04-22 12:00:00+00:00,46.84,60.49
server_3,2026-04-22 13:00:00+00:00,48.59,64.31
server_3,2026-04-22 14:00:00+00:00,49.9,67.6
server_3,2026-04-22 15:00:00+00:00,45.31,59.86
server_3,2026-04-22 16:00:00+00:00,51.95,69.86
server_3,2026-04-22 17:00:00+00:00,46.34,63.81
server_3,2026-04-22 18:00:00+00:00,41.93,61.31
server_3,2026-04-22 19:00:00+00:00,36.52,52.05
server_3,2026-04-22 20:00:00+00:00,37.44,58.91
server_3,2026-04-22 21:00:00+00:00,41.99,63.48
server_3,2026-04-22 22:00:00+00:00,46.93,70.71
server_3,2026-04-22 23:00:00+00:00,40.25,63.66
server_3,2026-04-23 00:00:00+00:00,44.16,67.26
server_3,2026-04-23 01:00:00+00:00,40.8,56.74
server_3,2026-04-23 02:00:00+00:00,42.14,61.54
server_3,2026-04-23 03:00:00+00:00,45.04,67.95
server_3,2026-04-23 04:00:00+00:00,41.14,58.15
server_3,2026-04-23 05:00:00+00:00,40.27,65.26
server_3,2026-04-23 06:00:00+00:00,45.55,66.17
server_3,2026-04-23 07:00:00+00:00,42.11,63.14
server_3,2026-04-23 08:00:00+00:00,44.73,61.64
server_3,2026-04-23 09:00:00+00:00,40.29,57.46
server_3,2026-04-23 10:00:00+00:00,48.94,71.53
server_3,2026-04-23 11:00:00+00:00,49.11,67.02
server_3,2026-04-23 12:00:00+00:00,51.75,66.77
server_3,2026-04-23 13:00:00+00:00,52.18,63.91
server_3,2026-04-23 14:00:00+00:00,50.58,65.16
server_3,2026-04-23 15:00:00+00:00,50.66,65.69
server_3,2026-04-23 16:00:00+00:00,47.32,65.46
server_3,2026-04-23 17:00:00+00:00,47.82,66.97
server_3,2026-04-23 18:00:00+00:00,41.49,58.69
server_3,2026-04-23 19:00:00+00:00,38.26,54.82
server_3,2026-04-23 20:00:00+00:00,37.8,60.87
server_3,2026-04-23 21:00:00+00:00,37.68,53.5
server_3,2026-04-23 22:00:00+00:00,43.54,61.25
server_3,2026-04-23 23:00:00+00:00,39.12,58.96
server_3,2026-04-24 00:00:00+00:00,42.75,64.23
server_3,2026-04-24 01:00:00+00:00,42.34,70.05
server_3,2026-04-24 02:00:00+00:00,41.84,54.17
server_3,2026-04-24 03:00:00+00:00,43.1,71.48
server_3,2026-04-24 04:00:00+00:00,42.4,61.21
server_3,2026-04-24 05:00:00+00:00,35.23,61.02
server_3,2026-04-24 06:00:00+00:00,41.19,56.06
server_3,2026-04-24 07:00:00+00:00,43.06,66.36
server_3,2026-04-24 08:00:00+00:00,46.1,63.6
server_3,2026-04-24 09:00:00+00:00,46.22,63.23
server_3,2026-04-24 10:00:00+00:00,42.01,54.25
server_3,2026-04-24 11:00:00+00:00,47.55,64.24
server_3,2026-04-24 12:00:00+00:00,46.74,67.04
server_3,2026-04-24 13:00:00+00:00,55.65,65.83
server_3,2026-04-24 14:00:00+00:00,54.38,71.03
server_3,2026-04-24 15:00:00+00:00,51.54,69.87
server_3,2026-04-24 16:00:00+00:00,48.84,61.83
server_3,2026-04-24 17:00:00+00:00,48.87,70.79
server_3,2026-04-24 18:00:00+00:00,45.03,63.24
server_3,2026-04-24 19:00:00+00:00,44.9,63.21
server_3,2026-04-24 20:00:00+00:00,43.14,62.8
server_3,2026-04-24 21:00:00+00:00,41.13,61.97
server_3,2026-04-24 22:00:00+00:00,43.92,52.15
server_3,2026-04-24 23:00:00+00:00,44.04,61.97
server_3,2026-04-25 00:00:00+00:00,39.52,55.68
server_3,2026-04-25 01:00:00+00:00,39.12,67.5
server_3,2026-04-25 02:00:00+00:00,42.83,68.64
server_3,2026-04-25 03:00:00+00:00,44.16,66.16
server_3,2026-04-25 04:00:00+00:00,38.13,59.69
server_3,2026-04-25 05:00:00+00:00,39.34,57.04
server_3,2026-04-25 06:00:00+00:00,40.88,58.98
server_3,2026-04-25 07:00:00+00:00,41.22,69.5
server_3,2026-04-25 08:00:00+00:00,38.69,58.07
server_3,2026-04-25 09:00:00+00:00,44.71,53.53
server_3,2026-04-25 10:00:00+00:00,42.94,66.45
server_3,2026-04-25 11:00:00+00:00,44.86,69.0
server_3,2026-04-25 12:00:00+00:00,49.16,71.14
server_3,2026-04-25 13:00:00+00:00,44.29,66.96
server_3,2026-04-25 14:00:00+00:00,45.2,67.92
server_3,2026-04-25 15:00:00+00:00,41.63,62.08
server_3,2026-04-25 16:00:00+00:00,43.1,54.08
server_3,2026-04-25 17:00:00+00:00,38.16,60.77
server_3,2026-04-25 18:00:00+00:00,41.87,64.44
server_3,2026-04-25 19:00:00+00:00,41.05,61.13
server_3,2026-04-25 20:00:00+00:00,39.31,60.33
server_3,2026-04-25 21:00:00+00:00,39.75,57.36
server_3,2026-04-25 22:00:00+00:00,41.9,57.96
server_3,2026-04-25 23:00:00+00:00,37.16,67.66
server_3,2026-04-26 00:00:00+00:00,40.51,68.98
server_3,2026-04-26 01:00:00+00:00,41.75,61.9
server_3,2026-04-26 02:00:00+00:00,35.54,60.87
server_3,2026-04-26 03:00:00+00:00,41.71,57.98
server_3,2026-04-26 04:00:00+00:00,35.81,62.41
server_3,2026-04-26 05:00:00+00:00,39.71,68.24
server_3,2026-04-26 06:00:00+00:00,37.09,54.17
server_3,2026-04-26 07:00:00+00:00,43.58,64.41
server_3,2026-04-26 08:00:00+00:00,37.11,62.44
server_3,2026-04-26 09:00:00+00:00,35.87,61.97
server_3,2026-04-26 10:00:00+00:00,42.21,68.65
server_3,2026-04-26 11:00:00+00:00,42.5,70.32
server_3,2026-04-26 12:00:00+00:00,41.0,60.72
server_3,2026-04-26 13:00:00+00:00,46.73,66.35
server_3,2026-04-26 14:00:00+00:00,40.44,61.79
server_3,2026-04-26 15:00:00+00:00,42.17,59.53
server_3,2026-04-26 16:00:00+00:00,42.1,63.12
server_3,2026-04-26 17:00:00+00:00,43.89,65.35
server_3,2026-04-26 18:00:00+00:00,43.24,63.3
server_3,2026-04-26 19:00:00+00:00,42.76,58.74
server_3,2026-04-26 20:00:00+00:00,39.62,59.31
server_3,2026-04-26 21:00:00+00:00,33.93,57.35
server_3,2026-04-26 22:00:00+00:00,40.98,58.27
server_3,2026-04-26 23:00:00+00:00,43.68,63.84
server_3,2026-04-27 00:00:00+00:00,45.08,64.75
server_3,2026-04-27 01:00:00+00:00,43.16,66.32
server_3,2026-04-27 02:00:00+00:00,39.03,57.53
server_3,2026-04-27 03:00:00+00:00,40.69,59.23
server_3,2026-04-27 04:00:00+00:00,46.83,69.91
server_3,2026-04-27 05:00:00+00:00,38.46,60.1
server_3,2026-04-27 06:00:00+00:00,39.13,61.12
server_3,2026-04-27 07:00:00+00:00,44.36,62.12
server_3,2026-04-27 08:00:00+00:00,40.92,66.15
server_3,2026-04-27 09:00:00+00:00,39.05,65.65
server_3,2026-04-27 10:00:00+00:00,49.24,68.99
server_3,2026-04-27 11:00:00+00:00,49.58,64.76
server_3,2026-04-27 12:00:00+00:00,49.71,61.21
server_3,2026-04-27 13:00:00+00:00,48.98,72.15
server_3,2026-04-27 14:00:00+00:00,56.97,70.66
server_3,2026-04-27 15:00:00+00:00,50.6,63.18
server_3,2026-04-27 16:00:00+00:00,51.92,71.17
server_3,2026-04-27 17:00:00+00:00,47.65,61.84
server_3,2026-04-27 18:00:00+00:00,40.7,67.19
server_3,2026-04-27 19:00:00+00:00,40.72,67.46
server_3,2026-04-27 20:00:00+00:00,45.62,59.58
server_3,2026-04-27 21:00:00+00:00,45.66,65.61
server_3,2026-04-27 22:00:00+00:00,37.31,63.49
server_3,2026-04-27 23:00:00+00:00,43.37,72.94
server_3,2026-04-28 00:00:00+00:00,41.7,58.92
server_3,2026-04-28 01:00:00+00:00,39.42,66.83
server_3,2026-04-28 02:00:00+00:00,42.65,62.3
server_3,2026-04-28 03:00:00+00:00,38.63,55.85
server_3,2026-04-28 04:00:00+00:00,40.83,61.11
server_3,2026-04-28 05:00:00+00:00,40.0,61.31
server_3,2026-04-28 06:00:00+00:00,40.75,57.33
server_3,2026-04-28 07:00:00+00:00,41.82,63.19
server_3,2026-04-28 08:00:00+00:00,39.46,64.94
server_3,2026-04-28 09:00:00+00:00,45.93,64.33
server_3,2026-04-28 10:00:00+00:00,46.65,61.46
server_3,2026-04-28 11:00:00+00:00,52.91,65.23
server_3,2026-04-28 12:00:00+00:00,50.26,64.87
server_3,2026-04-28 13:00:00+00:00,50.48,65.84
server_3,2026-04-28 14:00:00+00:00,56.24,71.42
server_3,2026-04-28 15:00:00+00:00,49.22,65.61
server_3,2026-04-28 16:00:00+00:00,47.98,58.48
server_3,2026-04-28 17:00:00+00:00,47.22,61.58
server_3,2026-04-28 18:00:00+00:00,38.91,61.58
server_3,2026-04-28 19:00:00+00:00,43.78,67.12
server_3,2026-04-28 20:00:00+00:00,43.46,67.7
server_3,2026-04-28 21:00:00+00:00,45.17,70.21
server_3,2026-04-28 22:00:00+00:00,44.23,63.3
server_3,2026-04-28 23:00:00+00:00,45.25,66.19
server_3,2026-04-29 00:00:00+00:00,41.72,56.09
server_3,2026-04-29 01:00:00+00:00,39.84,62.96
server_3,2026-04-29 02:00:00+00:00,47.27,59.55
server_3,2026-04-29 03:00:00+00:00,38.18,60.41
server_3,2026-04-29 04:00:00+00:00,38.43,72.87
server_3,2026-04-29 05:00:00+00:00,43.41,63.71
server_3,2026-04-29 06:00:00+00:00,46.06,59.97
server_3,2026-04-29 07:00:00+00:00,42.47,63.8
server_3,2026-04-29 08:00:00+00:00,44.5,60.81
server_3,2026-04-29 09:00:00+00:00,37.01,56.41
server_3,2026-04-29 10:00:00+00:00,44.17,71.17
server_3,2026-04-29 11:00:00+00:00,43.74,66.88
server_3,2026-04-29 12:00:00+00:00,52.61,67.1
server_3,2026-04-29 13:00:00+00:00,47.98,62.53
server_3,2026-04-29 14:00:00+00:00,48.65,63.09
server_3,2026-04-29 15:00:00+00:00,51.95,71.65
server_3,2026-04-29 16:00:00+00:00,51.08,66.41
server_3,2026-04-29 17:00:00+00:00,45.02,50.73
server_3,2026-04-29 18:00:00+00:00,43.43,72.18
server_3,2026-04-29 19:00:00+00:00,43.34,63.2
server_3,2026-04-29 20:00:00+00:00,41.46,63.18
server_3,2026-04-29 21:00:00+00:00,39.26,65.39
server_3,2026-04-29 22:00:00+00:00,43.41,64.36
server_3,2026-04-29 23:00:00+00:00,43.53,65.52
server_3,2026-04-30 00:00:00+00:00,44.24,61.09
server_3,2026-04-30 01:00:00+00:00,42.78,57.35
server_3,2026-04-30 02:00:00+00:00,39.08,62.1
server_3,2026-04-30 03:00:00+00:00,43.73,68.33
server_3,2026-04-30 04:00:00+00:00,42.0,59.41
server_3,2026-04-30 05:00:00+00:00,40.79,58.67
server_3,2026-04-30 06:00:00+00:00,41.26,66.63
server_3,2026-04-30 07:00:00+00:00,40.27,59.57
server_3,2026-04-30 08:00:00+00:00,44.22,61.14
server_3,2026-04-30 09:00:00+00:00,38.45,59.27
server_3,2026-04-30 10:00:00+00:00,42.94,62.07
server_3,2026-04-30 11:00:00+00:00,47.61,57.67
server_3,2026-04-30 12:00:00+00:00,54.69,64.29
server_3,2026-04-30 13:00:00+00:00,54.48,67.29
server_3,2026-04-30 14:00:00+00:00,47.75,64.9
server_3,2026-04-30 15:00:00+00:00,54.04,70.85
server_3,2026-04-30 16:00:00+00:00,51.8,72.79
server_3,2026-04-30 17:00:00+00:00,42.49,68.22
server_3,2026-04-30 18:00:00+00:00,35.7,63.45
server_3,2026-04-30 19:00:00+00:00,41.82,61.34
server_3,2026-04-30 20:00:00+00:00,44.81,60.49
server_3,2026-04-30 21:00:00+00:00,45.98,63.46
server_3,2026-04-30 22:00:00+00:00,39.82,63.58
server_3,2026-04-30 23:00:00+00:00,46.38,66.82
server_3,2026-05-01 00:00:00+00:00,36.43,62.54
server_3,2026-05-01 01:00:00+00:00,41.08,61.19
server_3,2026-05-01 02:00:00+00:00,40.96,64.78
server_3,2026-05-01 03:00:00+00:00,44.88,68.05
server_3,2026-05-01 04:00:00+00:00,45.25,66.66
server_3,2026-05-01 05:00:00+00:00,44.39,62.71
server_3,2026-05-01 06:00:00+00:00,38.62,57.48
server_3,2026-05-01 07:00:00+00:00,44.16,59.32
server_3,2026-05-01 08:00:00+00:00,43.27,59.72
server_3,2026-05-01 09:00:00+00:00,37.82,61.57
server_3,2026-05-01 10:00:00+00:00,40.25,63.47
server_3,2026-05-01 11:00:00+00:00,51.02,59.5
server_3,2026-05-01 12:00:00+00:00,50.21,62.86
server_3,2026-05-01 13:00:00+00:00,48.64,65.3
server_3,2026-05-01 14:00:00+00:00,51.33,61.67
server_3,2026-05-01 15:00:00+00:00,51.57,67.09
server_3,2026-05-01 16:00:00+00:00,48.22,62.95
server_3,2026-05-01 17:00:00+00:00,41.54,58.95
server_3,2026-05-01 18:00:00+00:00,46.71,63.86
server_3,2026-05-01 19:00:00+00:00,44.51,64.45
server_3,2026-05-01 20:00:00+00:00,41.16,58.31
server_3,2026-05-01 21:00:00+00:00,41.26,60.77
server_3,2026-05-01 22:00:00+00:00,42.9,64.19
server_3,2026-05-01 23:00:00+00:00,39.18,57.96
server_3,2026-05-02 00:00:00+00:00,40.81,54.95
server_3,2026-05-02 01:00:00+00:00,36.67,53.99
server_3,2026-05-02 02:00:00+00:00,39.82,59.57
server_3,2026-05-02 03:00:00+00:00,37.08,55.0
server_3,2026-05-02 04:00:00+00:00,37.2,58.93
server_3,2026-05-02 05:00:00+00:00,44.11,69.4
server_3,2026-05-02 06:00:00+00:00,40.15,55.84
server_3,2026-05-02 07:00:00+00:00,40.52,60.35
server_3,2026-05-02 08:00:00+00:00,34.97,68.07
server_3,2026-05-02 09:00:00+00:00,38.51,62.41
server_3,2026-05-02 10:00:00+00:00,43.03,60.89
server_3,2026-05-02 11:00:00+00:00,44.02,62.08
server_3,2026-05-02 12:00:00+00:00,39.38,62.8
server_3,2026-05-02 13:00:00+00:00,45.93,70.16
server_3,2026-05-02 14:00:00+00:00,46.33,61.39
server_3,2026-05-02 15:00:00+00:00,47.97,61.06
server_3,2026-05-02 16:00:00+00:00,41.9,56.45
server_3,2026-05-02 17:00:00+00:00,36.28,60.41
server_3,2026-05-02 18:00:00+00:00,37.51,54.81
server_3,2026-05-02 19:00:00+00:00,37.26,58.48
server_3,2026-05-02 20:00:00+00:00,41.84,58.31
server_3,2026-05-02 21:00:00+00:00,33.21,63.22
server_3,2026-05-02 22:00:00+00:00,38.88,58.87
server_3,2026-05-02 23:00:00+00:00,43.56,64.14
server_3,2026-05-03 00:00:00+00:00,40.02,54.89
server_3,2026-05-03 01:00:00+00:00,42.24,62.61
server_3,2026-05-03 02:00:00+00:00,35.9,55.05
server_3,2026-05-03 03:00:00+00:00,36.0,58.2
server_3,2026-05-03 04:00:00+00:00,43.59,71.4
server_3,2026-05-03 05:00:00+00:00,40.25,65.12
server_3,2026-05-03 06:00:00+00:00,40.26,60.88
server_3,2026-05-03 07:00:00+00:00,37.2,73.12
server_3,2026-05-03 08:00:00+00:00,40.25,57.73
server_3,2026-05-03 09:00:00+00:00,37.14,64.96
server_3,2026-05-03 10:00:00+00:00,44.85,56.87
server_3,2026-05-03 11:00:00+00:00,50.35,63.95
server_3,2026-05-03 12:00:00+00:00,45.97,58.0
server_3,2026-05-03 13:00:00+00:00,43.83,63.67
server_3,2026-05-03 14:00:00+00:00,39.08,61.2
server_3,2026-05-03 15:00:00+00:00,40.55,60.26
server_3,2026-05-03 16:00:00+00:00,47.42,68.27
server_3,2026-05-03 17:00:00+00:00,39.31,58.79
server_3,2026-05-03 18:00:00+00:00,39.07,62.28
server_3,2026-05-03 19:00:00+00:00,41.64,65.16
server_3,2026-05-03 20:00:00+00:00,43.71,56.66
server_3,2026-05-03 21:00:00+00:00,39.5,58.13
server_3,2026-05-03 22:00:00+00:00,38.99,61.16
server_3,2026-05-03 23:00:00+00:00,40.18,63.88
server_3,2026-05-04 00:00:00+00:00,40.43,67.14
server_3,2026-05-04 01:00:00+00:00,40.57,60.63
server_3,2026-05-04 02:00:00+00:00,43.03,61.09
server_3,2026-05-04 03:00:00+00:00,42.46,58.67
server_3,2026-05-04 04:00:00+00:00,47.33,65.19
server_3,2026-05-04 05:00:00+00:00,43.1,61.2
server_3,2026-05-04 06:00:00+00:00,44.88,61.91
server_3,2026-05-04 07:00:00+00:00,39.32,60.69
server_3,2026-05-04 08:00:00+00:00,43.31,64.67
server_3,2026-05-04 09:00:00+00:00,40.19,59.11
server_3,2026-05-04 10:00:00+00:00,46.41,60.45
server_3,2026-05-04 11:00:00+00:00,50.15,66.58
server_3,2026-05-04 12:00:00+00:00,50.78,52.97
server_3,2026-05-04 13:00:00+00:00,57.87,65.14
server_3,2026-05-04 14:00:00+00:00,55.42,62.09
server_3,2026-05-04 15:00:00+00:00,53.6,70.87
server_3,2026-05-04 16:00:00+00:00,50.34,63.15
server_3,2026-05-04 17:00:00+00:00,49.83,62.5
server_3,2026-05-04 18:00:00+00:00,38.41,60.55
server_3,2026-05-04 19:00:00+00:00,45.43,60.82
server_3,2026-05-04 20:00:00+00:00,39.52,59.52
server_3,2026-05-04 21:00:00+00:00,40.59,61.89
server_3,2026-05-04 22:00:00+00:00,43.4,60.8
server_3,2026-05-04 23:00:00+00:00,45.08,61.36
server_3,2026-05-05 00:00:00+00:00,39.12,56.95
server_3,2026-05-05 01:00:00+00:00,40.72,56.94
server_3,2026-05-05 02:00:00+00:00,42.24,62.33
server_3,2026-05-05 03:00:00+00:00,41.53,63.06
server_3,2026-05-05 04:00:00+00:00,44.14,57.03
server_3,2026-05-05 05:00:00+00:00,50.59,68.05
server_3,2026-05-05 06:00:00+00:00,43.05,65.42
server_3,2026-05-05 07:00:00+00:00,40.16,65.26
server_3,2026-05-05 08:00:00+00:00,38.76,62.07
server_3,2026-05-05 09:00:00+00:00,41.19,64.26
server_3,2026-05-05 10:00:00+00:00,43.07,71.11
server_3,2026-05-05 11:00:00+00:00,49.6,63.45
server_3,2026-05-05 12:00:00+00:00,51.79,61.24
server_3,2026-05-05 13:00:00+00:00,50.69,58.91
server_3,2026-05-05 14:00:00+00:00,56.81,74.21
server_3,2026-05-05 15:00:00+00:00,48.82,71.46
server_3,2026-05-05 16:00:00+00:00,48.13,60.45
server_3,2026-05-05 17:00:00+00:00,47.02,60.85
server_3,2026-05-05 18:00:00+00:00,44.23,61.48
server_3,2026-05-05 19:00:00+00:00,45.19,68.01
server_3,2026-05-05 20:00:00+00:00,43.07,57.23
server_3,2026-05-05 21:00:00+00:00,44.63,55.05
server_3,2026-05-05 22:00:00+00:00,40.34,70.09
server_3,2026-05-05 23:00:00+00:00,44.3,64.05
server_3,2026-05-06 00:00:00+00:00,44.26,64.61
server_3,2026-05-06 01:00:00+00:00,45.78,62.5
server_3,2026-05-06 02:00:00+00:00,37.83,62.4
server_3,2026-05-06 03:00:00+00:00,39.73,55.15
server_3,2026-05-06 04:00:00+00:00,44.06,59.36
server_3,2026-05-06 05:00:00+00:00,35.37,60.1
server_3,2026-05-06 06:00:00+00:00,43.23,53.35
server_3,2026-05-06 07:00:00+00:00,44.65,61.72
server_3,2026-05-06 08:00:00+00:00,40.56,60.04
server_3,2026-05-06 09:00:00+00:00,40.92,60.41
server_3,2026-05-06 10:00:00+00:00,42.73,60.05
server_3,2026-05-06 11:00:00+00:00,47.12,59.81
server_3,2026-05-06 12:00:00+00:00,49.43,57.31
server_3,2026-05-06 13:00:00+00:00,50.14,65.43
server_3,2026-05-06 14:00:00+00:00,50.0,63.6
server_3,2026-05-06 15:00:00+00:00,49.98,59.29
server_3,2026-05-06 16:00:00+00:00,47.72,64.25
server_3,2026-05-06 17:00:00+00:00,50.11,63.66
server_3,2026-05-06 18:00:00+00:00,41.01,59.81
server_3,2026-05-06 19:00:00+00:00,42.86,53.67
server_3,2026-05-06 20:00:00+00:00,40.56,64.23
server_3,2026-05-06 21:00:00+00:00,40.53,56.55
server_3,2026-05-06 22:00:00+00:00,37.74,60.76
server_3,2026-05-06 23:00:00+00:00,38.07,57.39
server_3,2026-05-07 00:00:00+00:00,38.98,59.39
server_3,2026-05-07 01:00:00+00:00,42.46,66.77
server_3,2026-05-07 02:00:00+00:00,44.69,65.07
server_3,2026-05-07 03:00:00+00:00,37.53,64.96
server_3,2026-05-07 04:00:00+00:00,40.63,62.84
server_3,2026-05-07 05:00:00+00:00,38.58,62.39
server_3,2026-05-07 06:00:00+00:00,41.34,54.64
server_3,2026-05-07 07:00:00+00:00,44.69,61.67
server_3,2026-05-07 08:00:00+00:00,40.88,60.71
server_3,2026-05-07 09:00:00+00:00,41.88,66.85
server_3,2026-05-07 10:00:00+00:00,49.06,62.45
server_3,2026-05-07 11:00:00+00:00,49.57,65.71
server_3,2026-05-07 12:00:00+00:00,48.76,65.27
server_3,2026-05-07 13:00:00+00:00,52.25,70.22
server_3,2026-05-07 14:00:00+00:00,49.78,64.19
server_3,2026-05-07 15:00:00+00:00,51.71,68.71
server_3,2026-05-07 16:00:00+00:00,49.72,57.88
server_3,2026-05-07 17:00:00+00:00,42.0,55.54
server_3,2026-05-07 18:00:00+00:00,42.44,53.02
server_3,2026-05-07 19:00:00+00:00,41.71,65.04
server_3,2026-05-07 20:00:00+00:00,43.36,65.17
server_3,2026-05-07 21:00:00+00:00,44.08,66.31
server_3,2026-05-07 22:00:00+00:00,43.19,59.71
server_3,2026-05-07 23:00:00+00:00,41.24,59.48
server_3,2026-05-08 00:00:00+00:00,44.33,62.33
server_3,2026-05-08 01:00:00+00:00,39.82,67.01
server_3,2026-05-08 02:00:00+00:00,38.7,67.62
server_3,2026-05-08 03:00:00+00:00,34.01,62.38
server_3,2026-05-08 04:00:00+00:00,41.82,63.26
server_3,2026-05-08 05:00:00+00:00,39.95,66.62
server_3,2026-05-08 06:00:00+00:00,42.99,61.32
server_3,2026-05-08 07:00:00+00:00,37.07,58.71
server_3,2026-05-08 08:00:00+00:00,40.38,60.92
server_3,2026-05-08 09:00:00+00:00,43.18,58.5
server_3,2026-05-08 10:00:00+00:00,42.85,61.6
server_3,2026-05-08 11:00:00+00:00,49.45,60.14
server_3,2026-05-08 12:00:00+00:00,49.27,68.64
server_3,2026-05-08 13:00:00+00:00,51.77,67.59
server_3,2026-05-08 14:00:00+00:00,53.34,71.69
server_3,2026-05-08 15:00:00+00:00,53.04,59.35
server_3,2026-05-08 16:00:00+00:00,48.66,71.94
server_3,2026-05-08 17:00:00+00:00,43.39,56.19
server_3,2026-05-08 18:00:00+00:00,40.85,56.81
server_3,2026-05-08 19:00:00+00:00,43.59,60.07
server_3,2026-05-08 20:00:00+00:00,39.45,66.34
server_3,2026-05-08 21:00:00+00:00,41.55,62.75
server_3,2026-05-08 22:00:00+00:00,41.04,60.69
server_3,2026-05-08 23:00:00+00:00,41.74,58.74
server_3,2026-05-09 00:00:00+00:00,37.48,54.91
server_3,2026-05-09 01:00:00+00:00,35.37,64.21
server_3,2026-05-09 02:00:00+00:00,41.3,64.95
server_3,2026-05-09 03:00:00+00:00,42.41,67.55
server_3,2026-05-09 04:00:00+00:00,35.52,61.32
server_3,2026-05-09 05:00:00+00:00,40.92,51.05
server_3,2026-05-09 06:00:00+00:00,42.71,57.27
server_3,2026-05-09 07:00:00+00:00,41.49,63.68
server_3,2026-05-09 08:00:00+00:00,38.96,59.46
server_3,2026-05-09 09:00:00+00:00,37.64,58.24
server_3,2026-05-09 10:00:00+00:00,42.08,57.62
server_3,2026-05-09 11:00:00+00:00,44.15,66.54
server_3,2026-05-09 12:00:00+00:00,45.0,64.88
server_3,2026-05-09 13:00:00+00:00,44.97,65.04
server_3,2026-05-09 14:00:00+00:00,42.71,59.71
server_3,2026-05-09 15:00:00+00:00,45.82,64.04
server_3,2026-05-09 16:00:00+00:00,44.71,57.6
server_3,2026-05-09 17:00:00+00:00,42.38,61.61
server_3,2026-05-09 18:00:00+00:00,40.28,51.29
server_3,2026-05-09 19:00:00+00:00,44.2,56.5
server_3,2026-05-09 20:00:00+00:00,38.44,59.46
server_3,2026-05-09 21:00:00+00:00,43.2,71.92
server_3,2026-05-09 22:00:00+00:00,38.16,53.45
server_3,2026-05-09 23:00:00+00:00,42.77,57.3
server_3,2026-05-10 00:00:00+00:00,43.08,63.25
server_3,2026-05-10 01:00:00+00:00,39.27,68.12
server_3,2026-05-10 02:00:00+00:00,44.15,63.56
server_3,2026-05-10 03:00:00+00:00,41.17,64.52
server_3,2026-05-10 04:00:00+00:00,37.81,59.18
server_3,2026-05-10 05:00:00+00:00,39.06,58.93
server_3,2026-05-10 06:00:00+00:00,42.83,62.62
server_3,2026-05-10 07:00:00+00:00,42.31,59.47
server_3,2026-05-10 08:00:00+00:00,37.35,63.27
server_3,2026-05-10 09:00:00+00:00,39.65,54.75
server_3,2026-05-10 10:00:00+00:00,42.39,65.7
server_3,2026-05-10 11:00:00+00:00,42.27,62.25
server_3,2026-05-10 12:00:00+00:00,50.66,64.17
server_3,2026-05-10 13:00:00+00:00,46.0,56.83
server_3,2026-05-10 14:00:00+00:00,45.26,59.22
server_3,2026-05-10 15:00:00+00:00,47.74,68.8
server_3,2026-05-10 16:00:00+00:00,42.62,61.38
server_3,2026-05-10 17:00:00+00:00,44.4,63.95
server_3,2026-05-10 18:00:00+00:00,35.83,56.32
server_3,2026-05-10 19:00:00+00:00,38.87,60.79
server_3,2026-05-10 20:00:00+00:00,42.62,56.73
server_3,2026-05-10 21:00:00+00:00,43.93,63.07
server_3,2026-05-10 22:00:00+00:00,38.07,62.11
server_3,2026-05-10 23:00:00+00:00,37.78,61.8
server_3,2026-05-11 00:00:00+00:00,43.42,58.88
server_3,2026-05-11 01:00:00+00:00,40.44,60.09
server_3,2026-05-11 02:00:00+00:00,41.33,63.91
server_3,2026-05-11 03:00:00+00:00,44.19,61.92
server_3,2026-05-11 04:00:00+00:00,40.64,60.37
server_3,2026-05-11 05:00:00+00:00,37.09,67.89
server_3,2026-05-11 06:00:00+00:00,38.75,57.06
server_3,2026-05-11 07:00:00+00:00,42.02,66.33
server_3,2026-05-11 08:00:00+00:00,37.34,55.75
server_3,2026-05-11 09:00:00+00:00,41.26,64.36
server_3,2026-05-11 10:00:00+00:00,41.94,64.81
server_3,2026-05-11 11:00:00+00:00,52.53,63.64
server_3,2026-05-11 12:00:00+00:00,56.07,62.06
server_3,2026-05-11 13:00:00+00:00,49.2,56.64
server_3,2026-05-11 14:00:00+00:00,52.49,63.21
server_3,2026-05-11 15:00:00+00:00,48.26,66.3
server_3,2026-05-11 16:00:00+00:00,47.65,59.67
server_3,2026-05-11 17:00:00+00:00,49.93,65.16
server_3,2026-05-11 18:00:00+00:00,40.83,55.69
server_3,2026-05-11 19:00:00+00:00,41.28,60.81
server_3,2026-05-11 20:00:00+00:00,39.64,56.59
server_3,2026-05-11 21:00:00+00:00,44.87,62.69
server_3,2026-05-11 22:00:00+00:00,33.84,57.14
server_3,2026-05-11 23:00:00+00:00,40.89,56.85
server_3,2026-05-12 00:00:00+00:00,41.89,59.32
server_3,2026-05-12 01:00:00+00:00,40.35,57.68
server_3,2026-05-12 02:00:00+00:00,44.16,57.5
server_3,2026-05-12 03:00:00+00:00,45.01,67.38
server_3,2026-05-12 04:00:00+00:00,38.47,59.32
server_3,2026-05-12 05:00:00+00:00,47.23,55.02
server_3,2026-05-12 06:00:00+00:00,38.44,58.26
server_3,2026-05-12 07:00:00+00:00,45.22,66.79
server_3,2026-05-12 08:00:00+00:00,42.37,59.09
server_3,2026-05-12 09:00:00+00:00,40.74,67.55
server_3,2026-05-12 10:00:00+00:00,44.4,59.41
server_3,2026-05-12 11:00:00+00:00,48.34,66.23
server_3,2026-05-12 12:00:00+00:00,51.18,69.36
server_3,2026-05-12 13:00:00+00:00,49.55,66.44
server_3,2026-05-12 14:00:00+00:00,51.26,59.74
server_3,2026-05-12 15:00:00+00:00,48.73,60.59
server_3,2026-05-12 16:00:00+00:00,45.39,67.87
server_3,2026-05-12 17:00:00+00:00,43.38,59.26
server_3,2026-05-12 18:00:00+00:00,39.13,64.9
server_3,2026-05-12 19:00:00+00:00,40.95,59.91
server_3,2026-05-12 20:00:00+00:00,43.08,62.94
server_3,2026-05-12 21:00:00+00:00,42.3,56.56
server_3,2026-05-12 22:00:00+00:00,46.94,61.29
server_3,2026-05-12 23:00:00+00:00,36.47,56.56
server_3,2026-05-13 00:00:00+00:00,43.17,63.31
server_3,2026-05-13 01:00:00+00:00,42.02,62.38
server_3,2026-05-13 02:00:00+00:00,44.04,64.56
server_3,2026-05-13 03:00:00+00:00,43.79,60.66
server_3,2026-05-13 04:00:00+00:00,41.59,58.13
server_3,2026-05-13 05:00:00+00:00,42.43,62.88
server_3,2026-05-13 06:00:00+00:00,40.14,57.23
server_3,2026-05-13 07:00:00+00:00,43.53,66.85
server_3,2026-05-13 08:00:00+00:00,37.3,59.9
server_3,2026-05-13 09:00:00+00:00,43.94,61.38
server_3,2026-05-13 10:00:00+00:00,45.36,65.03
server_3,2026-05-13 11:00:00+00:00,47.21,63.52
server_3,2026-05-13 12:00:00+00:00,50.08,58.2
server_3,2026-05-13 13:00:00+00:00,51.45,61.06
server_3,2026-05-13 14:00:00+00:00,55.09,70.81
server_3,2026-05-13 15:00:00+00:00,58.74,68.2
server_3,2026-05-13 16:00:00+00:00,51.48,58.59
server_3,2026-05-13 17:00:00+00:00,44.01,64.11
server_3,2026-05-13 18:00:00+00:00,43.57,60.31
server_3,2026-05-13 19:00:00+00:00,43.68,59.09
server_3,2026-05-13 20:00:00+00:00,39.69,56.61
server_3,2026-05-13 21:00:00+00:00,38.85,64.9
server_3,2026-05-13 22:00:00+00:00,41.84,54.08
server_3,2026-05-13 23:00:00+00:00,44.02,59.36
server_3,2026-05-14 00:00:00+00:00,37.97,61.07
server_3,2026-05-14 01:00:00+00:00,40.2,67.68
server_3,2026-05-14 02:00:00+00:00,43.43,64.72
server_3,2026-05-14 03:00:00+00:00,42.1,58.65
server_3,2026-05-14 04:00:00+00:00,45.54,69.36
server_3,2026-05-14 05:00:00+00:00,38.47,55.34
server_3,2026-05-14 06:00:00+00:00,47.88,65.12
server_3,2026-05-14 07:00:00+00:00,38.16,62.61
server_3,2026-05-14 08:00:00+00:00,36.93,56.7
server_3,2026-05-14 09:00:00+00:00,41.85,64.74
server_3,2026-05-14 10:00:00+00:00,42.58,60.15
server_3,2026-05-14 11:00:00+00:00,48.33,67.0
server_3,2026-05-14 12:00:00+00:00,50.48,57.61
server_3,2026-05-14 13:00:00+00:00,51.36,66.62
server_3,2026-05-14 14:00:00+00:00,49.74,63.06
server_3,2026-05-14 15:00:00+00:00,51.74,70.01
server_3,2026-05-14 16:00:00+00:00,47.63,63.8
server_3,2026-05-14 17:00:00+00:00,48.18,69.16
server_3,2026-05-14 18:00:00+00:00,41.55,63.87
server_3,2026-05-14 19:00:00+00:00,39.59,60.65
server_3,2026-05-14 20:00:00+00:00,37.78,63.67
server_3,2026-05-14 21:00:00+00:00,41.57,65.03
server_3,2026-05-14 22:00:00+00:00,38.83,62.78
server_3,2026-05-14 23:00:00+00:00,38.63,51.65
server_3,2026-05-15 00:00:00+00:00,43.32,58.53
server_3,2026-05-15 01:00:00+00:00,37.56,65.98
server_3,2026-05-15 02:00:00+00:00,45.53,58.21
server_3,2026-05-15 03:00:00+00:00,42.4,65.67
server_3,2026-05-15 04:00:00+00:00,41.89,64.79
server_3,2026-05-15 05:00:00+00:00,39.41,58.19
server_3,2026-05-15 06:00:00+00:00,43.91,54.69
server_3,2026-05-15 07:00:00+00:00,41.99,59.72
server_3,2026-05-15 08:00:00+00:00,40.28,69.71
server_3,2026-05-15 09:00:00+00:00,42.5,58.72
server_3,2026-05-15 10:00:00+00:00,41.21,58.55
server_3,2026-05-15 11:00:00+00:00,44.34,58.83
server_3,2026-05-15 12:00:00+00:00,47.86,68.91
server_3,2026-05-15 13:00:00+00:00,52.72,64.78
server_3,2026-05-15 14:00:00+00:00,51.84,62.94
server_3,2026-05-15 15:00:00+00:00,53.28,71.6
server_3,2026-05-15 16:00:00+00:00,46.13,65.76
server_3,2026-05-15 17:00:00+00:00,46.86,60.02
server_3,2026-05-15 18:00:00+00:00,41.72,57.01
server_3,2026-05-15 19:00:00+00:00,39.64,65.81
server_3,2026-05-15 20:00:00+00:00,42.96,62.4
server_3,2026-05-15 21:00:00+00:00,41.83,55.75
server_3,2026-05-15 22:00:00+00:00,40.43,54.32
server_3,2026-05-15 23:00:00+00:00,42.1,57.57
server_3,2026-05-16 00:00:00+00:00,39.68,56.23
server_3,2026-05-16 01:00:00+00:00,39.62,52.98
server_3,2026-05-16 02:00:00+00:00,38.97,56.54
server_3,2026-05-16 03:00:00+00:00,36.74,56.48
server_3,2026-05-16 04:00:00+00:00,40.19,59.51
server_3,2026-05-16 05:00:00+00:00,37.99,67.37
server_3,2026-05-16 06:00:00+00:00,37.45,59.34
server_3,2026-05-16 07:00:00+00:00,39.4,60.42
server_3,2026-05-16 08:00:00+00:00,41.84,63.98
server_3,2026-05-16 09:00:00+00:00,40.46,60.51
server_3,2026-05-16 10:00:00+00:00,40.55,63.09
server_3,2026-05-16 11:00:00+00:00,42.11,63.16
server_3,2026-05-16 12:00:00+00:00,46.35,64.01
server_3,2026-05-16 13:00:00+00:00,39.42,72.16
server_3,2026-05-16 14:00:00+00:00,47.41,67.54
server_3,2026-05-16 15:00:00+00:00,40.08,57.0
server_3,2026-05-16 16:00:00+00:00,40.0,62.78
server_3,2026-05-16 17:00:00+00:00,40.6,58.34
server_3,2026-05-16 18:00:00+00:00,45.43,64.98
server_3,2026-05-16 19:00:00+00:00,44.19,57.27
server_3,2026-05-16 20:00:00+00:00,41.77,57.49
server_3,2026-05-16 21:00:00+00:00,40.89,62.99
server_3,2026-05-16 22:00:00+00:00,35.34,63.66
server_3,2026-05-16 23:00:00+00:00,40.39,63.45
server_3,2026-05-17 00:00:00+00:00,38.63,64.24
server_3,2026-05-17 01:00:00+00:00,37.96,62.08
server_3,2026-05-17 02:00:00+00:00,40.39,62.13
server_3,2026-05-17 03:00:00+00:00,38.82,58.87
server_3,2026-05-17 04:00:00+00:00,42.17,65.31
server_3,2026-05-17 05:00:00+00:00,35.16,63.71
server_3,2026-05-17 06:00:00+00:00,40.19,61.11
server_3,2026-05-17 07:00:00+00:00,37.8,60.06
server_3,2026-05-17 08:00:00+00:00,38.98,67.31
server_3,2026-05-17 09:00:00+00:00,40.76,61.48
server_3,2026-05-17 10:00:00+00:00,39.09,61.28
server_3,2026-05-17 11:00:00+00:00,43.95,64.62
server_3,2026-05-17 12:00:00+00:00,44.23,62.39
server_3,2026-05-17 13:00:00+00:00,43.76,59.34
server_3,2026-05-17 14:00:00+00:00,44.24,64.3
server_3,2026-05-17 15:00:00+00:00,44.38,62.68
server_3,2026-05-17 16:00:00+00:00,41.62,69.23
server_3,2026-05-17 17:00:00+00:00,41.9,65.12
server_3,2026-05-17 18:00:00+00:00,39.3,58.67
server_3,2026-05-17 19:00:00+00:00,38.47,63.68
server_3,2026-05-17 20:00:00+00:00,43.97,63.92
server_3,2026-05-17 21:00:00+00:00,41.04,66.9
server_3,2026-05-17 22:00:00+00:00,39.04,58.87
server_3,2026-05-17 23:00:00+00:00,40.36,62.18
server_3,2026-05-18 00:00:00+00:00,39.43,60.71
server_3,2026-05-18 01:00:00+00:00,40.91,61.85
server_3,2026-05-18 02:00:00+00:00,41.2,58.18
server_3,2026-05-18 03:00:00+00:00,38.88,63.21
server_3,2026-05-18 04:00:00+00:00,42.97,64.01
server_3,2026-05-18 05:00:00+00:00,40.74,66.7
server_3,2026-05-18 06:00:00+00:00,41.11,61.65
server_3,2026-05-18 07:00:00+00:00,40.58,59.86
server_3,2026-05-18 08:00:00+00:00,49.4,67.75
server_3,2026-05-18 09:00:00+00:00,40.34,58.24
server_3,2026-05-18 10:00:00+00:00,40.25,65.73
server_3,2026-05-18 11:00:00+00:00,44.43,67.18
server_3,2026-05-18 12:00:00+00:00,52.56,70.72
server_3,2026-05-18 13:00:00+00:00,55.19,68.12
server_3,2026-05-18 14:00:00+00:00,50.14,62.9
server_3,2026-05-18 15:00:00+00:00,53.86,66.59
server_3,2026-05-18 16:00:00+00:00,50.28,66.42
server_3,2026-05-18 17:00:00+00:00,44.95,60.79
server_3,2026-05-18 18:00:00+00:00,41.35,67.1
server_3,2026-05-18 19:00:00+00:00,42.45,64.48
server_3,2026-05-18 20:00:00+00:00,44.19,59.2
server_3,2026-05-18 21:00:00+00:00,42.99,69.88
server_3,2026-05-18 22:00:00+00:00,40.31,61.8
server_3,2026-05-18 23:00:00+00:00,41.56,57.47
server_3,2026-05-19 00:00:00+00:00,46.95,60.41
server_3,2026-05-19 01:00:00+00:00,42.63,68.17
server_3,2026-05-19 02:00:00+00:00,44.17,70.06
server_3,2026-05-19 03:00:00+00:00,43.35,66.51
server_3,2026-05-19 04:00:00+00:00,42.68,67.52
server_3,2026-05-19 05:00:00+00:00,42.27,66.96
server_3,2026-05-19 06:00:00+00:00,44.24,65.01
server_3,2026-05-19 07:00:00+00:00,43.8,63.94
server_3,2026-05-19 08:00:00+00:00,42.66,64.39
server_3,2026-05-19 09:00:00+00:00,40.27,64.34
server_3,2026-05-19 10:00:00+00:00,46.38,60.57
server_3,2026-05-19 11:00:00+00:00,48.26,67.12
server_3,2026-05-19 12:00:00+00:00,49.89,70.6
server_3,2026-05-19 13:00:00+00:00,58.55,66.97
server_3,2026-05-19 14:00:00+00:00,48.0,62.85
server_3,2026-05-19 15:00:00+00:00,53.06,67.78
server_3,2026-05-19 16:00:00+00:00,46.27,60.9
server_3,2026-05-19 17:00:00+00:00,45.75,58.04
server_3,2026-05-19 18:00:00+00:00,48.42,68.84
server_3,2026-05-19 19:00:00+00:00,39.59,59.35
server_3,2026-05-19 20:00:00+00:00,40.19,61.44
server_3,2026-05-19 21:00:00+00:00,41.96,59.54
server_3,2026-05-19 22:00:00+00:00,39.88,66.37
server_3,2026-05-19 23:00:00+00:00,44.21,66.19
server_3,2026-05-20 00:00:00+00:00,40.66,60.57
server_3,2026-05-20 01:00:00+00:00,43.64,57.85
server_3,2026-05-20 02:00:00+00:00,38.68,59.45
server_3,2026-05-20 03:00:00+00:00,37.48,62.7
server_3,2026-05-20 04:00:00+00:00,41.43,62.55
server_3,2026-05-20 05:00:00+00:00,38.08,61.06
server_3,2026-05-20 06:00:00+00:00,45.8,64.18
server_3,2026-05-20 07:00:00+00:00,38.18,63.7
server_3,2026-05-20 08:00:00+00:00,39.41,60.92
server_3,2026-05-20 09:00:00+00:00,43.03,64.16
server_3,2026-05-20 10:00:00+00:00,43.95,58.74
server_3,2026-05-20 11:00:00+00:00,44.63,73.14
server_3,2026-05-20 12:00:00+00:00,55.76,65.68
server_3,2026-05-20 13:00:00+00:00,49.34,65.38
server_3,2026-05-20 14:00:00+00:00,51.36,67.54
server_3,2026-05-20 15:00:00+00:00,50.14,63.2
server_3,2026-05-20 16:00:00+00:00,50.2,64.9
server_3,2026-05-20 17:00:00+00:00,46.58,63.58
server_3,2026-05-20 18:00:00+00:00,39.93,57.62
server_3,2026-05-20 19:00:00+00:00,41.19,63.47
server_3,2026-05-20 20:00:00+00:00,41.43,55.2
server_3,2026-05-20 21:00:00+00:00,43.87,69.67
server_3,2026-05-20 22:00:00+00:00,39.08,64.15
server_3,2026-05-20 23:00:00+00:00,47.05,66.32
server_3,2026-05-21 00:00:00+00:00,40.1,54.39
server_3,2026-05-21 01:00:00+00:00,41.98,58.82
server_3,2026-05-21 02:00:00+00:00,39.1,66.54
server_3,2026-05-21 03:00:00+00:00,38.75,77.47
server_3,2026-05-21 04:00:00+00:00,39.81,66.01
server_3,2026-05-21 05:00:00+00:00,39.57,65.3
server_3,2026-05-21 06:00:00+00:00,40.96,63.74
server_3,2026-05-21 07:00:00+00:00,39.55,57.75
server_3,2026-05-21 08:00:00+00:00,43.74,66.59
server_3,2026-05-21 09:00:00+00:00,40.04,56.91
server_3,2026-05-21 10:00:00+00:00,43.19,57.57
server_3,2026-05-21 11:00:00+00:00,47.45,58.81
server_3,2026-05-21 12:00:00+00:00,53.14,69.8
server_3,2026-05-21 13:00:00+00:00,52.39,65.41
server_3,2026-05-21 14:00:00+00:00,51.6,65.76
server_3,2026-05-21 15:00:00+00:00,47.08,63.72
server_3,2026-05-21 16:00:00+00:00,45.57,58.75
server_3,2026-05-21 17:00:00+00:00,42.22,59.4
server_3,2026-05-21 18:00:00+00:00,45.27,60.66
server_3,2026-05-21 19:00:00+00:00,43.33,56.84
server_3,2026-05-21 20:00:00+00:00,39.85,59.23
server_3,2026-05-21 21:00:00+00:00,40.59,57.18
server_3,2026-05-21 22:00:00+00:00,39.94,63.59
server_3,2026-05-21 23:00:00+00:00,39.79,63.87
server_3,2026-05-22 00:00:00+00:00,43.15,57.23
server_3,2026-05-22 01:00:00+00:00,41.28,60.56
server_3,2026-05-22 02:00:00+00:00,47.2,71.25
server_3,2026-05-22 03:00:00+00:00,45.13,59.17
server_3,2026-05-22 04:00:00+00:00,45.27,64.85
server_3,2026-05-22 05:00:00+00:00,43.68,63.01
server_3,2026-05-22 06:00:00+00:00,40.94,66.0
server_3,2026-05-22 07:00:00+00:00,43.49,63.7
server_3,2026-05-22 08:00:00+00:00,41.13,59.97
server_3,2026-05-22 09:00:00+00:00,46.08,63.69
server_3,2026-05-22 10:00:00+00:00,46.43,63.88
server_3,2026-05-22 11:00:00+00:00,49.08,64.11
server_3,2026-05-22 12:00:00+00:00,50.98,59.87
server_3,2026-05-22 13:00:00+00:00,56.2,71.94
server_3,2026-05-22 14:00:00+00:00,48.26,68.46
server_3,2026-05-22 15:00:00+00:00,55.26,62.46
server_3,2026-05-22 16:00:00+00:00,47.96,62.88
server_3,2026-05-22 17:00:00+00:00,41.9,61.07
server_3,2026-05-22 18:00:00+00:00,40.12,56.72
server_3,2026-05-22 19:00:00+00:00,37.87,53.09
server_3,2026-05-22 20:00:00+00:00,43.63,59.89
server_3,2026-05-22 21:00:00+00:00,39.4,59.67
server_3,2026-05-22 22:00:00+00:00,42.42,56.38
server_3,2026-05-22 23:00:00+00:00,44.84,63.7
server_3,2026-05-23 00:00:00+00:00,38.32,65.36
server_3,2026-05-23 01:00:00+00:00,39.33,64.43
server_3,2026-05-23 02:00:00+00:00,36.74,59.65
server_3,2026-05-23 03:00:00+00:00,39.03,53.6
server_3,2026-05-23 04:00:00+00:00,46.44,66.42
server_3,2026-05-23 05:00:00+00:00,41.94,62.57
server_3,2026-05-23 06:00:00+00:00,39.34,62.77
server_3,2026-05-23 07:00:00+00:00,38.47,68.51
server_3,2026-05-23 08:00:00+00:00,39.89,57.96
server_3,2026-05-23 09:00:00+00:00,40.33,49.91
server_3,2026-05-23 10:00:00+00:00,40.83,57.38
server_3,2026-05-23 11:00:00+00:00,44.86,64.95
server_3,2026-05-23 12:00:00+00:00,42.38,62.24
server_3,2026-05-23 13:00:00+00:00,43.02,57.49
server_3,2026-05-23 14:00:00+00:00,46.34,57.84
server_3,2026-05-23 15:00:00+00:00,41.84,60.53
server_3,2026-05-23 16:00:00+00:00,45.36,58.19
server_3,2026-05-23 17:00:00+00:00,41.85,64.03
server_3,2026-05-23 18:00:00+00:00,35.43,58.05
server_3,2026-05-23 19:00:00+00:00,40.27,58.89
server_3,2026-05-23 20:00:00+00:00,35.79,56.79
server_3,2026-05-23 21:00:00+00:00,41.73,62.96
server_3,2026-05-23 22:00:00+00:00,39.38,61.25
server_3,2026-05-23 23:00:00+00:00,44.63,63.73
server_3,2026-05-24 00:00:00+00:00,42.68,62.96
server_3,2026-05-24 01:00:00+00:00,37.35,60.08
server_3,2026-05-24 02:00:00+00:00,34.95,55.4
server_3,2026-05-24 03:00:00+00:00,38.11,57.72
server_3,2026-05-24 04:00:00+00:00,36.95,58.65
server_3,2026-05-24 05:00:00+00:00,44.56,71.16
server_3,2026-05-24 06:00:00+00:00,39.97,55.9
server_3,2026-05-24 07:00:00+00:00,42.33,60.44
server_3,2026-05-24 08:00:00+00:00,39.29,61.44
server_3,2026-05-24 09:00:00+00:00,39.55,59.93
server_3,2026-05-24 10:00:00+00:00,41.8,66.23
server_3,2026-05-24 11:00:00+00:00,46.3,62.27
server_3,2026-05-24 12:00:00+00:00,45.54,62.3
server_3,2026-05-24 13:00:00+00:00,42.77,65.53
server_3,2026-05-24 14:00:00+00:00,49.47,71.86
server_3,2026-05-24 15:00:00+00:00,44.03,68.34
server_3,2026-05-24 16:00:00+00:00,42.4,61.59
server_3,2026-05-24 17:00:00+00:00,34.81,59.28
server_3,2026-05-24 18:00:00+00:00,41.59,62.04
server_3,2026-05-24 19:00:00+00:00,40.25,61.98
server_3,2026-05-24 20:00:00+00:00,40.25,58.0
server_3,2026-05-24 21:00:00+00:00,38.99,64.69
server_3,2026-05-24 22:00:00+00:00,38.56,61.62
server_3,2026-05-24 23:00:00+00:00,39.08,60.8
server_3,2026-05-25 00:00:00+00:00,43.16,57.32
server_3,2026-05-25 01:00:00+00:00,43.6,62.81
server_3,2026-05-25 02:00:00+00:00,41.42,54.22
server_3,2026-05-25 03:00:00+00:00,44.37,60.5
server_3,2026-05-25 04:00:00+00:00,41.8,59.68
server_3,2026-05-25 05:00:00+00:00,40.74,62.71
server_3,2026-05-25 06:00:00+00:00,42.5,69.69
server_3,2026-05-25 07:00:00+00:00,38.6,63.1
server_3,2026-05-25 08:00:00+00:00,42.58,68.0
server_3,2026-05-25 09:00:00+00:00,38.14,63.23
server_3,2026-05-25 10:00:00+00:00,42.85,66.8
server_3,2026-05-25 11:00:00+00:00,43.38,69.91
server_3,2026-05-25 12:00:00+00:00,50.22,61.95
server_3,2026-05-25 13:00:00+00:00,55.87,63.67
server_3,2026-05-25 14:00:00+00:00,51.56,68.02
server_3,2026-05-25 15:00:00+00:00,52.27,65.58
server_3,2026-05-25 16:00:00+00:00,54.31,67.19
server_3,2026-05-25 17:00:00+00:00,46.43,62.56
server_3,2026-05-25 18:00:00+00:00,40.09,58.95
server_3,2026-05-25 19:00:00+00:00,40.43,67.93
server_3,2026-05-25 20:00:00+00:00,42.0,57.6
server_3,2026-05-25 21:00:00+00:00,40.42,64.19
server_3,2026-05-25 22:00:00+00:00,40.6,63.61
server_3,2026-05-25 23:00:00+00:00,44.46,56.55
server_3,2026-05-26 00:00:00+00:00,44.57,59.57
server_3,2026-05-26 01:00:00+00:00,37.88,57.91
server_3,2026-05-26 02:00:00+00:00,39.95,63.54
server_3,2026-05-26 03:00:00+00:00,40.84,60.13
server_3,2026-05-26 04:00:00+00:00,43.5,62.18
server_3,2026-05-26 05:00:00+00:00,44.86,57.17
server_3,2026-05-26 06:00:00+00:00,48.75,73.67
server_3,2026-05-26 07:00:00+00:00,40.84,61.88
server_3,2026-05-26 08:00:00+00:00,40.96,63.63
server_3,2026-05-26 09:00:00+00:00,43.47,60.35
server_3,2026-05-26 10:00:00+00:00,43.71,59.99
server_3,2026-05-26 11:00:00+00:00,48.08,71.78
server_3,2026-05-26 12:00:00+00:00,49.62,57.0
server_3,2026-05-26 13:00:00+00:00,45.29,64.27
server_3,2026-05-26 14:00:00+00:00,52.16,60.71
server_3,2026-05-26 15:00:00+00:00,50.2,63.25
server_3,2026-05-26 16:00:00+00:00,51.61,62.81
server_3,2026-05-26 17:00:00+00:00,45.43,59.26
server_3,2026-05-26 18:00:00+00:00,38.86,61.04
server_3,2026-05-26 19:00:00+00:00,41.35,51.5
server_3,2026-05-26 20:00:00+00:00,36.77,58.91
server_3,2026-05-26 21:00:00+00:00,38.97,60.58
server_3,2026-05-26 22:00:00+00:00,43.59,57.12
server_3,2026-05-26 23:00:00+00:00,41.38,67.84
server_3,2026-05-27 00:00:00+00:00,44.31,60.43
server_3,2026-05-27 01:00:00+00:00,37.08,59.33
server_3,2026-05-27 02:00:00+00:00,41.39,59.42
server_3,2026-05-27 03:00:00+00:00,40.81,61.26
server_3,2026-05-27 04:00:00+00:00,44.39,68.07
server_3,2026-05-27 05:00:00+00:00,43.68,72.48
server_3,2026-05-27 06:00:00+00:00,43.61,65.54
server_3,2026-05-27 07:00:00+00:00,45.85,67.7
server_3,2026-05-27 08:00:00+00:00,41.08,68.54
server_3,2026-05-27 09:00:00+00:00,45.34,64.16
server_3,2026-05-27 10:00:00+00:00,42.81,68.56
server_3,2026-05-27 11:00:00+00:00,45.73,66.47
server_3,2026-05-27 12:00:00+00:00,52.54,66.27
server_3,2026-05-27 13:00:00+00:00,48.09,65.53
server_3,2026-05-27 14:00:00+00:00,53.28,58.66
server_3,2026-05-27 15:00:00+00:00,50.91,66.29
server_3,2026-05-27 16:00:00+00:00,51.11,59.01
server_3,2026-05-27 17:00:00+00:00,45.27,56.64
server_3,2026-05-27 18:00:00+00:00,42.14,62.82
server_3,2026-05-27 19:00:00+00:00,43.27,57.99
server_3,2026-05-27 20:00:00+00:00,40.34,61.39
server_3,2026-05-27 21:00:00+00:00,40.23,61.94
server_3,2026-05-27 22:00:00+00:00,43.19,63.15
server_3,2026-05-27 23:00:00+00:00,41.93,58.36
server_3,2026-05-28 00:00:00+00:00,40.98,65.24
server_3,2026-05-28 01:00:00+00:00,41.79,61.57
server_3,2026-05-28 02:00:00+00:00,45.99,65.16
server_3,2026-05-28 03:00:00+00:00,40.89,56.83
server_3,2026-05-28 04:00:00+00:00,40.82,60.87
server_3,2026-05-28 05:00:00+00:00,37.73,64.9
server_3,2026-05-28 06:00:00+00:00,41.89,65.84
server_3,2026-05-28 07:00:00+00:00,43.64,59.39
server_3,2026-05-28 08:00:00+00:00,44.09,60.55
server_3,2026-05-28 09:00:00+00:00,42.27,58.14
server_3,2026-05-28 10:00:00+00:00,47.81,61.41
server_3,2026-05-28 11:00:00+00:00,50.26,59.29
server_3,2026-05-28 12:00:00+00:00,53.44,65.45
server_3,2026-05-28 13:00:00+00:00,54.31,68.84
server_3,2026-05-28 14:00:00+00:00,55.77,63.68
server_3,2026-05-28 15:00:00+00:00,50.24,64.52
server_3,2026-05-28 16:00:00+00:00,45.11,62.21
server_3,2026-05-28 17:00:00+00:00,47.08,68.0
server_3,2026-05-28 18:00:00+00:00,43.95,60.24
server_3,2026-05-28 19:00:00+00:00,45.92,61.07
server_3,2026-05-28 20:00:00+00:00,45.2,59.74
server_3,2026-05-28 21:00:00+00:00,46.86,59.15
server_3,2026-05-28 22:00:00+00:00,43.55,64.66
server_3,2026-05-28 23:00:00+00:00,42.57,61.66
server_3,2026-05-29 00:00:00+00:00,38.54,61.01
server_3,2026-05-29 01:00:00+00:00,42.77,67.37
server_3,2026-05-29 02:00:00+00:00,40.62,66.84
server_3,2026-05-29 03:00:00+00:00,42.53,55.6
server_3,2026-05-29 04:00:00+00:00,42.14,64.64
server_3,2026-05-29 05:00:00+00:00,43.18,63.32
server_3,2026-05-29 06:00:00+00:00,41.76,60.07
server_3,2026-05-29 07:00:00+00:00,44.34,64.13
server_3,2026-05-29 08:00:00+00:00,35.19,52.71
server_3,2026-05-29 09:00:00+00:00,42.47,68.02
server_3,2026-05-29 10:00:00+00:00,48.43,66.31
server_3,2026-05-29 11:00:00+00:00,53.1,62.43
server_3,2026-05-29 12:00:00+00:00,52.49,63.33
server_3,2026-05-29 13:00:00+00:00,56.06,60.11
server_3,2026-05-29 14:00:00+00:00,52.27,64.34
server_3,2026-05-29 15:00:00+00:00,50.67,63.1
server_3,2026-05-29 16:00:00+00:00,49.75,59.41
server_3,2026-05-29 17:00:00+00:00,45.41,66.3
server_3,2026-05-29 18:00:00+00:00,40.04,66.42
server_3,2026-05-29 19:00:00+00:00,40.71,61.44
server_3,2026-05-29 20:00:00+00:00,39.22,59.8
server_3,2026-05-29 21:00:00+00:00,43.32,64.2
server_3,2026-05-29 22:00:00+00:00,42.03,61.93
server_3,2026-05-29 23:00:00+00:00,41.1,57.36
server_3,2026-05-30 00:00:00+00:00,38.58,58.19
server_3,2026-05-30 01:00:00+00:00,41.26,60.56
server_3,2026-05-30 02:00:00+00:00,41.95,62.98
server_3,2026-05-30 03:00:00+00:00,37.17,60.35
server_3,2026-05-30 04:00:00+00:00,36.78,61.01
server_3,2026-05-30 05:00:00+00:00,42.39,56.04
server_3,2026-05-30 06:00:00+00:00,36.56,62.76
server_3,2026-05-30 07:00:00+00:00,41.37,61.79
server_3,2026-05-30 08:00:00+00:00,44.04,72.93
server_3,2026-05-30 09:00:00+00:00,44.05,61.17
server_3,2026-05-30 10:00:00+00:00,43.73,63.9
server_3,2026-05-30 11:00:00+00:00,45.31,74.47
server_3,2026-05-30 12:00:00+00:00,50.39,65.71
server_3,2026-05-30 13:00:00+00:00,39.58,60.88
server_3,2026-05-30 14:00:00+00:00,44.26,58.84
server_3,2026-05-30 15:00:00+00:00,46.88,69.82
server_3,2026-05-30 16:00:00+00:00,42.69,57.61
server_3,2026-05-30 17:00:00+00:00,44.98,64.75
server_3,2026-05-30 18:00:00+00:00,39.9,59.37
server_3,2026-05-30 19:00:00+00:00,40.33,60.66
server_3,2026-05-30 20:00:00+00:00,39.31,55.36
server_3,2026-05-30 21:00:00+00:00,38.69,66.22
server_3,2026-05-30 22:00:00+00:00,38.63,59.71
server_3,2026-05-30 23:00:00+00:00,40.68,56.68
server_3,2026-05-31 00:00:00+00:00,38.06,65.63
server_3,2026-05-31 01:00:00+00:00,42.38,60.12
server_3,2026-05-31 02:00:00+00:00,41.63,63.21
server_3,2026-05-31 03:00:00+00:00,42.75,65.63
server_3,2026-05-31 04:00:00+00:00,37.18,62.21
server_3,2026-05-31 05:00:00+00:00,35.75,51.03
server_3,2026-05-31 06:00:00+00:00,39.99,64.08
server_3,2026-05-31 07:00:00+00:00,47.25,63.43
server_3,2026-05-31 08:00:00+00:00,43.17,61.09
server_3,2026-05-31 09:00:00+00:00,38.61,60.38
server_3,2026-05-31 10:00:00+00:00,42.94,55.89
server_3,2026-05-31 11:00:00+00:00,45.35,63.94
server_3,2026-05-31 12:00:00+00:00,41.34,56.31
server_3,2026-05-31 13:00:00+00:00,48.84,63.25
server_3,2026-05-31 14:00:00+00:00,45.0,63.67
server_3,2026-05-31 15:00:00+00:00,44.54,67.18
server_3,2026-05-31 16:00:00+00:00,43.59,59.28
server_3,2026-05-31 17:00:00+00:00,44.74,68.77
server_3,2026-05-31 18:00:00+00:00,38.11,64.43
server_3,2026-05-31 19:00:00+00:00,35.73,58.09
server_3,2026-05-31 20:00:00+00:00,40.81,57.15
server_3,2026-05-31 21:00:00+00:00,34.89,53.74
server_3,2026-05-31 22:00:00+00:00,39.25,62.12
server_3,2026-05-31 23:00:00+00:00,42.97,59.39
server_3,2026-06-01 00:00:00+00:00,43.45,67.3
server_3,2026-06-01 01:00:00+00:00,44.61,60.19
server_3,2026-06-01 02:00:00+00:00,43.55,58.94
server_3,2026-06-01 03:00:00+00:00,48.03,65.04
server_3,2026-06-01 04:00:00+00:00,40.53,58.74
server_3,2026-06-01 05:00:00+00:00,43.0,62.38
server_3,2026-06-01 06:00:00+00:00,40.9,65.56
server_3,2026-06-01 07:00:00+00:00,44.39,63.31
server_3,2026-06-01 08:00:00+00:00,41.85,62.43
server_3,2026-06-01 09:00:00+00:00,46.3,64.32
server_3,2026-06-01 10:00:00+00:00,44.09,55.96
server_3,2026-06-01 11:00:00+00:00,51.95,67.05
server_3,2026-06-01 12:00:00+00:00,52.14,66.19
server_3,2026-06-01 13:00:00+00:00,51.77,68.99
server_3,2026-06-01 14:00:00+00:00,53.2,68.34
server_3,2026-06-01 15:00:00+00:00,51.31,64.45
server_3,2026-06-01 16:00:00+00:00,49.32,68.69
server_3,2026-06-01 17:00:00+00:00,44.9,61.85
server_3,2026-06-01 18:00:00+00:00,40.25,62.37
server_3,2026-06-01 19:00:00+00:00,41.16,60.46
server_3,2026-06-01 20:00:00+00:00,37.79,62.37
server_3,2026-06-01 21:00:00+00:00,44.1,61.23
server_3,2026-06-01 22:00:00+00:00,38.91,67.51
server_3,2026-06-01 23:00:00+00:00,41.46,69.88
server_3,2026-06-02 00:00:00+00:00,43.62,66.06
server_3,2026-06-02 01:00:00+00:00,44.1,68.9
server_3,2026-06-02 02:00:00+00:00,37.56,54.29
server_3,2026-06-02 03:00:00+00:00,41.77,56.23
server_3,2026-06-02 04:00:00+00:00,43.15,61.12
server_3,2026-06-02 05:00:00+00:00,42.13,62.21
server_3,2026-06-02 06:00:00+00:00,45.36,62.38
server_3,2026-06-02 07:00:00+00:00,39.95,54.71
server_3,2026-06-02 08:00:00+00:00,36.88,64.81
server_3,2026-06-02 09:00:00+00:00,44.03,71.33
server_3,2026-06-02 10:00:00+00:00,44.08,67.85
server_3,2026-06-02 11:00:00+00:00,44.03,67.05
server_3,2026-06-02 12:00:00+00:00,50.26,65.8
server_3,2026-06-02 13:00:00+00:00,54.92,63.15
server_3,2026-06-02 14:00:00+00:00,48.69,64.63
server_3,2026-06-02 15:00:00+00:00,56.5,75.5
server_3,2026-06-02 16:00:00+00:00,46.33,62.11
server_3,2026-06-02 17:00:00+00:00,45.64,61.45
server_3,2026-06-02 18:00:00+00:00,38.95,65.36
server_3,2026-06-02 19:00:00+00:00,42.1,66.73
server_3,2026-06-02 20:00:00+00:00,41.67,58.49
server_3,2026-06-02 21:00:00+00:00,38.28,59.65
server_3,2026-06-02 22:00:00+00:00,49.06,62.46
server_3,2026-06-02 23:00:00+00:00,40.76,61.85
server_3,2026-06-03 00:00:00+00:00,40.76,65.98
server_3,2026-06-03 01:00:00+00:00,44.42,59.63
server_3,2026-06-03 02:00:00+00:00,46.54,67.95
server_3,2026-06-03 03:00:00+00:00,44.82,63.39
server_3,2026-06-03 04:00:00+00:00,39.0,70.25
server_3,2026-06-03 05:00:00+00:00,42.53,63.46
server_3,2026-06-03 06:00:00+00:00,37.3,59.97
server_3,2026-06-03 07:00:00+00:00,44.25,65.09
server_3,2026-06-03 08:00:00+00:00,37.91,59.22
server_3,2026-06-03 09:00:00+00:00,39.99,54.12
server_3,2026-06-03 10:00:00+00:00,45.41,62.23
server_3,2026-06-03 11:00:00+00:00,49.54,63.61
server_3,2026-06-03 12:00:00+00:00,50.01,58.43
server_3,2026-06-03 13:00:00+00:00,55.65,66.48
server_3,2026-06-03 14:00:00+00:00,53.66,57.81
server_3,2026-06-03 15:00:00+00:00,52.27,64.2
server_3,2026-06-03 16:00:00+00:00,45.35,64.15
server_3,2026-06-03 17:00:00+00:00,49.67,65.07
server_3,2026-06-03 18:00:00+00:00,39.99,59.65
server_3,2026-06-03 19:00:00+00:00,46.34,63.18
server_3,2026-06-03 20:00:00+00:00,47.06,60.63
server_3,2026-06-03 21:00:00+00:00,43.28,62.49
server_3,2026-06-03 22:00:00+00:00,44.58,63.14
server_3,2026-06-03 23:00:00+00:00,34.29,55.7
server_3,2026-06-04 00:00:00+00:00,41.51,62.9
server_3,2026-06-04 01:00:00+00:00,44.76,64.01
server_3,2026-06-04 02:00:00+00:00,44.31,62.14
server_3,2026-06-04 03:00:00+00:00,38.95,70.62
server_3,2026-06-04 04:00:00+00:00,41.27,61.18
server_3,2026-06-04 05:00:00+00:00,35.66,58.66
server_3,2026-06-04 06:00:00+00:00,43.03,60.67
server_3,2026-06-04 07:00:00+00:00,37.29,56.47
server_3,2026-06-04 08:00:00+00:00,44.83,65.73
server_3,2026-06-04 09:00:00+00:00,44.96,60.29
server_3,2026-06-04 10:00:00+00:00,44.23,60.51
server_3,2026-06-04 11:00:00+00:00,49.73,62.55
server_3,2026-06-04 12:00:00+00:00,50.12,60.9
server_3,2026-06-04 13:00:00+00:00,52.45,58.65
server_3,2026-06-04 14:00:00+00:00,48.98,62.59
server_3,2026-06-04 15:00:00+00:00,52.22,69.07
server_3,2026-06-04 16:00:00+00:00,44.32,63.6
server_3,2026-06-04 17:00:00+00:00,40.85,67.84
server_3,2026-06-04 18:00:00+00:00,41.7,64.9
server_3,2026-06-04 19:00:00+00:00,41.47,63.91
server_3,2026-06-04 20:00:00+00:00,42.68,69.77
server_3,2026-06-04 21:00:00+00:00,40.38,61.04
server_3,2026-06-04 22:00:00+00:00,46.71,63.9
server_3,2026-06-04 23:00:00+00:00,42.4,62.09
server_3,2026-06-05 00:00:00+00:00,42.58,68.38
server_3,2026-06-05 01:00:00+00:00,42.49,62.18
server_3,2026-06-05 02:00:00+00:00,44.51,60.28
server_3,2026-06-05 03:00:00+00:00,43.44,64.85
server_3,2026-06-05 04:00:00+00:00,43.11,59.12
server_3,2026-06-05 05:00:00+00:00,43.84,64.78
server_3,2026-06-05 06:00:00+00:00,37.44,62.06
server_3,2026-06-05 07:00:00+00:00,37.53,59.68
server_3,2026-06-05 08:00:00+00:00,41.81,64.2
server_3,2026-06-05 09:00:00+00:00,41.51,55.88
server_3,2026-06-05 10:00:00+00:00,46.87,64.36
server_3,2026-06-05 11:00:00+00:00,48.48,62.42
server_3,2026-06-05 12:00:00+00:00,52.11,76.99
server_3,2026-06-05 13:00:00+00:00,48.73,64.98
server_3,2026-06-05 14:00:00+00:00,51.82,63.05
server_3,2026-06-05 15:00:00+00:00,47.31,58.34
server_3,2026-06-05 16:00:00+00:00,49.4,69.81
server_3,2026-06-05 17:00:00+00:00,40.72,60.15
server_3,2026-06-05 18:00:00+00:00,42.87,59.14
server_3,2026-06-05 19:00:00+00:00,38.33,62.06
server_3,2026-06-05 20:00:00+00:00,41.04,64.26
server_3,2026-06-05 21:00:00+00:00,44.24,65.32
server_3,2026-06-05 22:00:00+00:00,42.57,62.28
server_3,2026-06-05 23:00:00+00:00,37.89,61.2
server_3,2026-06-06 00:00:00+00:00,38.32,61.64
server_3,2026-06-06 01:00:00+00:00,36.25,61.33
server_3,2026-06-06 02:00:00+00:00,35.76,61.52
server_3,2026-06-06 03:00:00+00:00,40.29,65.78
server_3,2026-06-06 04:00:00+00:00,41.4,62.02
server_3,2026-06-06 05:00:00+00:00,41.1,58.42
server_3,2026-06-06 06:00:00+00:00,41.51,61.25
server_3,2026-06-06 07:00:00+00:00,39.97,64.3
server_3,2026-06-06 08:00:00+00:00,39.32,53.91
server_3,2026-06-06 09:00:00+00:00,37.32,53.24
server_3,2026-06-06 10:00:00+00:00,40.78,65.25
server_3,2026-06-06 11:00:00+00:00,40.23,67.46
server_3,2026-06-06 12:00:00+00:00,42.65,57.17
server_3,2026-06-06 13:00:00+00:00,45.64,63.68
server_3,2026-06-06 14:00:00+00:00,45.12,61.49
server_3,2026-06-06 15:00:00+00:00,52.42,64.61
server_3,2026-06-06 16:00:00+00:00,40.17,62.58
server_3,2026-06-06 17:00:00+00:00,41.57,56.68
server_3,2026-06-06 18:00:00+00:00,36.44,55.63
server_3,2026-06-06 19:00:00+00:00,39.03,59.76
server_3,2026-06-06 20:00:00+00:00,39.13,60.41
server_3,2026-06-06 21:00:00+00:00,42.11,57.54
server_3,2026-06-06 22:00:00+00:00,38.88,64.07
server_3,2026-06-06 23:00:00+00:00,39.52,59.46
server_3,2026-06-07 00:00:00+00:00,38.92,59.24
server_3,2026-06-07 01:00:00+00:00,36.5,61.2
server_3,2026-06-07 02:00:00+00:00,38.37,60.21
server_3,2026-06-07 03:00:00+00:00,39.05,64.32
server_3,2026-06-07 04:00:00+00:00,40.18,57.63
server_3,2026-06-07 05:00:00+00:00,41.4,56.2
server_3,2026-06-07 06:00:00+00:00,39.41,59.86
server_3,2026-06-07 07:00:00+00:00,39.37,61.32
server_3,2026-06-07 08:00:00+00:00,35.7,54.83
server_3,2026-06-07 09:00:00+00:00,41.35,56.22
server_3,2026-06-07 10:00:00+00:00,40.14,62.08
server_3,2026-06-07 11:00:00+00:00,45.4,60.16
server_3,2026-06-07 12:00:00+00:00,48.05,58.31
server_3,2026-06-07 13:00:00+00:00,44.95,66.89
server_3,2026-06-07 14:00:00+00:00,42.86,59.77
server_3,2026-06-07 15:00:00+00:00,44.72,67.55
server_3,2026-06-07 16:00:00+00:00,44.41,62.96
server_3,2026-06-07 17:00:00+00:00,41.09,62.86
server_3,2026-06-07 18:00:00+00:00,38.59,59.96
server_3,2026-06-07 19:00:00+00:00,41.41,51.17
server_3,2026-06-07 20:00:00+00:00,41.24,57.19
server_3,2026-06-07 21:00:00+00:00,39.13,60.49
server_3,2026-06-07 22:00:00+00:00,35.86,61.31
server_3,2026-06-07 23:00:00+00:00,41.14,54.54
server_3,2026-06-08 00:00:00+00:00,40.08,61.11
server_3,2026-06-08 01:00:00+00:00,42.54,57.7
server_3,2026-06-08 02:00:00+00:00,42.38,63.07
server_3,2026-06-08 03:00:00+00:00,37.28,60.27
server_3,2026-06-08 04:00:00+00:00,42.2,65.04
server_3,2026-06-08 05:00:00+00:00,43.29,66.72
server_3,2026-06-08 06:00:00+00:00,43.59,64.39
server_3,2026-06-08 07:00:00+00:00,42.29,65.54
server_3,2026-06-08 08:00:00+00:00,37.06,58.87
server_3,2026-06-08 09:00:00+00:00,45.19,74.41
server_3,2026-06-08 10:00:00+00:00,46.45,58.68
server_3,2026-06-08 11:00:00+00:00,45.42,61.09
server_3,2026-06-08 12:00:00+00:00,48.69,67.95
server_3,2026-06-08 13:00:00+00:00,52.43,68.66
server_3,2026-06-08 14:00:00+00:00,53.55,67.99
server_3,2026-06-08 15:00:00+00:00,49.44,67.31
server_3,2026-06-08 16:00:00+00:00,50.49,56.64
server_3,2026-06-08 17:00:00+00:00,40.94,67.99
server_3,2026-06-08 18:00:00+00:00,39.39,60.27
server_3,2026-06-08 19:00:00+00:00,36.84,65.18
server_3,2026-06-08 20:00:00+00:00,39.76,53.08
server_3,2026-06-08 21:00:00+00:00,45.77,64.35
server_3,2026-06-08 22:00:00+00:00,47.14,61.55
server_3,2026-06-08 23:00:00+00:00,42.59,64.49
server_3,2026-06-09 00:00:00+00:00,40.4,62.71
server_3,2026-06-09 01:00:00+00:00,41.45,63.27
server_3,2026-06-09 02:00:00+00:00,43.18,58.18
server_3,2026-06-09 03:00:00+00:00,38.09,60.4
server_3,2026-06-09 04:00:00+00:00,40.57,60.78
server_3,2026-06-09 05:00:00+00:00,45.59,65.24
server_3,2026-06-09 06:00:00+00:00,39.39,65.04
server_3,2026-06-09 07:00:00+00:00,40.13,61.95
server_3,2026-06-09 08:00:00+00:00,42.03,56.91
server_3,2026-06-09 09:00:00+00:00,42.71,62.68
server_3,2026-06-09 10:00:00+00:00,43.86,73.09
server_3,2026-06-09 11:00:00+00:00,48.62,70.9
server_3,2026-06-09 12:00:00+00:00,52.18,53.67
server_3,2026-06-09 13:00:00+00:00,56.75,67.42
server_3,2026-06-09 14:00:00+00:00,51.53,69.06
server_3,2026-06-09 15:00:00+00:00,50.56,64.27
server_3,2026-06-09 16:00:00+00:00,52.25,63.75
server_3,2026-06-09 17:00:00+00:00,44.05,61.65
server_3,2026-06-09 18:00:00+00:00,38.69,63.05
server_3,2026-06-09 19:00:00+00:00,42.63,57.63
server_3,2026-06-09 20:00:00+00:00,44.69,67.7
server_3,2026-06-09 21:00:00+00:00,42.9,62.09
server_3,2026-06-09 22:00:00+00:00,41.76,58.18
server_3,2026-06-09 23:00:00+00:00,38.38,65.23
server_3,2026-06-10 00:00:00+00:00,41.85,55.77
server_3,2026-06-10 01:00:00+00:00,45.08,60.86
server_3,2026-06-10 02:00:00+00:00,38.91,58.63
server_3,2026-06-10 03:00:00+00:00,41.39,70.36
server_3,2026-06-10 04:00:00+00:00,41.03,58.92
server_3,2026-06-10 05:00:00+00:00,40.26,52.77
server_3,2026-06-10 06:00:00+00:00,42.62,59.89
server_3,2026-06-10 07:00:00+00:00,43.11,64.21
server_3,2026-06-10 08:00:00+00:00,43.08,65.52
server_3,2026-06-10 09:00:00+00:00,39.56,70.25
server_3,2026-06-10 10:00:00+00:00,41.31,67.38
server_3,2026-06-10 11:00:00+00:00,49.08,65.23
server_3,2026-06-10 12:00:00+00:00,49.4,61.02
server_3,2026-06-10 13:00:00+00:00,56.44,73.55
server_3,2026-06-10 14:00:00+00:00,56.56,65.62
server_3,2026-06-10 15:00:00+00:00,55.64,64.14
server_3,2026-06-10 16:00:00+00:00,46.08,61.76
server_3,2026-06-10 17:00:00+00:00,46.84,58.69
server_3,2026-06-10 18:00:00+00:00,44.18,60.9
server_3,2026-06-10 19:00:00+00:00,43.9,61.73
server_3,2026-06-10 20:00:00+00:00,41.11,64.61
server_3,2026-06-10 21:00:00+00:00,45.2,61.57
server_3,2026-06-10 22:00:00+00:00,42.0,56.93
server_3,2026-06-10 23:00:00+00:00,42.32,55.7
server_3,2026-06-11 00:00:00+00:00,38.16,61.49
server_3,2026-06-11 01:00:00+00:00,43.61,62.85
server_3,2026-06-11 02:00:00+00:00,41.35,59.55
server_3,2026-06-11 03:00:00+00:00,43.16,60.54
server_3,2026-06-11 04:00:00+00:00,42.59,63.76
server_3,2026-06-11 05:00:00+00:00,42.45,67.72
server_3,2026-06-11 06:00:00+00:00,41.89,58.84
server_3,2026-06-11 07:00:00+00:00,43.97,63.04
server_3,2026-06-11 08:00:00+00:00,41.5,65.66
server_3,2026-06-11 09:00:00+00:00,38.36,57.62
server_3,2026-06-11 10:00:00+00:00,46.84,63.63
server_3,2026-06-11 11:00:00+00:00,46.41,63.39
server_3,2026-06-11 12:00:00+00:00,47.35,58.63
server_3,2026-06-11 13:00:00+00:00,49.29,65.23
server_3,2026-06-11 14:00:00+00:00,52.56,65.82
server_3,2026-06-11 15:00:00+00:00,50.42,67.17
server_3,2026-06-11 16:00:00+00:00,43.1,57.64
server_3,2026-06-11 17:00:00+00:00,44.46,62.9
server_3,2026-06-11 18:00:00+00:00,44.92,68.55
server_3,2026-06-11 19:00:00+00:00,40.87,69.92
server_3,2026-06-11 20:00:00+00:00,41.59,66.98
server_3,2026-06-11 21:00:00+00:00,44.61,58.2
server_3,2026-06-11 22:00:00+00:00,43.99,64.5
server_3,2026-06-11 23:00:00+00:00,44.55,60.96
server_3,2026-06-12 00:00:00+00:00,35.07,60.71
server_3,2026-06-12 01:00:00+00:00,46.33,60.43
server_3,2026-06-12 02:00:00+00:00,43.59,55.7
server_3,2026-06-12 03:00:00+00:00,48.15,62.78
server_3,2026-06-12 04:00:00+00:00,40.04,64.21
server_3,2026-06-12 05:00:00+00:00,37.59,61.61
server_3,2026-06-12 06:00:00+00:00,42.02,63.62
server_3,2026-06-12 07:00:00+00:00,41.31,62.62
server_3,2026-06-12 08:00:00+00:00,43.63,64.19
server_3,2026-06-12 09:00:00+00:00,44.69,65.06
server_3,2026-06-12 10:00:00+00:00,45.2,62.02
server_3,2026-06-12 11:00:00+00:00,47.83,64.37
server_3,2026-06-12 12:00:00+00:00,51.97,72.46
server_3,2026-06-12 13:00:00+00:00,51.21,65.79
server_3,2026-06-12 14:00:00+00:00,51.0,65.32
server_3,2026-06-12 15:00:00+00:00,53.25,66.35
server_3,2026-06-12 16:00:00+00:00,51.58,64.48
server_3,2026-06-12 17:00:00+00:00,48.13,62.4
server_3,2026-06-12 18:00:00+00:00,41.58,62.69
server_3,2026-06-12 19:00:00+00:00,36.65,58.1
server_3,2026-06-12 20:00:00+00:00,41.63,61.29
server_3,2026-06-12 21:00:00+00:00,40.11,58.17
server_3,2026-06-12 22:00:00+00:00,41.68,62.32
server_3,2026-06-12 23:00:00+00:00,40.32,63.75
server_3,2026-06-13 00:00:00+00:00,39.95,60.43
server_3,2026-06-13 01:00:00+00:00,37.4,52.36
server_3,2026-06-13 02:00:00+00:00,36.8,62.54
server_3,2026-06-13 03:00:00+00:00,43.06,62.85
server_3,2026-06-13 04:00:00+00:00,37.58,56.48
server_3,2026-06-13 05:00:00+00:00,40.0,64.39
server_3,2026-06-13 06:00:00+00:00,42.39,56.54
server_3,2026-06-13 07:00:00+00:00,42.29,66.28
server_3,2026-06-13 08:00:00+00:00,41.99,61.77
server_3,2026-06-13 09:00:00+00:00,40.76,52.49
server_3,2026-06-13 10:00:00+00:00,43.69,63.31
server_3,2026-06-13 11:00:00+00:00,46.97,62.11
server_3,2026-06-13 12:00:00+00:00,45.83,61.11
server_3,2026-06-13 13:00:00+00:00,40.82,58.64
server_3,2026-06-13 14:00:00+00:00,44.1,62.22
server_3,2026-06-13 15:00:00+00:00,46.5,61.64
server_3,2026-06-13 16:00:00+00:00,41.97,54.56
server_3,2026-06-13 17:00:00+00:00,45.93,68.46
server_3,2026-06-13 18:00:00+00:00,39.84,60.27
server_3,2026-06-13 19:00:00+00:00,40.21,58.45
server_3,2026-06-13 20:00:00+00:00,42.81,57.77
server_3,2026-06-13 21:00:00+00:00,39.54,64.22
server_3,2026-06-13 22:00:00+00:00,40.44,56.26
server_3,2026-06-13 23:00:00+00:00,42.25,62.62
server_3,2026-06-14 00:00:00+00:00,36.32,57.68
server_3,2026-06-14 01:00:00+00:00,39.29,58.95
server_3,2026-06-14 02:00:00+00:00,42.07,57.61
server_3,2026-06-14 03:00:00+00:00,40.16,58.88
server_3,2026-06-14 04:00:00+00:00,43.67,62.62
server_3,2026-06-14 05:00:00+00:00,36.06,60.86
server_3,2026-06-14 06:00:00+00:00,35.77,56.68
server_3,2026-06-14 07:00:00+00:00,41.92,61.61
server_3,2026-06-14 08:00:00+00:00,42.16,65.61
server_3,2026-06-14 09:00:00+00:00,39.52,54.48
server_3,2026-06-14 10:00:00+00:00,42.88,62.28
server_3,2026-06-14 11:00:00+00:00,45.4,59.39
server_3,2026-06-14 12:00:00+00:00,42.73,58.04
server_3,2026-06-14 13:00:00+00:00,43.65,63.62
server_3,2026-06-14 14:00:00+00:00,45.89,61.18
server_3,2026-06-14 15:00:00+00:00,47.02,58.89
server_3,2026-06-14 16:00:00+00:00,40.62,66.81
server_3,2026-06-14 17:00:00+00:00,41.39,65.47
server_3,2026-06-14 18:00:00+00:00,39.39,53.36
server_3,2026-06-14 19:00:00+00:00,41.04,55.77
server_3,2026-06-14 20:00:00+00:00,39.98,63.67
server_3,2026-06-14 21:00:00+00:00,38.64,59.68
server_3,2026-06-14 22:00:00+00:00,43.12,68.39
server_3,2026-06-14 23:00:00+00:00,38.65,63.29
server_3,2026-06-15 00:00:00+00:00,41.27,62.94
server_3,2026-06-15 01:00:00+00:00,38.02,56.52
server_3,2026-06-15 02:00:00+00:00,40.22,63.34
server_3,2026-06-15 03:00:00+00:00,43.29,57.35
server_3,2026-06-15 04:00:00+00:00,42.8,67.5
server_3,2026-06-15 05:00:00+00:00,43.5,64.21
server_3,2026-06-15 06:00:00+00:00,43.38,59.18
server_3,2026-06-15 07:00:00+00:00,47.22,67.05
server_3,2026-06-15 08:00:00+00:00,40.13,70.31
server_3,2026-06-15 09:00:00+00:00,37.95,59.71
server_3,2026-06-15 10:00:00+00:00,42.79,64.48
server_3,2026-06-15 11:00:00+00:00,46.67,61.91
server_3,2026-06-15 12:00:00+00:00,48.22,64.52
server_3,2026-06-15 13:00:00+00:00,52.08,59.5
server_3,2026-06-15 14:00:00+00:00,54.98,66.54
server_3,2026-06-15 15:00:00+00:00,54.51,66.55
server_3,2026-06-15 16:00:00+00:00,49.69,71.89
server_3,2026-06-15 17:00:00+00:00,50.77,57.89
server_3,2026-06-15 18:00:00+00:00,41.11,60.56
server_3,2026-06-15 19:00:00+00:00,37.92,65.72
server_3,2026-06-15 20:00:00+00:00,44.63,61.95
server_3,2026-06-15 21:00:00+00:00,37.4,59.71
server_3,2026-06-15 22:00:00+00:00,40.11,58.01
server_3,2026-06-15 23:00:00+00:00,43.3,58.72
server_3,2026-06-16 00:00:00+00:00,41.74,54.61
server_3,2026-06-16 01:00:00+00:00,41.52,59.32
server_3,2026-06-16 02:00:00+00:00,39.05,57.01
server_3,2026-06-16 03:00:00+00:00,41.97,62.46
server_3,2026-06-16 04:00:00+00:00,44.51,59.73
server_3,2026-06-16 05:00:00+00:00,42.05,60.1
server_3,2026-06-16 06:00:00+00:00,39.92,59.46
server_3,2026-06-16 07:00:00+00:00,38.88,60.72
server_3,2026-06-16 08:00:00+00:00,39.98,59.18
server_3,2026-06-16 09:00:00+00:00,42.98,58.1
server_3,2026-06-16 10:00:00+00:00,46.28,63.84
server_3,2026-06-16 11:00:00+00:00,46.43,67.82
server_3,2026-06-16 12:00:00+00:00,45.13,63.61
server_3,2026-06-16 13:00:00+00:00,52.9,63.38
server_3,2026-06-16 14:00:00+00:00,49.6,64.17
server_3,2026-06-16 15:00:00+00:00,52.38,57.43
server_3,2026-06-16 16:00:00+00:00,46.54,63.03
server_3,2026-06-16 17:00:00+00:00,42.95,60.73
server_3,2026-06-16 18:00:00+00:00,42.38,58.4
server_3,2026-06-16 19:00:00+00:00,47.89,61.05
server_3,2026-06-16 20:00:00+00:00,43.87,61.01
server_3,2026-06-16 21:00:00+00:00,42.34,66.09
server_3,2026-06-16 22:00:00+00:00,42.9,66.68
server_3,2026-06-16 23:00:00+00:00,37.62,56.76
server_3,2026-06-17 00:00:00+00:00,39.19,58.95
server_3,2026-06-17 01:00:00+00:00,35.72,57.83
server_3,2026-06-17 02:00:00+00:00,46.32,66.75
server_3,2026-06-17 03:00:00+00:00,45.82,63.92
server_3,2026-06-17 04:00:00+00:00,42.98,62.71
server_3,2026-06-17 05:00:00+00:00,42.34,64.26
server_3,2026-06-17 06:00:00+00:00,38.12,58.26
server_3,2026-06-17 07:00:00+00:00,41.45,67.26
server_3,2026-06-17 08:00:00+00:00,46.48,63.56
server_3,2026-06-17 09:00:00+00:00,42.33,58.69
server_3,2026-06-17 10:00:00+00:00,44.01,61.78
server_3,2026-06-17 11:00:00+00:00,44.03,67.64
server_3,2026-06-17 12:00:00+00:00,54.11,64.54
server_3,2026-06-17 13:00:00+00:00,51.67,69.18
server_3,2026-06-17 14:00:00+00:00,47.46,61.41
server_3,2026-06-17 15:00:00+00:00,48.35,61.16
server_3,2026-06-17 16:00:00+00:00,45.23,65.77
server_3,2026-06-17 17:00:00+00:00,45.09,59.59
server_3,2026-06-17 18:00:00+00:00,42.52,65.47
server_3,2026-06-17 19:00:00+00:00,40.74,62.97
server_3,2026-06-17 20:00:00+00:00,43.94,59.19
server_3,2026-06-17 21:00:00+00:00,42.2,61.78
server_3,2026-06-17 22:00:00+00:00,44.66,60.73
server_3,2026-06-17 23:00:00+00:00,41.11,63.08
server_3,2026-06-18 00:00:00+00:00,49.61,72.22
server_3,2026-06-18 01:00:00+00:00,40.59,60.02
server_3,2026-06-18 02:00:00+00:00,39.74,63.34
server_3,2026-06-18 03:00:00+00:00,39.43,61.2
server_3,2026-06-18 04:00:00+00:00,41.47,61.91
server_3,2026-06-18 05:00:00+00:00,37.7,59.83
server_3,2026-06-18 06:00:00+00:00,42.74,58.83
server_3,2026-06-18 07:00:00+00:00,37.24,61.67
server_3,2026-06-18 08:00:00+00:00,42.4,60.99
server_3,2026-06-18 09:00:00+00:00,38.62,57.2
server_3,2026-06-18 10:00:00+00:00,44.47,66.92
server_3,2026-06-18 11:00:00+00:00,49.94,65.17
server_3,2026-06-18 12:00:00+00:00,56.42,66.13
server_3,2026-06-18 13:00:00+00:00,49.15,69.86
server_3,2026-06-18 14:00:00+00:00,51.47,57.97
server_3,2026-06-18 15:00:00+00:00,48.85,69.49
server_3,2026-06-18 16:00:00+00:00,46.25,59.97
server_3,2026-06-18 17:00:00+00:00,43.63,63.42
server_3,2026-06-18 18:00:00+00:00,44.06,60.37
server_3,2026-06-18 19:00:00+00:00,40.78,57.88
server_3,2026-06-18 20:00:00+00:00,47.62,69.22
server_3,2026-06-18 21:00:00+00:00,43.04,69.79
server_3,2026-06-18 22:00:00+00:00,39.47,60.23
server_3,2026-06-18 23:00:00+00:00,41.08,63.02
server_3,2026-06-19 00:00:00+00:00,40.0,61.53
server_3,2026-06-19 01:00:00+00:00,44.0,69.62
server_3,2026-06-19 02:00:00+00:00,37.9,52.11
server_3,2026-06-19 03:00:00+00:00,38.65,62.34
server_3,2026-06-19 04:00:00+00:00,40.52,58.57
server_3,2026-06-19 05:00:00+00:00,43.71,53.17
server_3,2026-06-19 06:00:00+00:00,45.08,61.64
server_3,2026-06-19 07:00:00+00:00,45.45,70.6
server_3,2026-06-19 08:00:00+00:00,43.32,59.84
server_3,2026-06-19 09:00:00+00:00,41.79,65.09
server_3,2026-06-19 10:00:00+00:00,47.41,68.69
server_3,2026-06-19 11:00:00+00:00,45.57,63.2
server_3,2026-06-19 12:00:00+00:00,46.05,63.9
server_3,2026-06-19 13:00:00+00:00,52.94,58.96
server_3,2026-06-19 14:00:00+00:00,49.33,61.7
server_3,2026-06-19 15:00:00+00:00,50.5,68.6
server_3,2026-06-19 16:00:00+00:00,48.73,64.6
server_3,2026-06-19 17:00:00+00:00,46.04,64.88
server_3,2026-06-19 18:00:00+00:00,44.34,63.35
server_3,2026-06-19 19:00:00+00:00,44.08,71.5
server_3,2026-06-19 20:00:00+00:00,42.49,60.45
server_3,2026-06-19 21:00:00+00:00,40.89,68.03
server_3,2026-06-19 22:00:00+00:00,42.27,62.63
server_3,2026-06-19 23:00:00+00:00,40.51,68.26
server_3,2026-06-20 00:00:00+00:00,39.51,56.23
server_3,2026-06-20 01:00:00+00:00,46.55,64.33
server_3,2026-06-20 02:00:00+00:00,40.46,59.88
server_3,2026-06-20 03:00:00+00:00,41.13,62.25
server_3,2026-06-20 04:00:00+00:00,38.24,65.57
server_3,2026-06-20 05:00:00+00:00,42.55,63.71
server_3,2026-06-20 06:00:00+00:00,41.9,66.85
server_3,2026-06-20 07:00:00+00:00,41.92,59.29
server_3,2026-06-20 08:00:00+00:00,40.54,58.2
server_3,2026-06-20 09:00:00+00:00,42.59,62.27
server_3,2026-06-20 10:00:00+00:00,45.06,62.92
server_3,2026-06-20 11:00:00+00:00,44.24,62.04
server_3,2026-06-20 12:00:00+00:00,44.48,59.03
server_3,2026-06-20 13:00:00+00:00,47.65,68.77
server_3,2026-06-20 14:00:00+00:00,43.16,60.95
server_3,2026-06-20 15:00:00+00:00,42.97,68.04
server_3,2026-06-20 16:00:00+00:00,43.4,62.54
server_3,2026-06-20 17:00:00+00:00,37.53,63.03
server_3,2026-06-20 18:00:00+00:00,42.07,64.25
server_3,2026-06-20 19:00:00+00:00,37.59,57.16
server_3,2026-06-20 20:00:00+00:00,38.82,62.36
server_3,2026-06-20 21:00:00+00:00,39.47,68.83
server_3,2026-06-20 22:00:00+00:00,40.1,62.34
server_3,2026-06-20 23:00:00+00:00,39.14,64.6
server_3,2026-06-21 00:00:00+00:00,39.83,64.01
server_3,2026-06-21 01:00:00+00:00,39.85,62.48
server_3,2026-06-21 02:00:00+00:00,38.88,61.65
server_3,2026-06-21 03:00:00+00:00,38.07,62.81
server_3,2026-06-21 04:00:00+00:00,42.7,65.3
server_3,2026-06-21 05:00:00+00:00,34.74,54.05
server_3,2026-06-21 06:00:00+00:00,39.49,62.11
server_3,2026-06-21 07:00:00+00:00,38.83,60.15
server_3,2026-06-21 08:00:00+00:00,41.05,60.1
server_3,2026-06-21 09:00:00+00:00,36.36,65.21
server_3,2026-06-21 10:00:00+00:00,40.63,58.59
server_3,2026-06-21 11:00:00+00:00,43.28,56.87
server_3,2026-06-21 12:00:00+00:00,47.44,67.09
server_3,2026-06-21 13:00:00+00:00,46.25,57.8
server_3,2026-06-21 14:00:00+00:00,42.46,54.45
server_3,2026-06-21 15:00:00+00:00,43.54,66.17
server_3,2026-06-21 16:00:00+00:00,45.75,63.95
server_3,2026-06-21 17:00:00+00:00,38.88,62.8
server_3,2026-06-21 18:00:00+00:00,39.8,59.46
server_3,2026-06-21 19:00:00+00:00,39.98,55.75
server_3,2026-06-21 20:00:00+00:00,39.04,56.22
server_3,2026-06-21 21:00:00+00:00,46.74,62.57
server_3,2026-06-21 22:00:00+00:00,38.97,55.85
server_3,2026-06-21 23:00:00+00:00,41.12,62.92
server_3,2026-06-22 00:00:00+00:00,40.08,59.48
server_3,2026-06-22 01:00:00+00:00,43.32,63.2
server_3,2026-06-22 02:00:00+00:00,44.18,63.38
server_3,2026-06-22 03:00:00+00:00,40.53,63.03
server_3,2026-06-22 04:00:00+00:00,41.86,63.95
server_3,2026-06-22 05:00:00+00:00,39.76,59.84
server_3,2026-06-22 06:00:00+00:00,39.14,61.73
server_3,2026-06-22 07:00:00+00:00,44.59,63.85
server_3,2026-06-22 08:00:00+00:00,40.61,51.8
server_3,2026-06-22 09:00:00+00:00,35.97,62.47
server_3,2026-06-22 10:00:00+00:00,49.83,65.34
server_3,2026-06-22 11:00:00+00:00,46.42,65.8
server_3,2026-06-22 12:00:00+00:00,50.04,59.67
server_3,2026-06-22 13:00:00+00:00,55.95,65.62
server_3,2026-06-22 14:00:00+00:00,51.49,60.96
server_3,2026-06-22 15:00:00+00:00,50.25,67.87
server_3,2026-06-22 16:00:00+00:00,45.36,57.55
server_3,2026-06-22 17:00:00+00:00,41.33,58.05
server_3,2026-06-22 18:00:00+00:00,41.58,63.99
server_3,2026-06-22 19:00:00+00:00,42.91,59.8
server_3,2026-06-22 20:00:00+00:00,42.76,58.55
server_3,2026-06-22 21:00:00+00:00,40.8,65.21
server_3,2026-06-22 22:00:00+00:00,42.05,65.81
server_3,2026-06-22 23:00:00+00:00,37.41,63.28
server_3,2026-06-23 00:00:00+00:00,43.15,65.8
server_3,2026-06-23 01:00:00+00:00,42.4,61.21
server_3,2026-06-23 02:00:00+00:00,46.93,62.91
server_3,2026-06-23 03:00:00+00:00,42.02,59.41
server_3,2026-06-23 04:00:00+00:00,39.64,61.85
server_3,2026-06-23 05:00:00+00:00,41.87,59.84
server_3,2026-06-23 06:00:00+00:00,41.18,59.98
server_3,2026-06-23 07:00:00+00:00,43.09,64.78
server_3,2026-06-23 08:00:00+00:00,42.07,66.76
server_3,2026-06-23 09:00:00+00:00,38.85,62.49
server_3,2026-06-23 10:00:00+00:00,41.33,68.94
server_3,2026-06-23 11:00:00+00:00,49.09,61.66
server_3,2026-06-23 12:00:00+00:00,54.12,58.89
server_3,2026-06-23 13:00:00+00:00,52.05,68.37
server_3,2026-06-23 14:00:00+00:00,53.88,63.07
server_3,2026-06-23 15:00:00+00:00,53.19,64.82
server_3,2026-06-23 16:00:00+00:00,49.09,57.4
server_3,2026-06-23 17:00:00+00:00,43.38,58.89
server_3,2026-06-23 18:00:00+00:00,42.49,56.16
server_3,2026-06-23 19:00:00+00:00,45.02,61.32
server_3,2026-06-23 20:00:00+00:00,43.32,60.89
server_3,2026-06-23 21:00:00+00:00,43.87,63.01
server_3,2026-06-23 22:00:00+00:00,40.84,66.55
server_3,2026-06-23 23:00:00+00:00,41.49,64.53
server_3,2026-06-24 00:00:00+00:00,41.7,55.41
server_3,2026-06-24 01:00:00+00:00,41.87,64.39
server_3,2026-06-24 02:00:00+00:00,44.92,63.47
server_3,2026-06-24 03:00:00+00:00,36.13,59.55
server_3,2026-06-24 04:00:00+00:00,42.08,61.94
server_3,2026-06-24 05:00:00+00:00,41.8,62.75
server_3,2026-06-24 06:00:00+00:00,38.57,58.03
server_3,2026-06-24 07:00:00+00:00,43.68,61.86
server_3,2026-06-24 08:00:00+00:00,40.19,66.1
server_3,2026-06-24 09:00:00+00:00,41.11,58.87
server_3,2026-06-24 10:00:00+00:00,50.04,60.7
server_3,2026-06-24 11:00:00+00:00,50.95,64.89
server_3,2026-06-24 12:00:00+00:00,52.1,61.01
server_3,2026-06-24 13:00:00+00:00,52.8,58.89
server_3,2026-06-24 14:00:00+00:00,51.44,63.92
server_3,2026-06-24 15:00:00+00:00,55.66,72.58
server_3,2026-06-24 16:00:00+00:00,50.43,64.8
server_3,2026-06-24 17:00:00+00:00,43.55,63.26
server_3,2026-06-24 18:00:00+00:00,38.5,52.25
server_3,2026-06-24 19:00:00+00:00,43.42,64.25
server_3,2026-06-24 20:00:00+00:00,41.86,62.32
server_3,2026-06-24 21:00:00+00:00,38.43,58.09
server_3,2026-06-24 22:00:00+00:00,43.07,63.1
server_3,2026-06-24 23:00:00+00:00,41.33,62.45
server_3,2026-06-25 00:00:00+00:00,43.33,58.23
server_3,2026-06-25 01:00:00+00:00,43.1,63.71
server_3,2026-06-25 02:00:00+00:00,40.48,66.26
server_3,2026-06-25 03:00:00+00:00,43.58,61.64
server_3,2026-06-25 04:00:00+00:00,40.76,58.09
server_3,2026-06-25 05:00:00+00:00,40.92,60.91
server_3,2026-06-25 06:00:00+00:00,40.67,64.95
server_3,2026-06-25 07:00:00+00:00,44.83,58.08
server_3,2026-06-25 08:00:00+00:00,41.3,64.07
server_3,2026-06-25 09:00:00+00:00,45.43,60.49
server_3,2026-06-25 10:00:00+00:00,49.88,65.73
server_3,2026-06-25 11:00:00+00:00,46.58,61.35
server_3,2026-06-25 12:00:00+00:00,43.36,60.21
server_3,2026-06-25 13:00:00+00:00,54.46,72.45
server_3,2026-06-25 14:00:00+00:00,50.99,59.51
server_3,2026-06-25 15:00:00+00:00,48.49,66.21
server_3,2026-06-25 16:00:00+00:00,46.96,70.66
server_3,2026-06-25 17:00:00+00:00,44.38,65.58
server_3,2026-06-25 18:00:00+00:00,45.24,57.81
server_3,2026-06-25 19:00:00+00:00,42.4,57.01
server_3,2026-06-25 20:00:00+00:00,45.21,60.12
server_3,2026-06-25 21:00:00+00:00,43.24,63.06
server_3,2026-06-25 22:00:00+00:00,41.23,62.63
server_3,2026-06-25 23:00:00+00:00,41.02,56.57
server_3,2026-06-26 00:00:00+00:00,43.4,59.0
server_3,2026-06-26 01:00:00+00:00,44.05,59.47
server_3,2026-06-26 02:00:00+00:00,44.49,62.15
server_3,2026-06-26 03:00:00+00:00,41.35,69.71
server_3,2026-06-26 04:00:00+00:00,42.44,58.42
server_3,2026-06-26 05:00:00+00:00,43.46,58.6
server_3,2026-06-26 06:00:00+00:00,41.04,57.13
server_3,2026-06-26 07:00:00+00:00,39.16,63.55
server_3,2026-06-26 08:00:00+00:00,39.98,61.13
server_3,2026-06-26 09:00:00+00:00,41.4,58.2
server_3,2026-06-26 10:00:00+00:00,47.08,62.33
server_3,2026-06-26 11:00:00+00:00,51.58,62.19
server_3,2026-06-26 12:00:00+00:00,47.27,65.03
server_3,2026-06-26 13:00:00+00:00,50.35,75.66
server_3,2026-06-26 14:00:00+00:00,50.95,67.34
server_3,2026-06-26 15:00:00+00:00,52.65,65.35
server_3,2026-06-26 16:00:00+00:00,47.11,61.13
server_3,2026-06-26 17:00:00+00:00,44.35,57.45
server_3,2026-06-26 18:00:00+00:00,38.47,63.7
server_3,2026-06-26 19:00:00+00:00,43.21,65.14
server_3,2026-06-26 20:00:00+00:00,41.6,59.99
server_3,2026-06-26 21:00:00+00:00,40.36,66.28
server_3,2026-06-26 22:00:00+00:00,41.35,61.86
server_3,2026-06-26 23:00:00+00:00,44.82,66.09
server_3,2026-06-27 00:00:00+00:00,37.49,61.61
server_3,2026-06-27 01:00:00+00:00,37.9,59.86
server_3,2026-06-27 02:00:00+00:00,43.13,58.58
server_3,2026-06-27 03:00:00+00:00,40.19,60.78
server_3,2026-06-27 04:00:00+00:00,41.67,65.25
server_3,2026-06-27 05:00:00+00:00,41.0,59.62
server_3,2026-06-27 06:00:00+00:00,39.91,63.03
server_3,2026-06-27 07:00:00+00:00,39.13,56.66
server_3,2026-06-27 08:00:00+00:00,42.08,65.15
server_3,2026-06-27 09:00:00+00:00,42.91,63.57
server_3,2026-06-27 10:00:00+00:00,44.59,58.1
server_3,2026-06-27 11:00:00+00:00,40.57,60.6
server_3,2026-06-27 12:00:00+00:00,48.03,67.83
server_3,2026-06-27 13:00:00+00:00,44.52,57.85
server_3,2026-06-27 14:00:00+00:00,43.53,58.25
server_3,2026-06-27 15:00:00+00:00,44.34,62.54
server_3,2026-06-27 16:00:00+00:00,45.61,71.8
server_3,2026-06-27 17:00:00+00:00,43.23,59.74
server_3,2026-06-27 18:00:00+00:00,39.36,63.06
server_3,2026-06-27 19:00:00+00:00,42.09,63.07
server_3,2026-06-27 20:00:00+00:00,40.35,59.06
server_3,2026-06-27 21:00:00+00:00,38.57,61.44
server_3,2026-06-27 22:00:00+00:00,38.23,58.89
server_3,2026-06-27 23:00:00+00:00,41.03,60.23
server_3,2026-06-28 00:00:00+00:00,39.79,54.58
server_3,2026-06-28 01:00:00+00:00,36.56,60.0
server_3,2026-06-28 02:00:00+00:00,42.12,65.64
server_3,2026-06-28 03:00:00+00:00,38.8,61.11
server_3,2026-06-28 04:00:00+00:00,43.98,67.06
server_3,2026-06-28 05:00:00+00:00,36.49,62.39
server_3,2026-06-28 06:00:00+00:00,39.55,60.9
server_3,2026-06-28 07:00:00+00:00,38.25,58.18
server_3,2026-06-28 08:00:00+00:00,37.56,58.5
server_3,2026-06-28 09:00:00+00:00,38.78,54.99
server_3,2026-06-28 10:00:00+00:00,46.31,62.44
server_3,2026-06-28 11:00:00+00:00,43.89,63.25
server_3,2026-06-28 12:00:00+00:00,42.78,69.14
server_3,2026-06-28 13:00:00+00:00,40.84,63.71
server_3,2026-06-28 14:00:00+00:00,41.11,58.23
server_3,2026-06-28 15:00:00+00:00,43.42,56.74
server_3,2026-06-28 16:00:00+00:00,41.95,61.16
server_3,2026-06-28 17:00:00+00:00,41.32,65.01
server_3,2026-06-28 18:00:00+00:00,34.32,58.43
server_3,2026-06-28 19:00:00+00:00,39.77,63.39
server_3,2026-06-28 20:00:00+00:00,42.57,61.47
server_3,2026-06-28 21:00:00+00:00,44.06,65.59
server_3,2026-06-28 22:00:00+00:00,35.26,53.25
server_3,2026-06-28 23:00:00+00:00,38.0,67.02
server_3,2026-06-29 00:00:00+00:00,39.86,56.8
server_3,2026-06-29 01:00:00+00:00,42.36,65.3
server_3,2026-06-29 02:00:00+00:00,38.95,59.84
server_3,2026-06-29 03:00:00+00:00,46.21,63.01
server_3,2026-06-29 04:00:00+00:00,42.11,61.07
server_3,2026-06-29 05:00:00+00:00,41.69,62.91
server_3,2026-06-29 06:00:00+00:00,45.98,65.22
server_3,2026-06-29 07:00:00+00:00,41.96,66.22
server_3,2026-06-29 08:00:00+00:00,43.0,67.98
server_3,2026-06-29 09:00:00+00:00,40.12,62.67
server_3,2026-06-29 10:00:00+00:00,41.99,68.85
server_3,2026-06-29 11:00:00+00:00,46.9,64.09
server_3,2026-06-29 12:00:00+00:00,56.13,71.25
server_3,2026-06-29 13:00:00+00:00,53.43,67.72
server_3,2026-06-29 14:00:00+00:00,52.53,63.49
server_3,2026-06-29 15:00:00+00:00,48.22,64.9
server_3,2026-06-29 16:00:00+00:00,50.71,67.06
server_3,2026-06-29 17:00:00+00:00,42.03,61.88
server_3,2026-06-29 18:00:00+00:00,38.08,62.28
server_3,2026-06-29 19:00:00+00:00,40.6,64.97
server_3,2026-06-29 20:00:00+00:00,46.89,63.62
server_3,2026-06-29 21:00:00+00:00,46.74,51.89
server_3,2026-06-29 22:00:00+00:00,40.87,68.32
server_3,2026-06-29 23:00:00+00:00,40.31,60.22
server_3,2026-06-30 00:00:00+00:00,37.9,57.27
server_3,2026-06-30 01:00:00+00:00,42.2,57.57
server_3,2026-06-30 02:00:00+00:00,42.41,60.8
server_3,2026-06-30 03:00:00+00:00,43.97,60.44
server_3,2026-06-30 04:00:00+00:00,44.28,59.85
server_3,2026-06-30 05:00:00+00:00,41.51,59.1
server_3,2026-06-30 06:00:00+00:00,43.39,64.61
server_3,2026-06-30 07:00:00+00:00,40.25,69.51
server_3,2026-06-30 08:00:00+00:00,43.34,65.75
server_3,2026-06-30 09:00:00+00:00,40.73,66.05
server_3,2026-06-30 10:00:00+00:00,46.57,62.09
server_3,2026-06-30 11:00:00+00:00,49.37,65.0
server_3,2026-06-30 12:00:00+00:00,50.83,66.8
server_3,2026-06-30 13:00:00+00:00,53.83,63.5
server_3,2026-06-30 14:00:00+00:00,47.92,62.37
server_3,2026-06-30 15:00:00+00:00,48.0,67.52
server_3,2026-06-30 16:00:00+00:00,47.75,68.37
server_3,2026-06-30 17:00:00+00:00,41.81,62.2
server_3,2026-06-30 18:00:00+00:00,40.98,56.86
server_3,2026-06-30 19:00:00+00:00,41.06,60.49
server_3,2026-06-30 20:00:00+00:00,45.27,57.38
server_3,2026-06-30 21:00:00+00:00,42.36,62.43
server_3,2026-06-30 22:00:00+00:00,44.57,63.92
server_3,2026-06-30 23:00:00+00:00,42.75,61.18
server_3,2026-07-01 00:00:00+00:00,40.66,62.5
server_3,2026-07-01 01:00:00+00:00,42.33,63.78
server_3,2026-07-01 02:00:00+00:00,43.82,63.67
server_3,2026-07-01 03:00:00+00:00,44.98,58.24
server_3,2026-07-01 04:00:00+00:00,41.67,60.87
server_3,2026-07-01 05:00:00+00:00,37.88,62.2
server_3,2026-07-01 06:00:00+00:00,37.71,66.81
server_3,2026-07-01 07:00:00+00:00,41.18,60.63
server_3,2026-07-01 08:00:00+00:00,36.16,62.16
server_3,2026-07-01 09:00:00+00:00,46.49,67.08
server_3,2026-07-01 10:00:00+00:00,46.91,62.93
server_3,2026-07-01 11:00:00+00:00,46.84,68.29
server_3,2026-07-01 12:00:00+00:00,47.89,68.87
server_3,2026-07-01 13:00:00+00:00,54.42,71.87
server_3,2026-07-01 14:00:00+00:00,49.06,66.31
server_3,2026-07-01 15:00:00+00:00,48.11,73.58
server_3,2026-07-01 16:00:00+00:00,46.51,61.12
server_3,2026-07-01 17:00:00+00:00,45.71,71.79
server_3,2026-07-01 18:00:00+00:00,43.55,65.62
server_3,2026-07-01 19:00:00+00:00,44.98,68.41
server_3,2026-07-01 20:00:00+00:00,44.61,61.63
server_3,2026-07-01 21:00:00+00:00,42.0,65.38
server_3,2026-07-01 22:00:00+00:00,44.55,68.6
server_3,2026-07-01 23:00:00+00:00,40.32,57.06
server_3,2026-07-02 00:00:00+00:00,37.45,59.75
server_3,2026-07-02 01:00:00+00:00,40.32,52.85
server_3,2026-07-02 02:00:00+00:00,39.98,60.58
server_3,2026-07-02 03:00:00+00:00,40.42,58.18
server_3,2026-07-02 04:00:00+00:00,39.6,60.29
server_3,2026-07-02 05:00:00+00:00,40.85,73.29
server_3,2026-07-02 06:00:00+00:00,43.55,69.41
server_3,2026-07-02 07:00:00+00:00,46.29,57.74
server_3,2026-07-02 08:00:00+00:00,37.69,62.71
server_3,2026-07-02 09:00:00+00:00,38.78,64.07
server_3,2026-07-02 10:00:00+00:00,43.44,61.15
server_3,2026-07-02 11:00:00+00:00,50.34,65.63
server_3,2026-07-02 12:00:00+00:00,50.15,65.96
server_3,2026-07-02 13:00:00+00:00,50.04,59.43
server_3,2026-07-02 14:00:00+00:00,53.64,61.95
server_3,2026-07-02 15:00:00+00:00,53.05,66.56
server_3,2026-07-02 16:00:00+00:00,48.38,64.63
server_3,2026-07-02 17:00:00+00:00,43.38,59.65
server_3,2026-07-02 18:00:00+00:00,42.68,59.06
server_3,2026-07-02 19:00:00+00:00,41.42,61.44
server_3,2026-07-02 20:00:00+00:00,41.4,65.33
server_3,2026-07-02 21:00:00+00:00,40.72,61.25
server_3,2026-07-02 22:00:00+00:00,44.31,69.3
server_3,2026-07-02 23:00:00+00:00,42.62,59.44
server_3,2026-07-03 00:00:00+00:00,44.59,63.68
server_3,2026-07-03 01:00:00+00:00,45.34,61.75
server_3,2026-07-03 02:00:00+00:00,43.15,64.75
server_3,2026-07-03 03:00:00+00:00,40.73,58.43
server_3,2026-07-03 04:00:00+00:00,44.6,70.62
server_3,2026-07-03 05:00:00+00:00,43.16,55.65
server_3,2026-07-03 06:00:00+00:00,48.51,71.14
server_3,2026-07-03 07:00:00+00:00,42.78,62.63
server_3,2026-07-03 08:00:00+00:00,43.74,64.82
server_3,2026-07-03 09:00:00+00:00,42.73,67.59
server_3,2026-07-03 10:00:00+00:00,45.17,66.54
server_3,2026-07-03 11:00:00+00:00,47.78,61.1
server_3,2026-07-03 12:00:00+00:00,51.4,67.69
server_3,2026-07-03 13:00:00+00:00,53.15,73.37
server_3,2026-07-03 14:00:00+00:00,54.73,62.91
server_3,2026-07-03 15:00:00+00:00,51.43,73.78
server_3,2026-07-03 16:00:00+00:00,47.27,65.39
server_3,2026-07-03 17:00:00+00:00,44.6,61.18
server_3,2026-07-03 18:00:00+00:00,38.69,57.27
server_3,2026-07-03 19:00:00+00:00,46.15,62.56
server_3,2026-07-03 20:00:00+00:00,40.65,53.71
server_3,2026-07-03 21:00:00+00:00,44.42,61.19
server_3,2026-07-03 22:00:00+00:00,42.69,61.19
server_3,2026-07-03 23:00:00+00:00,42.76,57.97
server_3,2026-07-04 00:00:00+00:00,39.71,64.19
server_3,2026-07-04 01:00:00+00:00,38.03,59.74
server_3,2026-07-04 02:00:00+00:00,37.58,57.91
server_3,2026-07-04 03:00:00+00:00,44.32,61.51
server_3,2026-07-04 04:00:00+00:00,40.28,62.82
server_3,2026-07-04 05:00:00+00:00,42.81,62.58
server_3,2026-07-04 06:00:00+00:00,43.46,59.71
server_3,2026-07-04 07:00:00+00:00,38.97,61.44
server_3,2026-07-04 08:00:00+00:00,41.06,61.47
server_3,2026-07-04 09:00:00+00:00,40.11,56.78
server_3,2026-07-04 10:00:00+00:00,38.99,59.79
server_3,2026-07-04 11:00:00+00:00,43.07,64.69
server_3,2026-07-04 12:00:00+00:00,46.23,65.77
server_3,2026-07-04 13:00:00+00:00,44.17,61.84
server_3,2026-07-04 14:00:00+00:00,44.6,65.62
server_3,2026-07-04 15:00:00+00:00,44.33,58.9
server_3,2026-07-04 16:00:00+00:00,48.81,60.59
server_3,2026-07-04 17:00:00+00:00,37.3,59.35
server_3,2026-07-04 18:00:00+00:00,41.25,67.73
server_3,2026-07-04 19:00:00+00:00,39.37,61.73
server_3,2026-07-04 20:00:00+00:00,38.4,59.64
server_3,2026-07-04 21:00:00+00:00,39.31,67.23
server_3,2026-07-04 22:00:00+00:00,41.67,60.74
server_3,2026-07-04 23:00:00+00:00,41.81,70.87
server_3,2026-07-05 00:00:00+00:00,40.47,59.42
server_3,2026-07-05 01:00:00+00:00,42.73,58.21
server_3,2026-07-05 02:00:00+00:00,43.17,61.74
server_3,2026-07-05 03:00:00+00:00,42.04,61.02
server_3,2026-07-05 04:00:00+00:00,38.63,57.59
server_3,2026-07-05 05:00:00+00:00,41.24,72.14
server_3,2026-07-05 06:00:00+00:00,41.25,63.01
server_3,2026-07-05 07:00:00+00:00,37.96,62.44
server_3,2026-07-05 08:00:00+00:00,36.08,58.08
server_3,2026-07-05 09:00:00+00:00,34.94,57.22
server_3,2026-07-05 10:00:00+00:00,42.06,66.12
server_3,2026-07-05 11:00:00+00:00,44.28,56.09
server_3,2026-07-05 12:00:00+00:00,41.81,57.36
server_3,2026-07-05 13:00:00+00:00,48.03,63.12
server_3,2026-07-05 14:00:00+00:00,45.8,68.73
server_3,2026-07-05 15:00:00+00:00,48.14,62.65
server_3,2026-07-05 16:00:00+00:00,44.46,64.53
server_3,2026-07-05 17:00:00+00:00,39.22,61.14
server_3,2026-07-05 18:00:00+00:00,41.15,66.89
server_3,2026-07-05 19:00:00+00:00,41.68,55.55
server_3,2026-07-05 20:00:00+00:00,38.63,63.76
server_3,2026-07-05 21:00:00+00:00,36.39,59.24
server_3,2026-07-05 22:00:00+00:00,40.25,65.09
server_3,2026-07-05 23:00:00+00:00,37.5,57.15
server_3,2026-07-06 00:00:00+00:00,44.8,63.08
server_3,2026-07-06 01:00:00+00:00,40.98,61.23
server_3,2026-07-06 02:00:00+00:00,46.31,59.5
server_3,2026-07-06 03:00:00+00:00,36.69,55.02
server_3,2026-07-06 04:00:00+00:00,42.34,59.8
server_3,2026-07-06 05:00:00+00:00,45.57,63.77
server_3,2026-07-06 06:00:00+00:00,39.77,58.19
server_3,2026-07-06 07:00:00+00:00,41.6,60.54
server_3,2026-07-06 08:00:00+00:00,40.99,54.1
server_3,2026-07-06 09:00:00+00:00,40.29,59.92
server_3,2026-07-06 10:00:00+00:00,46.03,67.51
server_3,2026-07-06 11:00:00+00:00,45.19,65.94
server_3,2026-07-06 12:00:00+00:00,50.38,64.59
server_3,2026-07-06 13:00:00+00:00,53.14,66.87
server_3,2026-07-06 14:00:00+00:00,51.31,61.95
server_3,2026-07-06 15:00:00+00:00,48.16,70.65
server_3,2026-07-06 16:00:00+00:00,51.0,73.42
server_3,2026-07-06 17:00:00+00:00,47.25,64.5
server_3,2026-07-06 18:00:00+00:00,39.4,71.45
server_3,2026-07-06 19:00:00+00:00,38.76,58.15
server_3,2026-07-06 20:00:00+00:00,39.62,56.16
server_3,2026-07-06 21:00:00+00:00,43.36,59.64
server_3,2026-07-06 22:00:00+00:00,42.69,61.36
server_3,2026-07-06 23:00:00+00:00,43.98,71.94
server_3,2026-07-07 00:00:00+00:00,41.18,60.59
server_3,2026-07-07 01:00:00+00:00,39.69,57.75
server_3,2026-07-07 02:00:00+00:00,44.3,59.21
server_3,2026-07-07 03:00:00+00:00,40.62,66.08
server_3,2026-07-07 04:00:00+00:00,42.47,66.15
server_3,2026-07-07 05:00:00+00:00,38.13,58.7
server_3,2026-07-07 06:00:00+00:00,40.58,54.0
server_3,2026-07-07 07:00:00+00:00,44.52,58.37
server_3,2026-07-07 08:00:00+00:00,40.21,68.26
server_3,2026-07-07 09:00:00+00:00,44.04,65.47
server_3,2026-07-07 10:00:00+00:00,39.59,61.42
server_3,2026-07-07 11:00:00+00:00,47.03,71.24
server_3,2026-07-07 12:00:00+00:00,50.23,72.71
server_3,2026-07-07 13:00:00+00:00,56.2,66.83
server_3,2026-07-07 14:00:00+00:00,48.93,64.35
server_3,2026-07-07 15:00:00+00:00,52.34,63.29
server_3,2026-07-07 16:00:00+00:00,51.07,64.04
server_3,2026-07-07 17:00:00+00:00,43.62,56.62
server_3,2026-07-07 18:00:00+00:00,41.07,55.71
server_3,2026-07-07 19:00:00+00:00,42.35,55.23
server_3,2026-07-07 20:00:00+00:00,38.3,65.04
server_3,2026-07-07 21:00:00+00:00,40.86,55.36
server_3,2026-07-07 22:00:00+00:00,45.19,70.92
server_3,2026-07-07 23:00:00+00:00,43.31,59.54
server_3,2026-07-08 00:00:00+00:00,41.61,68.81
server_3,2026-07-08 01:00:00+00:00,42.28,60.64
server_3,2026-07-08 02:00:00+00:00,43.45,56.24
server_3,2026-07-08 03:00:00+00:00,43.93,67.81
server_3,2026-07-08 04:00:00+00:00,40.61,67.12
server_3,2026-07-08 05:00:00+00:00,45.84,59.72
server_3,2026-07-08 06:00:00+00:00,45.29,61.83
server_3,2026-07-08 07:00:00+00:00,43.69,58.97
server_3,2026-07-08 08:00:00+00:00,39.89,60.78
server_3,2026-07-08 09:00:00+00:00,39.45,61.54
server_3,2026-07-08 10:00:00+00:00,44.6,61.51
server_3,2026-07-08 11:00:00+00:00,48.58,57.03
server_3,2026-07-08 12:00:00+00:00,46.24,61.16
server_3,2026-07-08 13:00:00+00:00,53.08,68.69
server_3,2026-07-08 14:00:00+00:00,55.07,65.74
server_3,2026-07-08 15:00:00+00:00,52.1,64.23
server_3,2026-07-08 16:00:00+00:00,46.74,59.94
server_3,2026-07-08 17:00:00+00:00,43.43,60.06
server_3,2026-07-08 18:00:00+00:00,42.75,67.9
server_3,2026-07-08 19:00:00+00:00,41.62,57.31
server_3,2026-07-08 20:00:00+00:00,43.11,65.27
server_3,2026-07-08 21:00:00+00:00,43.5,62.71
server_3,2026-07-08 22:00:00+00:00,44.73,63.93
server_3,2026-07-08 23:00:00+00:00,39.17,58.08
server_3,2026-07-09 00:00:00+00:00,42.55,60.79
server_3,2026-07-09 01:00:00+00:00,41.09,61.66
server_3,2026-07-09 02:00:00+00:00,41.75,59.83
server_3,2026-07-09 03:00:00+00:00,44.16,64.08
server_3,2026-07-09 04:00:00+00:00,44.43,64.68
server_3,2026-07-09 05:00:00+00:00,45.5,71.91
server_3,2026-07-09 06:00:00+00:00,43.06,63.49
server_3,2026-07-09 07:00:00+00:00,41.72,54.25
server_3,2026-07-09 08:00:00+00:00,41.37,66.43
server_3,2026-07-09 09:00:00+00:00,37.66,59.67
server_3,2026-07-09 10:00:00+00:00,48.77,72.42
server_3,2026-07-09 11:00:00+00:00,47.62,69.85
server_3,2026-07-09 12:00:00+00:00,51.92,63.45
server_3,2026-07-09 13:00:00+00:00,53.55,68.93
server_3,2026-07-09 14:00:00+00:00,48.73,61.98
server_3,2026-07-09 15:00:00+00:00,48.35,64.23
server_3,2026-07-09 16:00:00+00:00,52.3,68.31
server_3,2026-07-09 17:00:00+00:00,46.15,67.9
server_3,2026-07-09 18:00:00+00:00,40.55,65.07
server_3,2026-07-09 19:00:00+00:00,41.68,62.19
server_3,2026-07-09 20:00:00+00:00,44.72,72.88
server_3,2026-07-09 21:00:00+00:00,44.34,61.36
server_3,2026-07-09 22:00:00+00:00,38.33,54.29
server_3,2026-07-09 23:00:00+00:00,46.09,57.77
server_3,2026-07-10 00:00:00+00:00,44.42,68.74
server_3,2026-07-10 01:00:00+00:00,41.62,61.56
server_3,2026-07-10 02:00:00+00:00,39.02,61.59
server_3,2026-07-10 03:00:00+00:00,44.64,60.75
server_3,2026-07-10 04:00:00+00:00,43.19,60.61
server_3,2026-07-10 05:00:00+00:00,38.36,57.58
server_3,2026-07-10 06:00:00+00:00,41.42,63.68
server_3,2026-07-10 07:00:00+00:00,49.82,64.35
server_3,2026-07-10 08:00:00+00:00,42.04,63.75
server_3,2026-07-10 09:00:00+00:00,40.15,62.71
server_3,2026-07-10 10:00:00+00:00,42.9,60.61
server_3,2026-07-10 11:00:00+00:00,52.86,59.97
server_3,2026-07-10 12:00:00+00:00,52.78,59.59
server_3,2026-07-10 13:00:00+00:00,55.37,78.78
server_3,2026-07-10 14:00:00+00:00,52.47,71.58
server_3,2026-07-10 15:00:00+00:00,53.8,71.49
server_3,2026-07-10 16:00:00+00:00,46.31,60.81
server_3,2026-07-10 17:00:00+00:00,45.83,63.38
server_3,2026-07-10 18:00:00+00:00,42.72,58.99
server_3,2026-07-10 19:00:00+00:00,45.46,57.96
server_3,2026-07-10 20:00:00+00:00,42.8,59.92
server_3,2026-07-10 21:00:00+00:00,40.44,66.76
server_3,2026-07-10 22:00:00+00:00,42.16,65.42
server_3,2026-07-10 23:00:00+00:00,37.81,56.65
server_3,2026-07-11 00:00:00+00:00,34.2,58.01
server_3,2026-07-11 01:00:00+00:00,42.08,65.02
server_3,2026-07-11 02:00:00+00:00,39.06,58.69
server_3,2026-07-11 03:00:00+00:00,39.35,61.39
server_3,2026-07-11 04:00:00+00:00,42.08,63.63
server_3,2026-07-11 05:00:00+00:00,43.49,64.09
server_3,2026-07-11 06:00:00+00:00,41.34,62.78
server_3,2026-07-11 07:00:00+00:00,44.82,60.37
server_3,2026-07-11 08:00:00+00:00,41.26,59.54
server_3,2026-07-11 09:00:00+00:00,40.76,57.03
server_3,2026-07-11 10:00:00+00:00,42.48,55.92
server_3,2026-07-11 11:00:00+00:00,40.32,60.95
server_3,2026-07-11 12:00:00+00:00,47.15,67.07
server_3,2026-07-11 13:00:00+00:00,39.3,55.53
server_3,2026-07-11 14:00:00+00:00,43.95,63.77
server_3,2026-07-11 15:00:00+00:00,44.82,66.13
server_3,2026-07-11 16:00:00+00:00,41.56,54.5
server_3,2026-07-11 17:00:00+00:00,40.75,60.48
server_3,2026-07-11 18:00:00+00:00,44.6,69.49
server_3,2026-07-11 19:00:00+00:00,42.76,64.47
server_3,2026-07-11 20:00:00+00:00,38.29,53.22
server_3,2026-07-11 21:00:00+00:00,38.83,63.52
server_3,2026-07-11 22:00:00+00:00,36.81,57.19
server_3,2026-07-11 23:00:00+00:00,41.76,64.68
server_3,2026-07-12 00:00:00+00:00,39.38,58.32
server_3,2026-07-12 01:00:00+00:00,35.08,59.37
server_3,2026-07-12 02:00:00+00:00,40.25,59.24
server_3,2026-07-12 03:00:00+00:00,41.1,61.7
server_3,2026-07-12 04:00:00+00:00,42.41,59.87
server_3,2026-07-12 05:00:00+00:00,39.82,60.34
server_3,2026-07-12 06:00:00+00:00,39.07,56.27
server_3,2026-07-12 07:00:00+00:00,44.97,65.0
server_3,2026-07-12 08:00:00+00:00,40.02,62.01
server_3,2026-07-12 09:00:00+00:00,41.8,55.46
server_3,2026-07-12 10:00:00+00:00,40.53,65.46
server_3,2026-07-12 11:00:00+00:00,45.26,62.44
server_3,2026-07-12 12:00:00+00:00,41.12,62.34
server_3,2026-07-12 13:00:00+00:00,44.26,65.85
server_3,2026-07-12 14:00:00+00:00,42.4,63.45
server_3,2026-07-12 15:00:00+00:00,43.25,67.1
server_3,2026-07-12 16:00:00+00:00,46.66,62.46
server_3,2026-07-12 17:00:00+00:00,40.35,65.56
server_3,2026-07-12 18:00:00+00:00,41.8,62.42
server_3,2026-07-12 19:00:00+00:00,43.79,64.66
server_3,2026-07-12 20:00:00+00:00,39.93,62.89
server_3,2026-07-12 21:00:00+00:00,42.48,67.13
server_3,2026-07-12 22:00:00+00:00,41.33,64.65
server_3,2026-07-12 23:00:00+00:00,40.29,59.63
server_3,2026-07-13 00:00:00+00:00,43.88,60.09
server_3,2026-07-13 01:00:00+00:00,46.6,63.41
server_3,2026-07-13 02:00:00+00:00,40.41,58.4
server_3,2026-07-13 03:00:00+00:00,39.6,56.95
server_3,2026-07-13 04:00:00+00:00,39.46,52.6
server_3,2026-07-13 05:00:00+00:00,44.49,56.67
server_3,2026-07-13 06:00:00+00:00,44.82,70.93
server_3,2026-07-13 07:00:00+00:00,40.66,58.9
server_3,2026-07-13 08:00:00+00:00,36.66,67.74
server_3,2026-07-13 09:00:00+00:00,40.31,63.02
server_3,2026-07-13 10:00:00+00:00,46.79,63.48
server_3,2026-07-13 11:00:00+00:00,48.26,58.19
server_3,2026-07-13 12:00:00+00:00,51.11,65.21
server_3,2026-07-13 13:00:00+00:00,50.54,72.56
server_3,2026-07-13 14:00:00+00:00,54.38,72.56
server_3,2026-07-13 15:00:00+00:00,51.52,66.43
server_3,2026-07-13 16:00:00+00:00,49.89,60.17
server_3,2026-07-13 17:00:00+00:00,45.82,59.51
server_3,2026-07-13 18:00:00+00:00,43.31,59.05
server_3,2026-07-13 19:00:00+00:00,43.15,67.51
server_3,2026-07-13 20:00:00+00:00,39.68,67.71
server_3,2026-07-13 21:00:00+00:00,42.93,63.11
server_3,2026-07-13 22:00:00+00:00,43.98,61.48
server_3,2026-07-13 23:00:00+00:00,44.89,69.21
server_3,2026-07-14 00:00:00+00:00,43.04,58.45
server_3,2026-07-14 01:00:00+00:00,39.59,61.36
server_3,2026-07-14 02:00:00+00:00,39.97,63.14
server_3,2026-07-14 03:00:00+00:00,40.91,58.17
server_3,2026-07-14 04:00:00+00:00,42.47,59.62
server_3,2026-07-14 05:00:00+00:00,41.69,59.04
server_3,2026-07-14 06:00:00+00:00,39.19,66.68
server_3,2026-07-14 07:00:00+00:00,39.18,68.67
server_3,2026-07-14 08:00:00+00:00,36.75,60.62
server_3,2026-07-14 09:00:00+00:00,34.2,58.2
server_3,2026-07-14 10:00:00+00:00,45.09,60.68
server_3,2026-07-14 11:00:00+00:00,54.23,66.29
server_3,2026-07-14 12:00:00+00:00,55.15,64.4
server_3,2026-07-14 13:00:00+00:00,49.4,64.2
server_3,2026-07-14 14:00:00+00:00,52.22,67.23
server_3,2026-07-14 15:00:00+00:00,47.0,62.13
server_3,2026-07-14 16:00:00+00:00,45.15,62.34
server_3,2026-07-14 17:00:00+00:00,42.43,61.41
server_3,2026-07-14 18:00:00+00:00,41.44,60.53
server_3,2026-07-14 19:00:00+00:00,41.54,60.07
server_3,2026-07-14 20:00:00+00:00,42.63,65.27
server_3,2026-07-14 21:00:00+00:00,43.66,55.5
server_3,2026-07-14 22:00:00+00:00,41.16,68.0
server_3,2026-07-14 23:00:00+00:00,42.09,62.57
server_3,2026-07-15 00:00:00+00:00,39.27,63.48
server_3,2026-07-15 01:00:00+00:00,38.64,63.72
server_3,2026-07-15 02:00:00+00:00,38.25,57.86
server_3,2026-07-15 03:00:00+00:00,43.62,58.91
server_3,2026-07-15 04:00:00+00:00,41.16,57.58
server_3,2026-07-15 05:00:00+00:00,37.32,59.37
server_3,2026-07-15 06:00:00+00:00,41.84,64.74
server_3,2026-07-15 07:00:00+00:00,38.88,58.57
server_3,2026-07-15 08:00:00+00:00,46.15,65.88
server_3,2026-07-15 09:00:00+00:00,40.55,52.02
server_3,2026-07-15 10:00:00+00:00,47.12,62.25
server_3,2026-07-15 11:00:00+00:00,51.15,69.87
server_3,2026-07-15 12:00:00+00:00,48.27,63.51
server_3,2026-07-15 13:00:00+00:00,52.04,62.2
server_3,2026-07-15 14:00:00+00:00,53.23,63.3
server_3,2026-07-15 15:00:00+00:00,50.95,53.02
server_3,2026-07-15 16:00:00+00:00,49.33,60.52
server_3,2026-07-15 17:00:00+00:00,42.1,66.26
server_3,2026-07-15 18:00:00+00:00,43.39,60.15
server_3,2026-07-15 19:00:00+00:00,40.78,59.72
server_3,2026-07-15 20:00:00+00:00,42.87,52.98
server_3,2026-07-15 21:00:00+00:00,44.3,56.28
server_3,2026-07-15 22:00:00+00:00,43.67,67.35
server_3,2026-07-15 23:00:00+00:00,42.87,64.77
server_3,2026-07-16 00:00:00+00:00,43.61,57.37
server_3,2026-07-16 01:00:00+00:00,43.72,60.08
server_3,2026-07-16 02:00:00+00:00,45.74,63.19
server_3,2026-07-16 03:00:00+00:00,41.91,57.19
server_3,2026-07-16 04:00:00+00:00,42.41,54.13
server_3,2026-07-16 05:00:00+00:00,44.33,62.18
server_3,2026-07-16 06:00:00+00:00,40.77,63.86
server_3,2026-07-16 07:00:00+00:00,38.66,63.2
server_3,2026-07-16 08:00:00+00:00,43.23,65.93
server_3,2026-07-16 09:00:00+00:00,41.48,55.61
server_3,2026-07-16 10:00:00+00:00,42.4,62.37
server_3,2026-07-16 11:00:00+00:00,49.68,63.61
server_3,2026-07-16 12:00:00+00:00,54.24,65.93
server_3,2026-07-16 13:00:00+00:00,47.77,63.17
server_3,2026-07-16 14:00:00+00:00,54.4,63.7
server_3,2026-07-16 15:00:00+00:00,44.32,50.74
server_3,2026-07-16 16:00:00+00:00,47.43,68.55
server_3,2026-07-16 17:00:00+00:00,50.02,66.13
server_3,2026-07-16 18:00:00+00:00,41.18,55.78
server_3,2026-07-16 19:00:00+00:00,42.22,63.97
server_3,2026-07-16 20:00:00+00:00,43.91,60.88
server_3,2026-07-16 21:00:00+00:00,37.71,58.82
server_3,2026-07-16 22:00:00+00:00,42.18,58.99
server_3,2026-07-16 23:00:00+00:00,42.16,64.2
server_3,2026-07-17 00:00:00+00:00,46.66,60.43
server_3,2026-07-17 01:00:00+00:00,38.91,56.53
server_3,2026-07-17 02:00:00+00:00,41.05,66.19
server_3,2026-07-17 03:00:00+00:00,39.68,60.47
server_3,2026-07-17 04:00:00+00:00,39.41,60.5
server_3,2026-07-17 05:00:00+00:00,44.82,65.76
server_3,2026-07-17 06:00:00+00:00,42.07,59.35
server_3,2026-07-17 07:00:00+00:00,40.61,59.64
server_3,2026-07-17 08:00:00+00:00,40.71,62.77
server_3,2026-07-17 09:00:00+00:00,40.59,55.34
server_3,2026-07-17 10:00:00+00:00,44.24,63.67
server_3,2026-07-17 11:00:00+00:00,45.27,60.12
server_3,2026-07-17 12:00:00+00:00,50.01,68.23
server_3,2026-07-17 13:00:00+00:00,50.95,67.32
server_3,2026-07-17 14:00:00+00:00,49.95,66.44
server_3,2026-07-17 15:00:00+00:00,51.05,58.74
server_3,2026-07-17 16:00:00+00:00,49.03,64.05
server_3,2026-07-17 17:00:00+00:00,44.03,58.0
server_3,2026-07-17 18:00:00+00:00,41.64,61.73
server_3,2026-07-17 19:00:00+00:00,47.4,54.63
server_3,2026-07-17 20:00:00+00:00,47.3,57.69
server_3,2026-07-17 21:00:00+00:00,39.36,65.83
server_3,2026-07-17 22:00:00+00:00,39.71,62.68
server_3,2026-07-17 23:00:00+00:00,39.35,59.66
server_4,2026-04-19 00:00:00+00:00,53.73,76.35
server_4,2026-04-19 01:00:00+00:00,53.29,75.93
server_4,2026-04-19 02:00:00+00:00,56.5,74.93
server_4,2026-04-19 03:00:00+00:00,55.14,79.94
server_4,2026-04-19 04:00:00+00:00,59.87,80.1
server_4,2026-04-19 05:00:00+00:00,55.54,77.71
server_4,2026-04-19 06:00:00+00:00,56.15,78.78
server_4,2026-04-19 07:00:00+00:00,52.53,78.55
server_4,2026-04-19 08:00:00+00:00,55.1,79.41
server_4,2026-04-19 09:00:00+00:00,56.44,74.1
server_4,2026-04-19 10:00:00+00:00,56.95,81.22
server_4,2026-04-19 11:00:00+00:00,58.32,79.13
server_4,2026-04-19 12:00:00+00:00,61.58,77.51
server_4,2026-04-19 13:00:00+00:00,65.2,81.46
server_4,2026-04-19 14:00:00+00:00,61.78,80.7
server_4,2026-04-19 15:00:00+00:00,63.62,84.3
server_4,2026-04-19 16:00:00+00:00,61.09,74.9
server_4,2026-04-19 17:00:00+00:00,60.59,84.21
server_4,2026-04-19 18:00:00+00:00,54.48,76.86
server_4,2026-04-19 19:00:00+00:00,55.48,75.09
server_4,2026-04-19 20:00:00+00:00,55.49,74.98
server_4,2026-04-19 21:00:00+00:00,57.37,73.77
server_4,2026-04-19 22:00:00+00:00,57.98,71.03
server_4,2026-04-19 23:00:00+00:00,56.31,80.12
server_4,2026-04-20 00:00:00+00:00,60.19,86.69
server_4,2026-04-20 01:00:00+00:00,56.59,71.04
server_4,2026-04-20 02:00:00+00:00,60.21,74.97
server_4,2026-04-20 03:00:00+00:00,60.54,81.9
server_4,2026-04-20 04:00:00+00:00,59.69,78.41
server_4,2026-04-20 05:00:00+00:00,58.34,81.46
server_4,2026-04-20 06:00:00+00:00,59.78,78.22
server_4,2026-04-20 07:00:00+00:00,55.76,74.9
server_4,2026-04-20 08:00:00+00:00,58.5,77.27
server_4,2026-04-20 09:00:00+00:00,58.75,68.73
server_4,2026-04-20 10:00:00+00:00,58.1,73.46
server_4,2026-04-20 11:00:00+00:00,65.61,84.46
server_4,2026-04-20 12:00:00+00:00,63.54,84.71
server_4,2026-04-20 13:00:00+00:00,66.78,86.7
server_4,2026-04-20 14:00:00+00:00,67.95,83.25
server_4,2026-04-20 15:00:00+00:00,64.83,71.37
server_4,2026-04-20 16:00:00+00:00,64.63,77.78
server_4,2026-04-20 17:00:00+00:00,61.59,84.55
server_4,2026-04-20 18:00:00+00:00,55.95,83.77
server_4,2026-04-20 19:00:00+00:00,59.42,83.95
server_4,2026-04-20 20:00:00+00:00,56.09,76.39
server_4,2026-04-20 21:00:00+00:00,63.72,74.78
server_4,2026-04-20 22:00:00+00:00,57.73,77.74
server_4,2026-04-20 23:00:00+00:00,55.07,77.03
server_4,2026-04-21 00:00:00+00:00,55.54,83.4
server_4,2026-04-21 01:00:00+00:00,60.87,79.92
server_4,2026-04-21 02:00:00+00:00,56.98,77.71
server_4,2026-04-21 03:00:00+00:00,54.59,77.1
server_4,2026-04-21 04:00:00+00:00,60.13,80.35
server_4,2026-04-21 05:00:00+00:00,56.96,80.14
server_4,2026-04-21 06:00:00+00:00,59.63,75.67
server_4,2026-04-21 07:00:00+00:00,60.34,74.59
server_4,2026-04-21 08:00:00+00:00,58.69,83.72
server_4,2026-04-21 09:00:00+00:00,63.99,73.53
server_4,2026-04-21 10:00:00+00:00,57.11,84.24
server_4,2026-04-21 11:00:00+00:00,62.38,71.89
server_4,2026-04-21 12:00:00+00:00,66.02,78.47
server_4,2026-04-21 13:00:00+00:00,73.5,87.31
server_4,2026-04-21 14:00:00+00:00,72.34,83.02
server_4,2026-04-21 15:00:00+00:00,69.88,76.89
server_4,2026-04-21 16:00:00+00:00,62.44,81.26
server_4,2026-04-21 17:00:00+00:00,59.73,78.87
server_4,2026-04-21 18:00:00+00:00,55.93,76.41
server_4,2026-04-21 19:00:00+00:00,56.04,74.82
server_4,2026-04-21 20:00:00+00:00,61.73,79.17
server_4,2026-04-21 21:00:00+00:00,57.39,75.46
server_4,2026-04-21 22:00:00+00:00,57.72,87.64
server_4,2026-04-21 23:00:00+00:00,59.94,77.72
server_4,2026-04-22 00:00:00+00:00,53.84,75.05
server_4,2026-04-22 01:00:00+00:00,58.13,75.88
server_4,2026-04-22 02:00:00+00:00,55.26,84.15
server_4,2026-04-22 03:00:00+00:00,57.26,71.19
server_4,2026-04-22 04:00:00+00:00,56.53,78.92
server_4,2026-04-22 05:00:00+00:00,56.41,76.48
server_4,2026-04-22 06:00:00+00:00,58.56,72.5
server_4,2026-04-22 07:00:00+00:00,58.55,74.92
server_4,2026-04-22 08:00:00+00:00,57.45,79.08
server_4,2026-04-22 09:00:00+00:00,58.93,74.87
server_4,2026-04-22 10:00:00+00:00,59.25,79.48
server_4,2026-04-22 11:00:00+00:00,66.13,87.76
server_4,2026-04-22 12:00:00+00:00,66.14,81.53
server_4,2026-04-22 13:00:00+00:00,66.64,75.21
server_4,2026-04-22 14:00:00+00:00,65.86,77.36
server_4,2026-04-22 15:00:00+00:00,66.06,79.68
server_4,2026-04-22 16:00:00+00:00,69.1,80.48
server_4,2026-04-22 17:00:00+00:00,61.26,79.75
server_4,2026-04-22 18:00:00+00:00,55.14,78.25
server_4,2026-04-22 19:00:00+00:00,60.3,85.73
server_4,2026-04-22 20:00:00+00:00,56.82,77.57
server_4,2026-04-22 21:00:00+00:00,58.71,73.64
server_4,2026-04-22 22:00:00+00:00,56.49,82.09
server_4,2026-04-22 23:00:00+00:00,61.2,84.17
server_4,2026-04-23 00:00:00+00:00,56.52,78.41
server_4,2026-04-23 01:00:00+00:00,61.49,78.24
server_4,2026-04-23 02:00:00+00:00,55.38,79.57
server_4,2026-04-23 03:00:00+00:00,57.27,76.9
server_4,2026-04-23 04:00:00+00:00,61.5,71.0
server_4,2026-04-23 05:00:00+00:00,58.42,80.4
server_4,2026-04-23 06:00:00+00:00,63.68,83.56
server_4,2026-04-23 07:00:00+00:00,57.33,83.53
server_4,2026-04-23 08:00:00+00:00,58.64,75.3
server_4,2026-04-23 09:00:00+00:00,62.76,80.57
server_4,2026-04-23 10:00:00+00:00,57.64,78.86
server_4,2026-04-23 11:00:00+00:00,60.33,79.16
server_4,2026-04-23 12:00:00+00:00,64.67,80.79
server_4,2026-04-23 13:00:00+00:00,69.88,82.31
server_4,2026-04-23 14:00:00+00:00,63.82,80.89
server_4,2026-04-23 15:00:00+00:00,68.15,84.52
server_4,2026-04-23 16:00:00+00:00,65.74,85.59
server_4,2026-04-23 17:00:00+00:00,66.46,77.93
server_4,2026-04-23 18:00:00+00:00,60.61,78.23
server_4,2026-04-23 19:00:00+00:00,58.91,76.63
server_4,2026-04-23 20:00:00+00:00,61.4,76.93
server_4,2026-04-23 21:00:00+00:00,59.35,72.01
server_4,2026-04-23 22:00:00+00:00,56.85,77.69
server_4,2026-04-23 23:00:00+00:00,55.14,78.92
server_4,2026-04-24 00:00:00+00:00,56.58,76.88
server_4,2026-04-24 01:00:00+00:00,57.9,77.93
server_4,2026-04-24 02:00:00+00:00,58.44,79.83
server_4,2026-04-24 03:00:00+00:00,52.66,81.78
server_4,2026-04-24 04:00:00+00:00,57.45,76.13
server_4,2026-04-24 05:00:00+00:00,58.07,73.34
server_4,2026-04-24 06:00:00+00:00,59.37,78.12
server_4,2026-04-24 07:00:00+00:00,62.07,86.96
server_4,2026-04-24 08:00:00+00:00,58.46,73.52
server_4,2026-04-24 09:00:00+00:00,55.73,79.8
server_4,2026-04-24 10:00:00+00:00,56.88,82.24
server_4,2026-04-24 11:00:00+00:00,66.15,71.39
server_4,2026-04-24 12:00:00+00:00,64.49,81.91
server_4,2026-04-24 13:00:00+00:00,70.02,84.62
server_4,2026-04-24 14:00:00+00:00,71.34,81.6
server_4,2026-04-24 15:00:00+00:00,62.8,77.09
server_4,2026-04-24 16:00:00+00:00,65.81,78.37
server_4,2026-04-24 17:00:00+00:00,64.65,79.01
server_4,2026-04-24 18:00:00+00:00,60.55,77.68
server_4,2026-04-24 19:00:00+00:00,52.76,74.2
server_4,2026-04-24 20:00:00+00:00,55.87,75.88
server_4,2026-04-24 21:00:00+00:00,54.8,81.64
server_4,2026-04-24 22:00:00+00:00,59.31,73.6
server_4,2026-04-24 23:00:00+00:00,59.03,71.37
server_4,2026-04-25 00:00:00+00:00,49.26,79.77
server_4,2026-04-25 01:00:00+00:00,55.25,76.27
server_4,2026-04-25 02:00:00+00:00,58.0,76.45
server_4,2026-04-25 03:00:00+00:00,56.37,76.98
server_4,2026-04-25 04:00:00+00:00,56.37,78.27
server_4,2026-04-25 05:00:00+00:00,55.09,74.88
server_4,2026-04-25 06:00:00+00:00,53.35,78.4
server_4,2026-04-25 07:00:00+00:00,55.96,73.44
server_4,2026-04-25 08:00:00+00:00,56.13,76.14
server_4,2026-04-25 09:00:00+00:00,57.54,68.98
server_4,2026-04-25 10:00:00+00:00,59.62,83.26
server_4,2026-04-25 11:00:00+00:00,59.75,77.91
server_4,2026-04-25 12:00:00+00:00,63.5,82.61
server_4,2026-04-25 13:00:00+00:00,60.48,80.77
server_4,2026-04-25 14:00:00+00:00,57.81,80.13
server_4,2026-04-25 15:00:00+00:00,61.96,79.35
server_4,2026-04-25 16:00:00+00:00,59.85,80.2
server_4,2026-04-25 17:00:00+00:00,59.12,74.55
server_4,2026-04-25 18:00:00+00:00,52.84,71.51
server_4,2026-04-25 19:00:00+00:00,60.48,78.46
server_4,2026-04-25 20:00:00+00:00,57.78,75.2
server_4,2026-04-25 21:00:00+00:00,55.28,82.75
server_4,2026-04-25 22:00:00+00:00,53.66,77.98
server_4,2026-04-25 23:00:00+00:00,58.69,75.38
server_4,2026-04-26 00:00:00+00:00,53.25,75.25
server_4,2026-04-26 01:00:00+00:00,61.65,79.81
server_4,2026-04-26 02:00:00+00:00,54.47,76.49
server_4,2026-04-26 03:00:00+00:00,60.3,79.89
server_4,2026-04-26 04:00:00+00:00,55.54,77.41
server_4,2026-04-26 05:00:00+00:00,59.95,73.12
server_4,2026-04-26 06:00:00+00:00,54.16,68.05
server_4,2026-04-26 07:00:00+00:00,56.05,75.82
server_4,2026-04-26 08:00:00+00:00,58.01,80.25
server_4,2026-04-26 09:00:00+00:00,57.66,76.43
server_4,2026-04-26 10:00:00+00:00,60.63,83.87
server_4,2026-04-26 11:00:00+00:00,58.32,77.92
server_4,2026-04-26 12:00:00+00:00,60.98,84.47
server_4,2026-04-26 13:00:00+00:00,64.54,84.9
server_4,2026-04-26 14:00:00+00:00,59.65,82.78
server_4,2026-04-26 15:00:00+00:00,62.19,74.65
server_4,2026-04-26 16:00:00+00:00,58.99,78.41
server_4,2026-04-26 17:00:00+00:00,58.4,83.03
server_4,2026-04-26 18:00:00+00:00,56.21,78.46
server_4,2026-04-26 19:00:00+00:00,54.03,78.83
server_4,2026-04-26 20:00:00+00:00,55.35,71.52
server_4,2026-04-26 21:00:00+00:00,56.36,85.1
server_4,2026-04-26 22:00:00+00:00,55.74,74.04
server_4,2026-04-26 23:00:00+00:00,59.93,70.7
server_4,2026-04-27 00:00:00+00:00,60.52,77.48
server_4,2026-04-27 01:00:00+00:00,58.72,68.46
server_4,2026-04-27 02:00:00+00:00,56.09,72.99
server_4,2026-04-27 03:00:00+00:00,55.94,87.51
server_4,2026-04-27 04:00:00+00:00,62.93,78.21
server_4,2026-04-27 05:00:00+00:00,55.48,71.41
server_4,2026-04-27 06:00:00+00:00,58.28,78.2
server_4,2026-04-27 07:00:00+00:00,58.9,74.72
server_4,2026-04-27 08:00:00+00:00,57.22,81.19
server_4,2026-04-27 09:00:00+00:00,55.49,73.56
server_4,2026-04-27 10:00:00+00:00,59.46,79.59
server_4,2026-04-27 11:00:00+00:00,63.06,75.18
server_4,2026-04-27 12:00:00+00:00,64.89,90.81
server_4,2026-04-27 13:00:00+00:00,71.17,84.62
server_4,2026-04-27 14:00:00+00:00,67.83,80.86
server_4,2026-04-27 15:00:00+00:00,65.35,79.4
server_4,2026-04-27 16:00:00+00:00,64.7,78.13
server_4,2026-04-27 17:00:00+00:00,63.09,76.74
server_4,2026-04-27 18:00:00+00:00,57.14,74.54
server_4,2026-04-27 19:00:00+00:00,60.25,85.5
server_4,2026-04-27 20:00:00+00:00,54.82,74.68
server_4,2026-04-27 21:00:00+00:00,60.93,70.51
server_4,2026-04-27 22:00:00+00:00,57.98,73.33
server_4,2026-04-27 23:00:00+00:00,57.88,81.67
server_4,2026-04-28 00:00:00+00:00,56.27,76.38
server_4,2026-04-28 01:00:00+00:00,54.93,76.39
server_4,2026-04-28 02:00:00+00:00,53.83,81.22
server_4,2026-04-28 03:00:00+00:00,56.09,74.22
server_4,2026-04-28 04:00:00+00:00,59.47,81.04
server_4,2026-04-28 05:00:00+00:00,55.6,74.49
server_4,2026-04-28 06:00:00+00:00,54.13,78.95
server_4,2026-04-28 07:00:00+00:00,55.73,75.64
server_4,2026-04-28 08:00:00+00:00,57.04,76.7
server_4,2026-04-28 09:00:00+00:00,57.14,80.98
server_4,2026-04-28 10:00:00+00:00,61.1,82.08
server_4,2026-04-28 11:00:00+00:00,67.01,80.49
server_4,2026-04-28 12:00:00+00:00,69.78,80.24
server_4,2026-04-28 13:00:00+00:00,72.86,89.6
server_4,2026-04-28 14:00:00+00:00,63.79,82.38
server_4,2026-04-28 15:00:00+00:00,64.52,78.72
server_4,2026-04-28 16:00:00+00:00,66.17,78.25
server_4,2026-04-28 17:00:00+00:00,60.29,82.9
server_4,2026-04-28 18:00:00+00:00,60.15,79.21
server_4,2026-04-28 19:00:00+00:00,58.52,77.53
server_4,2026-04-28 20:00:00+00:00,61.95,79.84
server_4,2026-04-28 21:00:00+00:00,60.61,80.26
server_4,2026-04-28 22:00:00+00:00,60.65,78.7
server_4,2026-04-28 23:00:00+00:00,56.97,82.45
server_4,2026-04-29 00:00:00+00:00,57.76,82.95
server_4,2026-04-29 01:00:00+00:00,57.24,79.86
server_4,2026-04-29 02:00:00+00:00,54.24,82.18
server_4,2026-04-29 03:00:00+00:00,61.68,79.32
server_4,2026-04-29 04:00:00+00:00,59.86,81.41
server_4,2026-04-29 05:00:00+00:00,57.14,81.72
server_4,2026-04-29 06:00:00+00:00,61.26,83.22
server_4,2026-04-29 07:00:00+00:00,56.42,81.11
server_4,2026-04-29 08:00:00+00:00,53.4,78.92
server_4,2026-04-29 09:00:00+00:00,60.52,86.71
server_4,2026-04-29 10:00:00+00:00,58.22,75.92
server_4,2026-04-29 11:00:00+00:00,63.94,79.46
server_4,2026-04-29 12:00:00+00:00,67.18,80.35
server_4,2026-04-29 13:00:00+00:00,68.81,80.31
server_4,2026-04-29 14:00:00+00:00,69.97,74.23
server_4,2026-04-29 15:00:00+00:00,68.11,87.04
server_4,2026-04-29 16:00:00+00:00,65.8,76.63
server_4,2026-04-29 17:00:00+00:00,59.44,79.18
server_4,2026-04-29 18:00:00+00:00,58.74,72.57
server_4,2026-04-29 19:00:00+00:00,54.24,79.17
server_4,2026-04-29 20:00:00+00:00,61.91,76.23
server_4,2026-04-29 21:00:00+00:00,54.49,72.23
server_4,2026-04-29 22:00:00+00:00,57.13,78.47
server_4,2026-04-29 23:00:00+00:00,54.7,74.04
server_4,2026-04-30 00:00:00+00:00,56.17,75.06
server_4,2026-04-30 01:00:00+00:00,58.03,78.7
server_4,2026-04-30 02:00:00+00:00,56.68,80.74
server_4,2026-04-30 03:00:00+00:00,60.86,75.73
server_4,2026-04-30 04:00:00+00:00,58.57,74.23
server_4,2026-04-30 05:00:00+00:00,56.84,77.69
server_4,2026-04-30 06:00:00+00:00,57.67,80.04
server_4,2026-04-30 07:00:00+00:00,61.05,84.92
server_4,2026-04-30 08:00:00+00:00,60.27,74.51
server_4,2026-04-30 09:00:00+00:00,55.15,75.73
server_4,2026-04-30 10:00:00+00:00,59.72,83.3
server_4,2026-04-30 11:00:00+00:00,65.61,88.56
server_4,2026-04-30 12:00:00+00:00,67.54,77.37
server_4,2026-04-30 13:00:00+00:00,65.22,77.57
server_4,2026-04-30 14:00:00+00:00,69.72,83.63
server_4,2026-04-30 15:00:00+00:00,64.43,77.94
server_4,2026-04-30 16:00:00+00:00,67.69,78.35
server_4,2026-04-30 17:00:00+00:00,62.74,80.64
server_4,2026-04-30 18:00:00+00:00,55.17,83.21
server_4,2026-04-30 19:00:00+00:00,56.68,72.3
server_4,2026-04-30 20:00:00+00:00,56.63,83.52
server_4,2026-04-30 21:00:00+00:00,58.4,75.84
server_4,2026-04-30 22:00:00+00:00,57.49,79.2
server_4,2026-04-30 23:00:00+00:00,55.14,83.36
server_4,2026-05-01 00:00:00+00:00,54.51,78.08
server_4,2026-05-01 01:00:00+00:00,59.37,77.29
server_4,2026-05-01 02:00:00+00:00,58.72,81.12
server_4,2026-05-01 03:00:00+00:00,58.26,77.4
server_4,2026-05-01 04:00:00+00:00,58.68,80.32
server_4,2026-05-01 05:00:00+00:00,56.45,76.64
server_4,2026-05-01 06:00:00+00:00,58.46,81.61
server_4,2026-05-01 07:00:00+00:00,64.35,74.64
server_4,2026-05-01 08:00:00+00:00,60.94,74.97
server_4,2026-05-01 09:00:00+00:00,57.28,72.11
server_4,2026-05-01 10:00:00+00:00,60.11,78.51
server_4,2026-05-01 11:00:00+00:00,57.28,71.63
server_4,2026-05-01 12:00:00+00:00,69.33,79.2
server_4,2026-05-01 13:00:00+00:00,69.81,77.71
server_4,2026-05-01 14:00:00+00:00,66.49,86.89
server_4,2026-05-01 15:00:00+00:00,63.08,75.82
server_4,2026-05-01 16:00:00+00:00,61.54,74.09
server_4,2026-05-01 17:00:00+00:00,62.53,80.58
server_4,2026-05-01 18:00:00+00:00,57.78,84.67
server_4,2026-05-01 19:00:00+00:00,59.73,78.14
server_4,2026-05-01 20:00:00+00:00,58.22,77.92
server_4,2026-05-01 21:00:00+00:00,60.42,84.01
server_4,2026-05-01 22:00:00+00:00,58.92,81.84
server_4,2026-05-01 23:00:00+00:00,60.07,80.43
server_4,2026-05-02 00:00:00+00:00,50.78,73.14
server_4,2026-05-02 01:00:00+00:00,52.91,78.04
server_4,2026-05-02 02:00:00+00:00,55.09,71.54
server_4,2026-05-02 03:00:00+00:00,58.7,75.75
server_4,2026-05-02 04:00:00+00:00,60.7,84.67
server_4,2026-05-02 05:00:00+00:00,55.59,82.36
server_4,2026-05-02 06:00:00+00:00,54.47,78.51
server_4,2026-05-02 07:00:00+00:00,51.11,67.87
server_4,2026-05-02 08:00:00+00:00,58.16,73.22
server_4,2026-05-02 09:00:00+00:00,54.62,74.1
server_4,2026-05-02 10:00:00+00:00,65.28,79.86
server_4,2026-05-02 11:00:00+00:00,57.69,72.89
server_4,2026-05-02 12:00:00+00:00,66.03,79.82
server_4,2026-05-02 13:00:00+00:00,63.29,86.92
server_4,2026-05-02 14:00:00+00:00,58.85,79.9
server_4,2026-05-02 15:00:00+00:00,61.34,80.05
server_4,2026-05-02 16:00:00+00:00,61.46,75.14
server_4,2026-05-02 17:00:00+00:00,57.32,71.21
server_4,2026-05-02 18:00:00+00:00,58.09,73.12
server_4,2026-05-02 19:00:00+00:00,58.04,71.3
server_4,2026-05-02 20:00:00+00:00,57.49,78.12
server_4,2026-05-02 21:00:00+00:00,55.96,78.82
server_4,2026-05-02 22:00:00+00:00,53.06,72.41
server_4,2026-05-02 23:00:00+00:00,55.81,77.82
server_4,2026-05-03 00:00:00+00:00,56.44,83.33
server_4,2026-05-03 01:00:00+00:00,51.31,83.49
server_4,2026-05-03 02:00:00+00:00,56.42,80.53
server_4,2026-05-03 03:00:00+00:00,55.76,76.52
server_4,2026-05-03 04:00:00+00:00,52.76,79.12
server_4,2026-05-03 05:00:00+00:00,55.17,82.42
server_4,2026-05-03 06:00:00+00:00,55.22,69.0
server_4,2026-05-03 07:00:00+00:00,60.83,84.92
server_4,2026-05-03 08:00:00+00:00,56.55,75.31
server_4,2026-05-03 09:00:00+00:00,58.59,76.07
server_4,2026-05-03 10:00:00+00:00,57.59,76.44
server_4,2026-05-03 11:00:00+00:00,54.85,78.18
server_4,2026-05-03 12:00:00+00:00,62.44,75.11
server_4,2026-05-03 13:00:00+00:00,59.77,77.48
server_4,2026-05-03 14:00:00+00:00,60.58,81.0
server_4,2026-05-03 15:00:00+00:00,58.13,78.92
server_4,2026-05-03 16:00:00+00:00,59.72,80.12
server_4,2026-05-03 17:00:00+00:00,60.54,77.59
server_4,2026-05-03 18:00:00+00:00,58.33,80.89
server_4,2026-05-03 19:00:00+00:00,59.97,82.91
server_4,2026-05-03 20:00:00+00:00,60.32,82.8
server_4,2026-05-03 21:00:00+00:00,50.89,77.22
server_4,2026-05-03 22:00:00+00:00,53.02,80.01
server_4,2026-05-03 23:00:00+00:00,51.48,79.2
server_4,2026-05-04 00:00:00+00:00,59.58,89.26
server_4,2026-05-04 01:00:00+00:00,56.27,82.27
server_4,2026-05-04 02:00:00+00:00,56.78,77.22
server_4,2026-05-04 03:00:00+00:00,57.46,74.16
server_4,2026-05-04 04:00:00+00:00,58.96,77.29
server_4,2026-05-04 05:00:00+00:00,54.29,75.37
server_4,2026-05-04 06:00:00+00:00,54.85,78.94
server_4,2026-05-04 07:00:00+00:00,58.0,75.2
server_4,2026-05-04 08:00:00+00:00,61.0,83.82
server_4,2026-05-04 09:00:00+00:00,57.94,72.42
server_4,2026-05-04 10:00:00+00:00,59.44,71.97
server_4,2026-05-04 11:00:00+00:00,59.06,77.83
server_4,2026-05-04 12:00:00+00:00,69.04,78.49
server_4,2026-05-04 13:00:00+00:00,66.01,75.77
server_4,2026-05-04 14:00:00+00:00,64.98,77.89
server_4,2026-05-04 15:00:00+00:00,62.37,76.48
server_4,2026-05-04 16:00:00+00:00,60.83,79.03
server_4,2026-05-04 17:00:00+00:00,59.02,75.87
server_4,2026-05-04 18:00:00+00:00,57.4,75.63
server_4,2026-05-04 19:00:00+00:00,54.98,76.92
server_4,2026-05-04 20:00:00+00:00,58.46,82.22
server_4,2026-05-04 21:00:00+00:00,57.38,83.67
server_4,2026-05-04 22:00:00+00:00,63.55,80.54
server_4,2026-05-04 23:00:00+00:00,53.74,77.41
server_4,2026-05-05 00:00:00+00:00,58.4,77.41
server_4,2026-05-05 01:00:00+00:00,58.44,80.08
server_4,2026-05-05 02:00:00+00:00,55.42,78.66
server_4,2026-05-05 03:00:00+00:00,58.24,83.39
server_4,2026-05-05 04:00:00+00:00,59.92,71.12
server_4,2026-05-05 05:00:00+00:00,58.24,77.15
server_4,2026-05-05 06:00:00+00:00,61.46,80.57
server_4,2026-05-05 07:00:00+00:00,52.56,75.99
server_4,2026-05-05 08:00:00+00:00,55.89,73.51
server_4,2026-05-05 09:00:00+00:00,61.69,74.09
server_4,2026-05-05 10:00:00+00:00,63.7,83.22
server_4,2026-05-05 11:00:00+00:00,65.78,77.7
server_4,2026-05-05 12:00:00+00:00,69.74,75.09
server_4,2026-05-05 13:00:00+00:00,63.06,83.2
server_4,2026-05-05 14:00:00+00:00,69.84,83.98
server_4,2026-05-05 15:00:00+00:00,69.32,81.5
server_4,2026-05-05 16:00:00+00:00,62.78,76.02
server_4,2026-05-05 17:00:00+00:00,67.99,81.04
server_4,2026-05-05 18:00:00+00:00,58.49,83.03
server_4,2026-05-05 19:00:00+00:00,52.52,69.62
server_4,2026-05-05 20:00:00+00:00,58.95,72.08
server_4,2026-05-05 21:00:00+00:00,56.2,74.86
server_4,2026-05-05 22:00:00+00:00,60.91,78.91
server_4,2026-05-05 23:00:00+00:00,59.37,76.49
server_4,2026-05-06 00:00:00+00:00,56.51,80.05
server_4,2026-05-06 01:00:00+00:00,61.76,83.67
server_4,2026-05-06 02:00:00+00:00,60.35,79.94
server_4,2026-05-06 03:00:00+00:00,55.93,79.52
server_4,2026-05-06 04:00:00+00:00,57.62,78.96
server_4,2026-05-06 05:00:00+00:00,59.29,78.49
server_4,2026-05-06 06:00:00+00:00,57.09,72.51
server_4,2026-05-06 07:00:00+00:00,57.16,73.6
server_4,2026-05-06 08:00:00+00:00,58.09,72.63
server_4,2026-05-06 09:00:00+00:00,55.34,76.47
server_4,2026-05-06 10:00:00+00:00,55.84,78.17
server_4,2026-05-06 11:00:00+00:00,65.03,74.66
server_4,2026-05-06 12:00:00+00:00,61.69,79.58
server_4,2026-05-06 13:00:00+00:00,65.37,77.08
server_4,2026-05-06 14:00:00+00:00,63.42,75.62
server_4,2026-05-06 15:00:00+00:00,62.54,77.09
server_4,2026-05-06 16:00:00+00:00,65.49,76.14
server_4,2026-05-06 17:00:00+00:00,60.86,81.43
server_4,2026-05-06 18:00:00+00:00,57.35,77.1
server_4,2026-05-06 19:00:00+00:00,54.71,80.11
server_4,2026-05-06 20:00:00+00:00,56.36,75.65
server_4,2026-05-06 21:00:00+00:00,58.94,76.71
server_4,2026-05-06 22:00:00+00:00,57.87,85.45
server_4,2026-05-06 23:00:00+00:00,60.06,72.23
server_4,2026-05-07 00:00:00+00:00,60.41,83.98
server_4,2026-05-07 01:00:00+00:00,57.37,84.4
server_4,2026-05-07 02:00:00+00:00,53.37,79.44
server_4,2026-05-07 03:00:00+00:00,56.11,76.02
server_4,2026-05-07 04:00:00+00:00,57.76,83.62
server_4,2026-05-07 05:00:00+00:00,56.06,76.03
server_4,2026-05-07 06:00:00+00:00,55.36,74.25
server_4,2026-05-07 07:00:00+00:00,58.17,76.51
server_4,2026-05-07 08:00:00+00:00,64.08,77.85
server_4,2026-05-07 09:00:00+00:00,56.78,73.79
server_4,2026-05-07 10:00:00+00:00,61.41,83.63
server_4,2026-05-07 11:00:00+00:00,61.15,76.01
server_4,2026-05-07 12:00:00+00:00,69.77,82.0
server_4,2026-05-07 13:00:00+00:00,70.03,76.44
server_4,2026-05-07 14:00:00+00:00,69.86,82.28
server_4,2026-05-07 15:00:00+00:00,70.06,77.6
server_4,2026-05-07 16:00:00+00:00,63.36,75.15
server_4,2026-05-07 17:00:00+00:00,60.66,78.5
server_4,2026-05-07 18:00:00+00:00,62.27,83.72
server_4,2026-05-07 19:00:00+00:00,59.58,80.32
server_4,2026-05-07 20:00:00+00:00,52.45,78.09
server_4,2026-05-07 21:00:00+00:00,59.14,77.88
server_4,2026-05-07 22:00:00+00:00,56.55,76.15
server_4,2026-05-07 23:00:00+00:00,60.25,81.95
server_4,2026-05-08 00:00:00+00:00,59.02,76.1
server_4,2026-05-08 01:00:00+00:00,53.65,79.81
server_4,2026-05-08 02:00:00+00:00,58.67,83.18
server_4,2026-05-08 03:00:00+00:00,58.53,74.82
server_4,2026-05-08 04:00:00+00:00,58.91,75.54
server_4,2026-05-08 05:00:00+00:00,59.44,76.32
server_4,2026-05-08 06:00:00+00:00,61.74,73.44
server_4,2026-05-08 07:00:00+00:00,59.03,76.48
server_4,2026-05-08 08:00:00+00:00,58.06,83.23
server_4,2026-05-08 09:00:00+00:00,60.87,74.82
server_4,2026-05-08 10:00:00+00:00,67.03,86.46
server_4,2026-05-08 11:00:00+00:00,66.72,79.32
server_4,2026-05-08 12:00:00+00:00,67.18,89.67
server_4,2026-05-08 13:00:00+00:00,68.93,79.1
server_4,2026-05-08 14:00:00+00:00,68.49,81.09
server_4,2026-05-08 15:00:00+00:00,66.71,77.41
server_4,2026-05-08 16:00:00+00:00,69.84,79.39
server_4,2026-05-08 17:00:00+00:00,59.55,83.89
server_4,2026-05-08 18:00:00+00:00,60.89,80.91
server_4,2026-05-08 19:00:00+00:00,57.69,82.01
server_4,2026-05-08 20:00:00+00:00,54.3,71.44
server_4,2026-05-08 21:00:00+00:00,57.53,80.45
server_4,2026-05-08 22:00:00+00:00,56.63,73.64
server_4,2026-05-08 23:00:00+00:00,59.44,73.16
server_4,2026-05-09 00:00:00+00:00,56.23,78.33
server_4,2026-05-09 01:00:00+00:00,53.44,77.32
server_4,2026-05-09 02:00:00+00:00,59.68,78.8
server_4,2026-05-09 03:00:00+00:00,58.73,81.12
server_4,2026-05-09 04:00:00+00:00,59.97,82.18
server_4,2026-05-09 05:00:00+00:00,56.59,83.39
server_4,2026-05-09 06:00:00+00:00,55.91,72.51
server_4,2026-05-09 07:00:00+00:00,57.76,83.92
server_4,2026-05-09 08:00:00+00:00,54.56,84.32
server_4,2026-05-09 09:00:00+00:00,56.33,75.95
server_4,2026-05-09 10:00:00+00:00,57.44,71.13
server_4,2026-05-09 11:00:00+00:00,55.88,71.72
server_4,2026-05-09 12:00:00+00:00,61.08,77.23
server_4,2026-05-09 13:00:00+00:00,60.31,86.87
server_4,2026-05-09 14:00:00+00:00,60.81,79.05
server_4,2026-05-09 15:00:00+00:00,61.67,76.82
server_4,2026-05-09 16:00:00+00:00,62.72,76.91
server_4,2026-05-09 17:00:00+00:00,55.76,71.92
server_4,2026-05-09 18:00:00+00:00,55.16,80.5
server_4,2026-05-09 19:00:00+00:00,54.09,76.26
server_4,2026-05-09 20:00:00+00:00,53.92,84.97
server_4,2026-05-09 21:00:00+00:00,54.51,79.29
server_4,2026-05-09 22:00:00+00:00,55.51,80.45
server_4,2026-05-09 23:00:00+00:00,57.46,76.84
server_4,2026-05-10 00:00:00+00:00,56.8,73.22
server_4,2026-05-10 01:00:00+00:00,53.36,72.88
server_4,2026-05-10 02:00:00+00:00,59.24,72.96
server_4,2026-05-10 03:00:00+00:00,58.36,81.77
server_4,2026-05-10 04:00:00+00:00,53.75,74.97
server_4,2026-05-10 05:00:00+00:00,59.06,82.18
server_4,2026-05-10 06:00:00+00:00,56.82,78.13
server_4,2026-05-10 07:00:00+00:00,55.61,75.99
server_4,2026-05-10 08:00:00+00:00,56.9,72.93
server_4,2026-05-10 09:00:00+00:00,55.94,78.48
server_4,2026-05-10 10:00:00+00:00,59.24,77.56
server_4,2026-05-10 11:00:00+00:00,60.0,82.31
server_4,2026-05-10 12:00:00+00:00,59.92,75.81
server_4,2026-05-10 13:00:00+00:00,56.35,79.89
server_4,2026-05-10 14:00:00+00:00,62.73,86.22
server_4,2026-05-10 15:00:00+00:00,59.83,79.73
server_4,2026-05-10 16:00:00+00:00,61.48,82.36
server_4,2026-05-10 17:00:00+00:00,59.09,80.67
server_4,2026-05-10 18:00:00+00:00,55.13,84.59
server_4,2026-05-10 19:00:00+00:00,58.56,79.68
server_4,2026-05-10 20:00:00+00:00,56.51,80.28
server_4,2026-05-10 21:00:00+00:00,56.41,77.3
server_4,2026-05-10 22:00:00+00:00,55.65,74.08
server_4,2026-05-10 23:00:00+00:00,60.21,73.94
server_4,2026-05-11 00:00:00+00:00,56.22,82.44
server_4,2026-05-11 01:00:00+00:00,57.19,73.68
server_4,2026-05-11 02:00:00+00:00,54.91,79.9
server_4,2026-05-11 03:00:00+00:00,59.82,80.3
server_4,2026-05-11 04:00:00+00:00,56.54,81.16
server_4,2026-05-11 05:00:00+00:00,56.82,75.53
server_4,2026-05-11 06:00:00+00:00,56.71,74.38
server_4,2026-05-11 07:00:00+00:00,58.16,79.57
server_4,2026-05-11 08:00:00+00:00,54.87,75.74
server_4,2026-05-11 09:00:00+00:00,52.39,71.11
server_4,2026-05-11 10:00:00+00:00,62.56,87.35
server_4,2026-05-11 11:00:00+00:00,59.14,75.23
server_4,2026-05-11 12:00:00+00:00,68.8,77.8
server_4,2026-05-11 13:00:00+00:00,71.74,81.84
server_4,2026-05-11 14:00:00+00:00,67.44,86.31
server_4,2026-05-11 15:00:00+00:00,69.91,73.5
server_4,2026-05-11 16:00:00+00:00,64.37,84.91
server_4,2026-05-11 17:00:00+00:00,65.42,76.95
server_4,2026-05-11 18:00:00+00:00,56.86,78.66
server_4,2026-05-11 19:00:00+00:00,52.09,73.23
server_4,2026-05-11 20:00:00+00:00,57.8,85.9
server_4,2026-05-11 21:00:00+00:00,62.27,79.99
server_4,2026-05-11 22:00:00+00:00,59.34,75.64
server_4,2026-05-11 23:00:00+00:00,56.71,76.34
server_4,2026-05-12 00:00:00+00:00,58.82,78.65
server_4,2026-05-12 01:00:00+00:00,60.43,79.56
server_4,2026-05-12 02:00:00+00:00,57.79,79.68
server_4,2026-05-12 03:00:00+00:00,64.57,80.29
server_4,2026-05-12 04:00:00+00:00,56.71,72.04
server_4,2026-05-12 05:00:00+00:00,60.51,77.52
server_4,2026-05-12 06:00:00+00:00,59.9,81.09
server_4,2026-05-12 07:00:00+00:00,56.25,74.71
server_4,2026-05-12 08:00:00+00:00,56.94,80.32
server_4,2026-05-12 09:00:00+00:00,60.55,79.02
server_4,2026-05-12 10:00:00+00:00,61.78,78.45
server_4,2026-05-12 11:00:00+00:00,65.27,85.32
server_4,2026-05-12 12:00:00+00:00,62.57,72.65
server_4,2026-05-12 13:00:00+00:00,69.49,79.32
server_4,2026-05-12 14:00:00+00:00,68.57,86.63
server_4,2026-05-12 15:00:00+00:00,66.5,88.3
server_4,2026-05-12 16:00:00+00:00,65.33,89.71
server_4,2026-05-12 17:00:00+00:00,60.4,79.04
server_4,2026-05-12 18:00:00+00:00,56.52,79.31
server_4,2026-05-12 19:00:00+00:00,57.4,81.06
server_4,2026-05-12 20:00:00+00:00,56.84,82.69
server_4,2026-05-12 21:00:00+00:00,63.45,81.16
server_4,2026-05-12 22:00:00+00:00,60.28,82.5
server_4,2026-05-12 23:00:00+00:00,55.58,78.99
server_4,2026-05-13 00:00:00+00:00,63.09,81.87
server_4,2026-05-13 01:00:00+00:00,56.92,73.95
server_4,2026-05-13 02:00:00+00:00,58.07,76.71
server_4,2026-05-13 03:00:00+00:00,60.24,76.69
server_4,2026-05-13 04:00:00+00:00,53.08,71.52
server_4,2026-05-13 05:00:00+00:00,57.41,71.19
server_4,2026-05-13 06:00:00+00:00,56.57,75.8
server_4,2026-05-13 07:00:00+00:00,58.51,77.12
server_4,2026-05-13 08:00:00+00:00,58.93,78.74
server_4,2026-05-13 09:00:00+00:00,57.81,80.16
server_4,2026-05-13 10:00:00+00:00,61.11,79.84
server_4,2026-05-13 11:00:00+00:00,67.09,80.15
server_4,2026-05-13 12:00:00+00:00,67.41,77.63
server_4,2026-05-13 13:00:00+00:00,67.95,84.99
server_4,2026-05-13 14:00:00+00:00,68.22,81.17
server_4,2026-05-13 15:00:00+00:00,71.25,80.9
server_4,2026-05-13 16:00:00+00:00,64.86,79.66
server_4,2026-05-13 17:00:00+00:00,60.13,75.82
server_4,2026-05-13 18:00:00+00:00,53.23,74.21
server_4,2026-05-13 19:00:00+00:00,54.42,74.5
server_4,2026-05-13 20:00:00+00:00,56.83,76.44
server_4,2026-05-13 21:00:00+00:00,57.73,80.53
server_4,2026-05-13 22:00:00+00:00,56.61,79.14
server_4,2026-05-13 23:00:00+00:00,58.88,84.49
server_4,2026-05-14 00:00:00+00:00,56.58,82.35
server_4,2026-05-14 01:00:00+00:00,55.71,85.03
server_4,2026-05-14 02:00:00+00:00,59.53,80.77
server_4,2026-05-14 03:00:00+00:00,61.42,81.37
server_4,2026-05-14 04:00:00+00:00,55.23,75.08
server_4,2026-05-14 05:00:00+00:00,58.61,81.52
server_4,2026-05-14 06:00:00+00:00,53.24,73.71
server_4,2026-05-14 07:00:00+00:00,54.31,70.83
server_4,2026-05-14 08:00:00+00:00,56.53,83.59
server_4,2026-05-14 09:00:00+00:00,60.84,74.0
server_4,2026-05-14 10:00:00+00:00,59.47,80.27
server_4,2026-05-14 11:00:00+00:00,62.39,76.01
server_4,2026-05-14 12:00:00+00:00,66.75,85.57
server_4,2026-05-14 13:00:00+00:00,67.94,86.53
server_4,2026-05-14 14:00:00+00:00,65.89,82.88
server_4,2026-05-14 15:00:00+00:00,71.63,87.75
server_4,2026-05-14 16:00:00+00:00,63.76,80.05
server_4,2026-05-14 17:00:00+00:00,61.7,88.23
server_4,2026-05-14 18:00:00+00:00,57.0,80.63
server_4,2026-05-14 19:00:00+00:00,59.1,74.78
server_4,2026-05-14 20:00:00+00:00,61.09,79.36
server_4,2026-05-14 21:00:00+00:00,62.16,78.85
server_4,2026-05-14 22:00:00+00:00,56.09,76.33
server_4,2026-05-14 23:00:00+00:00,60.75,72.33
server_4,2026-05-15 00:00:00+00:00,59.37,80.03
server_4,2026-05-15 01:00:00+00:00,60.44,73.31
server_4,2026-05-15 02:00:00+00:00,57.77,67.82
server_4,2026-05-15 03:00:00+00:00,57.53,76.46
server_4,2026-05-15 04:00:00+00:00,60.34,75.8
server_4,2026-05-15 05:00:00+00:00,60.39,75.39
server_4,2026-05-15 06:00:00+00:00,61.91,66.96
server_4,2026-05-15 07:00:00+00:00,58.5,74.77
server_4,2026-05-15 08:00:00+00:00,57.73,77.21
server_4,2026-05-15 09:00:00+00:00,51.85,73.31
server_4,2026-05-15 10:00:00+00:00,57.39,79.34
server_4,2026-05-15 11:00:00+00:00,63.44,85.48
server_4,2026-05-15 12:00:00+00:00,63.91,82.13
server_4,2026-05-15 13:00:00+00:00,69.88,86.26
server_4,2026-05-15 14:00:00+00:00,64.57,84.74
server_4,2026-05-15 15:00:00+00:00,65.41,76.52
server_4,2026-05-15 16:00:00+00:00,63.27,81.6
server_4,2026-05-15 17:00:00+00:00,64.43,84.23
server_4,2026-05-15 18:00:00+00:00,56.48,75.72
server_4,2026-05-15 19:00:00+00:00,59.13,75.23
server_4,2026-05-15 20:00:00+00:00,58.49,80.29
server_4,2026-05-15 21:00:00+00:00,60.26,72.86
server_4,2026-05-15 22:00:00+00:00,60.13,74.39
server_4,2026-05-15 23:00:00+00:00,57.92,75.3
server_4,2026-05-16 00:00:00+00:00,51.76,77.62
server_4,2026-05-16 01:00:00+00:00,55.42,77.97
server_4,2026-05-16 02:00:00+00:00,55.95,81.41
server_4,2026-05-16 03:00:00+00:00,56.72,73.86
server_4,2026-05-16 04:00:00+00:00,54.16,72.75
server_4,2026-05-16 05:00:00+00:00,58.85,80.39
server_4,2026-05-16 06:00:00+00:00,56.03,74.12
server_4,2026-05-16 07:00:00+00:00,53.7,74.08
server_4,2026-05-16 08:00:00+00:00,54.85,69.47
server_4,2026-05-16 09:00:00+00:00,60.82,80.15
server_4,2026-05-16 10:00:00+00:00,59.54,84.7
server_4,2026-05-16 11:00:00+00:00,62.16,75.34
server_4,2026-05-16 12:00:00+00:00,58.16,82.14
server_4,2026-05-16 13:00:00+00:00,59.69,78.36
server_4,2026-05-16 14:00:00+00:00,59.71,71.54
server_4,2026-05-16 15:00:00+00:00,61.22,75.55
server_4,2026-05-16 16:00:00+00:00,59.1,74.56
server_4,2026-05-16 17:00:00+00:00,56.66,76.26
server_4,2026-05-16 18:00:00+00:00,55.09,78.66
server_4,2026-05-16 19:00:00+00:00,54.01,84.0
server_4,2026-05-16 20:00:00+00:00,55.55,71.42
server_4,2026-05-16 21:00:00+00:00,58.78,76.33
server_4,2026-05-16 22:00:00+00:00,52.22,72.39
server_4,2026-05-16 23:00:00+00:00,56.87,72.53
server_4,2026-05-17 00:00:00+00:00,59.45,78.89
server_4,2026-05-17 01:00:00+00:00,55.54,77.15
server_4,2026-05-17 02:00:00+00:00,54.68,69.58
server_4,2026-05-17 03:00:00+00:00,58.31,78.18
server_4,2026-05-17 04:00:00+00:00,53.54,71.62
server_4,2026-05-17 05:00:00+00:00,55.94,77.33
server_4,2026-05-17 06:00:00+00:00,53.4,81.47
server_4,2026-05-17 07:00:00+00:00,51.32,77.52
server_4,2026-05-17 08:00:00+00:00,55.62,77.88
server_4,2026-05-17 09:00:00+00:00,52.84,74.08
server_4,2026-05-17 10:00:00+00:00,57.85,78.22
server_4,2026-05-17 11:00:00+00:00,62.32,81.77
server_4,2026-05-17 12:00:00+00:00,65.4,82.45
server_4,2026-05-17 13:00:00+00:00,61.65,78.88
server_4,2026-05-17 14:00:00+00:00,63.96,80.96
server_4,2026-05-17 15:00:00+00:00,61.76,74.05
server_4,2026-05-17 16:00:00+00:00,58.58,75.26
server_4,2026-05-17 17:00:00+00:00,53.07,79.1
server_4,2026-05-17 18:00:00+00:00,60.07,82.09
server_4,2026-05-17 19:00:00+00:00,53.38,76.76
server_4,2026-05-17 20:00:00+00:00,59.46,84.43
server_4,2026-05-17 21:00:00+00:00,57.34,79.8
server_4,2026-05-17 22:00:00+00:00,53.56,75.51
server_4,2026-05-17 23:00:00+00:00,56.78,72.69
server_4,2026-05-18 00:00:00+00:00,63.33,85.62
server_4,2026-05-18 01:00:00+00:00,61.84,82.42
server_4,2026-05-18 02:00:00+00:00,56.72,84.74
server_4,2026-05-18 03:00:00+00:00,56.22,86.04
server_4,2026-05-18 04:00:00+00:00,58.25,72.94
server_4,2026-05-18 05:00:00+00:00,57.59,72.72
server_4,2026-05-18 06:00:00+00:00,61.0,67.6
server_4,2026-05-18 07:00:00+00:00,59.85,82.32
server_4,2026-05-18 08:00:00+00:00,53.77,79.15
server_4,2026-05-18 09:00:00+00:00,59.15,78.79
server_4,2026-05-18 10:00:00+00:00,60.97,74.14
server_4,2026-05-18 11:00:00+00:00,64.52,79.93
server_4,2026-05-18 12:00:00+00:00,67.28,81.99
server_4,2026-05-18 13:00:00+00:00,70.84,85.63
server_4,2026-05-18 14:00:00+00:00,70.29,83.39
server_4,2026-05-18 15:00:00+00:00,64.79,83.03
server_4,2026-05-18 16:00:00+00:00,64.28,79.7
server_4,2026-05-18 17:00:00+00:00,60.3,83.53
server_4,2026-05-18 18:00:00+00:00,53.8,79.06
server_4,2026-05-18 19:00:00+00:00,57.73,73.16
server_4,2026-05-18 20:00:00+00:00,62.61,85.17
server_4,2026-05-18 21:00:00+00:00,53.72,81.4
server_4,2026-05-18 22:00:00+00:00,57.94,79.84
server_4,2026-05-18 23:00:00+00:00,57.86,79.07
server_4,2026-05-19 00:00:00+00:00,58.72,84.89
server_4,2026-05-19 01:00:00+00:00,55.59,70.62
server_4,2026-05-19 02:00:00+00:00,54.44,81.72
server_4,2026-05-19 03:00:00+00:00,54.55,74.89
server_4,2026-05-19 04:00:00+00:00,61.33,83.55
server_4,2026-05-19 05:00:00+00:00,55.54,77.62
server_4,2026-05-19 06:00:00+00:00,56.75,72.59
server_4,2026-05-19 07:00:00+00:00,63.26,77.86
server_4,2026-05-19 08:00:00+00:00,56.16,81.44
server_4,2026-05-19 09:00:00+00:00,58.86,77.46
server_4,2026-05-19 10:00:00+00:00,64.08,77.64
server_4,2026-05-19 11:00:00+00:00,66.97,78.63
server_4,2026-05-19 12:00:00+00:00,63.33,82.43
server_4,2026-05-19 13:00:00+00:00,66.06,87.83
server_4,2026-05-19 14:00:00+00:00,68.6,73.15
server_4,2026-05-19 15:00:00+00:00,71.48,93.92
server_4,2026-05-19 16:00:00+00:00,62.52,80.4
server_4,2026-05-19 17:00:00+00:00,60.19,81.09
server_4,2026-05-19 18:00:00+00:00,59.05,76.62
server_4,2026-05-19 19:00:00+00:00,59.55,78.53
server_4,2026-05-19 20:00:00+00:00,59.7,79.37
server_4,2026-05-19 21:00:00+00:00,55.88,73.06
server_4,2026-05-19 22:00:00+00:00,56.67,74.31
server_4,2026-05-19 23:00:00+00:00,58.54,82.93
server_4,2026-05-20 00:00:00+00:00,61.16,72.9
server_4,2026-05-20 01:00:00+00:00,57.4,79.56
server_4,2026-05-20 02:00:00+00:00,57.94,76.5
server_4,2026-05-20 03:00:00+00:00,55.44,73.26
server_4,2026-05-20 04:00:00+00:00,62.66,87.52
server_4,2026-05-20 05:00:00+00:00,58.39,74.32
server_4,2026-05-20 06:00:00+00:00,60.69,74.42
server_4,2026-05-20 07:00:00+00:00,58.07,77.28
server_4,2026-05-20 08:00:00+00:00,58.21,75.0
server_4,2026-05-20 09:00:00+00:00,54.25,76.71
server_4,2026-05-20 10:00:00+00:00,56.04,77.94
server_4,2026-05-20 11:00:00+00:00,67.56,82.28
server_4,2026-05-20 12:00:00+00:00,66.86,80.6
server_4,2026-05-20 13:00:00+00:00,68.36,78.82
server_4,2026-05-20 14:00:00+00:00,64.73,82.93
server_4,2026-05-20 15:00:00+00:00,64.4,79.79
server_4,2026-05-20 16:00:00+00:00,67.08,79.2
server_4,2026-05-20 17:00:00+00:00,65.77,86.64
server_4,2026-05-20 18:00:00+00:00,56.45,76.97
server_4,2026-05-20 19:00:00+00:00,59.68,82.96
server_4,2026-05-20 20:00:00+00:00,58.48,83.07
server_4,2026-05-20 21:00:00+00:00,57.7,83.05
server_4,2026-05-20 22:00:00+00:00,62.63,82.39
server_4,2026-05-20 23:00:00+00:00,56.87,77.6
server_4,2026-05-21 00:00:00+00:00,61.1,78.83
server_4,2026-05-21 01:00:00+00:00,58.95,77.36
server_4,2026-05-21 02:00:00+00:00,57.96,69.32
server_4,2026-05-21 03:00:00+00:00,61.43,82.08
server_4,2026-05-21 04:00:00+00:00,58.73,79.23
server_4,2026-05-21 05:00:00+00:00,57.76,81.22
server_4,2026-05-21 06:00:00+00:00,61.45,78.74
server_4,2026-05-21 07:00:00+00:00,61.12,81.75
server_4,2026-05-21 08:00:00+00:00,61.0,73.54
server_4,2026-05-21 09:00:00+00:00,48.28,69.92
server_4,2026-05-21 10:00:00+00:00,62.52,69.68
server_4,2026-05-21 11:00:00+00:00,64.96,79.9
server_4,2026-05-21 12:00:00+00:00,66.57,77.91
server_4,2026-05-21 13:00:00+00:00,69.37,78.37
server_4,2026-05-21 14:00:00+00:00,68.5,83.01
server_4,2026-05-21 15:00:00+00:00,68.35,79.92
server_4,2026-05-21 16:00:00+00:00,63.76,74.28
server_4,2026-05-21 17:00:00+00:00,65.17,90.69
server_4,2026-05-21 18:00:00+00:00,59.95,78.53
server_4,2026-05-21 19:00:00+00:00,59.36,74.14
server_4,2026-05-21 20:00:00+00:00,59.23,75.75
server_4,2026-05-21 21:00:00+00:00,60.89,78.32
server_4,2026-05-21 22:00:00+00:00,60.55,78.19
server_4,2026-05-21 23:00:00+00:00,57.72,83.11
server_4,2026-05-22 00:00:00+00:00,60.48,78.55
server_4,2026-05-22 01:00:00+00:00,58.44,85.57
server_4,2026-05-22 02:00:00+00:00,62.79,77.95
server_4,2026-05-22 03:00:00+00:00,60.74,80.67
server_4,2026-05-22 04:00:00+00:00,56.44,81.54
server_4,2026-05-22 05:00:00+00:00,63.83,84.82
server_4,2026-05-22 06:00:00+00:00,52.74,81.41
server_4,2026-05-22 07:00:00+00:00,59.59,77.47
server_4,2026-05-22 08:00:00+00:00,56.26,77.37
server_4,2026-05-22 09:00:00+00:00,62.71,69.73
server_4,2026-05-22 10:00:00+00:00,62.05,78.63
server_4,2026-05-22 11:00:00+00:00,62.44,83.92
server_4,2026-05-22 12:00:00+00:00,65.99,84.39
server_4,2026-05-22 13:00:00+00:00,66.06,80.48
server_4,2026-05-22 14:00:00+00:00,67.08,87.98
server_4,2026-05-22 15:00:00+00:00,65.84,79.21
server_4,2026-05-22 16:00:00+00:00,62.55,76.73
server_4,2026-05-22 17:00:00+00:00,62.1,77.56
server_4,2026-05-22 18:00:00+00:00,58.98,73.85
server_4,2026-05-22 19:00:00+00:00,55.51,79.62
server_4,2026-05-22 20:00:00+00:00,53.85,77.7
server_4,2026-05-22 21:00:00+00:00,58.78,80.71
server_4,2026-05-22 22:00:00+00:00,59.33,76.81
server_4,2026-05-22 23:00:00+00:00,59.83,78.41
server_4,2026-05-23 00:00:00+00:00,57.38,69.07
server_4,2026-05-23 01:00:00+00:00,59.93,80.18
server_4,2026-05-23 02:00:00+00:00,58.49,78.57
server_4,2026-05-23 03:00:00+00:00,62.7,75.24
server_4,2026-05-23 04:00:00+00:00,63.75,79.59
server_4,2026-05-23 05:00:00+00:00,51.6,74.73
server_4,2026-05-23 06:00:00+00:00,50.51,82.43
server_4,2026-05-23 07:00:00+00:00,55.98,73.05
server_4,2026-05-23 08:00:00+00:00,57.26,79.07
server_4,2026-05-23 09:00:00+00:00,55.81,72.87
server_4,2026-05-23 10:00:00+00:00,59.64,76.34
server_4,2026-05-23 11:00:00+00:00,58.86,79.41
server_4,2026-05-23 12:00:00+00:00,59.03,77.51
server_4,2026-05-23 13:00:00+00:00,60.06,78.7
server_4,2026-05-23 14:00:00+00:00,60.92,80.35
server_4,2026-05-23 15:00:00+00:00,62.87,77.73
server_4,2026-05-23 16:00:00+00:00,58.32,81.65
server_4,2026-05-23 17:00:00+00:00,57.16,76.48
server_4,2026-05-23 18:00:00+00:00,57.43,77.41
server_4,2026-05-23 19:00:00+00:00,55.5,78.57
server_4,2026-05-23 20:00:00+00:00,58.79,79.19
server_4,2026-05-23 21:00:00+00:00,53.7,79.07
server_4,2026-05-23 22:00:00+00:00,53.16,77.57
server_4,2026-05-23 23:00:00+00:00,56.76,79.44
server_4,2026-05-24 00:00:00+00:00,57.01,76.35
server_4,2026-05-24 01:00:00+00:00,53.84,72.27
server_4,2026-05-24 02:00:00+00:00,59.36,72.77
server_4,2026-05-24 03:00:00+00:00,60.81,72.3
server_4,2026-05-24 04:00:00+00:00,54.43,83.8
server_4,2026-05-24 05:00:00+00:00,59.72,69.75
server_4,2026-05-24 06:00:00+00:00,50.04,79.99
server_4,2026-05-24 07:00:00+00:00,58.69,74.96
server_4,2026-05-24 08:00:00+00:00,53.86,81.3
server_4,2026-05-24 09:00:00+00:00,58.44,69.34
server_4,2026-05-24 10:00:00+00:00,55.48,76.18
server_4,2026-05-24 11:00:00+00:00,59.36,84.29
server_4,2026-05-24 12:00:00+00:00,58.74,81.11
server_4,2026-05-24 13:00:00+00:00,60.88,77.66
server_4,2026-05-24 14:00:00+00:00,65.99,73.03
server_4,2026-05-24 15:00:00+00:00,60.49,73.58
server_4,2026-05-24 16:00:00+00:00,64.81,85.94
server_4,2026-05-24 17:00:00+00:00,56.92,76.23
server_4,2026-05-24 18:00:00+00:00,59.73,78.32
server_4,2026-05-24 19:00:00+00:00,51.94,77.01
server_4,2026-05-24 20:00:00+00:00,55.28,71.84
server_4,2026-05-24 21:00:00+00:00,54.66,78.46
server_4,2026-05-24 22:00:00+00:00,59.84,76.97
server_4,2026-05-24 23:00:00+00:00,56.46,78.64
server_4,2026-05-25 00:00:00+00:00,52.78,73.86
server_4,2026-05-25 01:00:00+00:00,54.72,70.56
server_4,2026-05-25 02:00:00+00:00,55.47,75.4
server_4,2026-05-25 03:00:00+00:00,60.34,81.38
server_4,2026-05-25 04:00:00+00:00,60.01,80.28
server_4,2026-05-25 05:00:00+00:00,57.25,77.86
server_4,2026-05-25 06:00:00+00:00,56.63,81.11
server_4,2026-05-25 07:00:00+00:00,59.79,77.81
server_4,2026-05-25 08:00:00+00:00,55.18,77.24
server_4,2026-05-25 09:00:00+00:00,59.14,76.48
server_4,2026-05-25 10:00:00+00:00,62.35,83.35
server_4,2026-05-25 11:00:00+00:00,63.74,81.18
server_4,2026-05-25 12:00:00+00:00,67.65,79.15
server_4,2026-05-25 13:00:00+00:00,68.1,75.58
server_4,2026-05-25 14:00:00+00:00,69.09,86.3
server_4,2026-05-25 15:00:00+00:00,63.32,76.89
server_4,2026-05-25 16:00:00+00:00,65.96,81.08
server_4,2026-05-25 17:00:00+00:00,63.99,89.51
server_4,2026-05-25 18:00:00+00:00,58.8,81.49
server_4,2026-05-25 19:00:00+00:00,59.5,84.97
server_4,2026-05-25 20:00:00+00:00,57.73,75.75
server_4,2026-05-25 21:00:00+00:00,60.23,83.06
server_4,2026-05-25 22:00:00+00:00,58.16,78.16
server_4,2026-05-25 23:00:00+00:00,55.13,78.46
server_4,2026-05-26 00:00:00+00:00,60.05,86.8
server_4,2026-05-26 01:00:00+00:00,53.91,75.46
server_4,2026-05-26 02:00:00+00:00,58.71,78.32
server_4,2026-05-26 03:00:00+00:00,57.04,74.05
server_4,2026-05-26 04:00:00+00:00,56.88,81.16
server_4,2026-05-26 05:00:00+00:00,58.43,75.91
server_4,2026-05-26 06:00:00+00:00,56.23,81.47
server_4,2026-05-26 07:00:00+00:00,59.28,71.85
server_4,2026-05-26 08:00:00+00:00,58.14,80.24
server_4,2026-05-26 09:00:00+00:00,56.46,74.89
server_4,2026-05-26 10:00:00+00:00,64.77,83.29
server_4,2026-05-26 11:00:00+00:00,64.94,80.37
server_4,2026-05-26 12:00:00+00:00,68.24,79.44
server_4,2026-05-26 13:00:00+00:00,71.39,81.14
server_4,2026-05-26 14:00:00+00:00,71.35,79.27
server_4,2026-05-26 15:00:00+00:00,68.11,84.89
server_4,2026-05-26 16:00:00+00:00,63.67,75.79
server_4,2026-05-26 17:00:00+00:00,57.85,76.88
server_4,2026-05-26 18:00:00+00:00,58.52,79.56
server_4,2026-05-26 19:00:00+00:00,60.74,85.41
server_4,2026-05-26 20:00:00+00:00,58.89,78.27
server_4,2026-05-26 21:00:00+00:00,49.39,74.02
server_4,2026-05-26 22:00:00+00:00,60.18,79.86
server_4,2026-05-26 23:00:00+00:00,60.33,70.52
server_4,2026-05-27 00:00:00+00:00,57.25,72.94
server_4,2026-05-27 01:00:00+00:00,60.47,77.36
server_4,2026-05-27 02:00:00+00:00,59.57,75.7
server_4,2026-05-27 03:00:00+00:00,56.29,71.0
server_4,2026-05-27 04:00:00+00:00,61.18,82.54
server_4,2026-05-27 05:00:00+00:00,54.83,77.93
server_4,2026-05-27 06:00:00+00:00,57.86,78.51
server_4,2026-05-27 07:00:00+00:00,57.61,75.09
server_4,2026-05-27 08:00:00+00:00,55.94,77.6
server_4,2026-05-27 09:00:00+00:00,58.76,80.32
server_4,2026-05-27 10:00:00+00:00,64.7,79.28
server_4,2026-05-27 11:00:00+00:00,67.55,83.12
server_4,2026-05-27 12:00:00+00:00,68.47,78.48
server_4,2026-05-27 13:00:00+00:00,63.61,80.35
server_4,2026-05-27 14:00:00+00:00,64.51,84.85
server_4,2026-05-27 15:00:00+00:00,67.08,86.1
server_4,2026-05-27 16:00:00+00:00,64.34,85.53
server_4,2026-05-27 17:00:00+00:00,60.18,79.9
server_4,2026-05-27 18:00:00+00:00,62.76,79.79
server_4,2026-05-27 19:00:00+00:00,58.26,76.3
server_4,2026-05-27 20:00:00+00:00,59.36,71.24
server_4,2026-05-27 21:00:00+00:00,60.47,73.48
server_4,2026-05-27 22:00:00+00:00,58.14,77.38
server_4,2026-05-27 23:00:00+00:00,64.48,79.83
server_4,2026-05-28 00:00:00+00:00,55.65,82.83
server_4,2026-05-28 01:00:00+00:00,56.48,82.73
server_4,2026-05-28 02:00:00+00:00,55.64,74.43
server_4,2026-05-28 03:00:00+00:00,61.91,82.64
server_4,2026-05-28 04:00:00+00:00,60.01,76.79
server_4,2026-05-28 05:00:00+00:00,56.64,80.25
server_4,2026-05-28 06:00:00+00:00,55.84,80.47
server_4,2026-05-28 07:00:00+00:00,61.46,84.18
server_4,2026-05-28 08:00:00+00:00,58.9,76.35
server_4,2026-05-28 09:00:00+00:00,61.53,83.29
server_4,2026-05-28 10:00:00+00:00,61.27,71.65
server_4,2026-05-28 11:00:00+00:00,65.71,85.88
server_4,2026-05-28 12:00:00+00:00,67.41,81.19
server_4,2026-05-28 13:00:00+00:00,66.29,80.89
server_4,2026-05-28 14:00:00+00:00,67.49,73.17
server_4,2026-05-28 15:00:00+00:00,63.7,78.44
server_4,2026-05-28 16:00:00+00:00,65.66,86.1
server_4,2026-05-28 17:00:00+00:00,63.32,78.16
server_4,2026-05-28 18:00:00+00:00,60.48,81.72
server_4,2026-05-28 19:00:00+00:00,59.67,78.72
server_4,2026-05-28 20:00:00+00:00,57.68,82.14
server_4,2026-05-28 21:00:00+00:00,61.88,80.12
server_4,2026-05-28 22:00:00+00:00,60.23,75.05
server_4,2026-05-28 23:00:00+00:00,61.47,79.44
server_4,2026-05-29 00:00:00+00:00,61.63,85.67
server_4,2026-05-29 01:00:00+00:00,57.69,79.88
server_4,2026-05-29 02:00:00+00:00,58.97,77.87
server_4,2026-05-29 03:00:00+00:00,59.94,87.7
server_4,2026-05-29 04:00:00+00:00,55.13,81.63
server_4,2026-05-29 05:00:00+00:00,55.18,80.28
server_4,2026-05-29 06:00:00+00:00,54.75,78.13
server_4,2026-05-29 07:00:00+00:00,57.73,80.83
server_4,2026-05-29 08:00:00+00:00,57.17,80.76
server_4,2026-05-29 09:00:00+00:00,54.41,68.01
server_4,2026-05-29 10:00:00+00:00,61.79,80.91
server_4,2026-05-29 11:00:00+00:00,64.19,79.52
server_4,2026-05-29 12:00:00+00:00,69.62,80.07
server_4,2026-05-29 13:00:00+00:00,72.88,82.43
server_4,2026-05-29 14:00:00+00:00,68.99,75.62
server_4,2026-05-29 15:00:00+00:00,64.92,73.2
server_4,2026-05-29 16:00:00+00:00,66.04,85.8
server_4,2026-05-29 17:00:00+00:00,61.44,81.05
server_4,2026-05-29 18:00:00+00:00,57.4,68.14
server_4,2026-05-29 19:00:00+00:00,55.85,74.94
server_4,2026-05-29 20:00:00+00:00,56.84,81.12
server_4,2026-05-29 21:00:00+00:00,57.56,76.72
server_4,2026-05-29 22:00:00+00:00,60.01,83.68
server_4,2026-05-29 23:00:00+00:00,59.28,82.65
server_4,2026-05-30 00:00:00+00:00,60.56,73.47
server_4,2026-05-30 01:00:00+00:00,57.69,77.32
server_4,2026-05-30 02:00:00+00:00,57.06,75.88
server_4,2026-05-30 03:00:00+00:00,55.23,71.48
server_4,2026-05-30 04:00:00+00:00,53.41,70.58
server_4,2026-05-30 05:00:00+00:00,54.58,73.58
server_4,2026-05-30 06:00:00+00:00,54.25,74.12
server_4,2026-05-30 07:00:00+00:00,49.6,76.19
server_4,2026-05-30 08:00:00+00:00,53.48,80.59
server_4,2026-05-30 09:00:00+00:00,60.01,80.76
server_4,2026-05-30 10:00:00+00:00,58.8,81.28
server_4,2026-05-30 11:00:00+00:00,58.59,77.14
server_4,2026-05-30 12:00:00+00:00,61.76,81.73
server_4,2026-05-30 13:00:00+00:00,56.53,76.89
server_4,2026-05-30 14:00:00+00:00,62.12,77.68
server_4,2026-05-30 15:00:00+00:00,63.96,87.67
server_4,2026-05-30 16:00:00+00:00,59.23,69.11
server_4,2026-05-30 17:00:00+00:00,53.45,68.91
server_4,2026-05-30 18:00:00+00:00,54.97,78.47
server_4,2026-05-30 19:00:00+00:00,59.2,77.36
server_4,2026-05-30 20:00:00+00:00,56.65,71.78
server_4,2026-05-30 21:00:00+00:00,52.45,71.84
server_4,2026-05-30 22:00:00+00:00,61.92,75.67
server_4,2026-05-30 23:00:00+00:00,52.87,79.77
server_4,2026-05-31 00:00:00+00:00,55.39,81.94
server_4,2026-05-31 01:00:00+00:00,53.41,82.95
server_4,2026-05-31 02:00:00+00:00,53.41,70.04
server_4,2026-05-31 03:00:00+00:00,54.87,71.44
server_4,2026-05-31 04:00:00+00:00,57.59,72.11
server_4,2026-05-31 05:00:00+00:00,59.23,83.58
server_4,2026-05-31 06:00:00+00:00,55.03,78.63
server_4,2026-05-31 07:00:00+00:00,53.47,76.74
server_4,2026-05-31 08:00:00+00:00,57.2,78.64
server_4,2026-05-31 09:00:00+00:00,57.27,77.52
server_4,2026-05-31 10:00:00+00:00,58.48,73.68
server_4,2026-05-31 11:00:00+00:00,60.22,80.83
server_4,2026-05-31 12:00:00+00:00,60.48,78.12
server_4,2026-05-31 13:00:00+00:00,61.66,74.48
server_4,2026-05-31 14:00:00+00:00,60.96,81.33
server_4,2026-05-31 15:00:00+00:00,63.44,78.2
server_4,2026-05-31 16:00:00+00:00,65.11,81.4
server_4,2026-05-31 17:00:00+00:00,58.33,77.62
server_4,2026-05-31 18:00:00+00:00,55.98,80.86
server_4,2026-05-31 19:00:00+00:00,56.64,78.4
server_4,2026-05-31 20:00:00+00:00,54.36,73.19
server_4,2026-05-31 21:00:00+00:00,57.91,79.26
server_4,2026-05-31 22:00:00+00:00,57.1,79.1
server_4,2026-05-31 23:00:00+00:00,54.95,78.98
server_4,2026-06-01 00:00:00+00:00,60.26,82.93
server_4,2026-06-01 01:00:00+00:00,58.05,75.55
server_4,2026-06-01 02:00:00+00:00,55.57,79.82
server_4,2026-06-01 03:00:00+00:00,58.88,71.41
server_4,2026-06-01 04:00:00+00:00,58.59,77.73
server_4,2026-06-01 05:00:00+00:00,60.4,77.74
server_4,2026-06-01 06:00:00+00:00,60.08,84.52
server_4,2026-06-01 07:00:00+00:00,57.73,77.28
server_4,2026-06-01 08:00:00+00:00,56.82,80.02
server_4,2026-06-01 09:00:00+00:00,58.0,70.95
server_4,2026-06-01 10:00:00+00:00,62.33,78.11
server_4,2026-06-01 11:00:00+00:00,65.64,77.29
server_4,2026-06-01 12:00:00+00:00,67.41,91.2
server_4,2026-06-01 13:00:00+00:00,67.62,78.7
server_4,2026-06-01 14:00:00+00:00,70.34,82.61
server_4,2026-06-01 15:00:00+00:00,64.97,80.95
server_4,2026-06-01 16:00:00+00:00,70.63,76.06
server_4,2026-06-01 17:00:00+00:00,63.33,77.76
server_4,2026-06-01 18:00:00+00:00,55.18,78.63
server_4,2026-06-01 19:00:00+00:00,58.46,78.5
server_4,2026-06-01 20:00:00+00:00,59.93,69.47
server_4,2026-06-01 21:00:00+00:00,57.13,75.43
server_4,2026-06-01 22:00:00+00:00,54.26,80.78
server_4,2026-06-01 23:00:00+00:00,55.4,79.44
server_4,2026-06-02 00:00:00+00:00,59.36,83.35
server_4,2026-06-02 01:00:00+00:00,53.61,72.52
server_4,2026-06-02 02:00:00+00:00,54.38,81.86
server_4,2026-06-02 03:00:00+00:00,59.34,78.29
server_4,2026-06-02 04:00:00+00:00,57.44,84.17
server_4,2026-06-02 05:00:00+00:00,56.26,77.4
server_4,2026-06-02 06:00:00+00:00,56.76,69.38
server_4,2026-06-02 07:00:00+00:00,54.32,80.11
server_4,2026-06-02 08:00:00+00:00,59.21,76.65
server_4,2026-06-02 09:00:00+00:00,55.98,75.79
server_4,2026-06-02 10:00:00+00:00,60.08,72.92
server_4,2026-06-02 11:00:00+00:00,65.29,87.04
server_4,2026-06-02 12:00:00+00:00,66.02,78.72
server_4,2026-06-02 13:00:00+00:00,66.09,87.13
server_4,2026-06-02 14:00:00+00:00,62.87,77.98
server_4,2026-06-02 15:00:00+00:00,67.58,77.64
server_4,2026-06-02 16:00:00+00:00,64.63,85.6
server_4,2026-06-02 17:00:00+00:00,60.13,78.45
server_4,2026-06-02 18:00:00+00:00,55.41,76.84
server_4,2026-06-02 19:00:00+00:00,58.03,72.88
server_4,2026-06-02 20:00:00+00:00,59.2,76.59
server_4,2026-06-02 21:00:00+00:00,58.24,79.8
server_4,2026-06-02 22:00:00+00:00,62.1,74.24
server_4,2026-06-02 23:00:00+00:00,59.76,76.46
server_4,2026-06-03 00:00:00+00:00,57.73,76.22
server_4,2026-06-03 01:00:00+00:00,59.85,78.91
server_4,2026-06-03 02:00:00+00:00,58.12,83.96
server_4,2026-06-03 03:00:00+00:00,58.11,76.84
server_4,2026-06-03 04:00:00+00:00,61.24,76.37
server_4,2026-06-03 05:00:00+00:00,55.75,88.2
server_4,2026-06-03 06:00:00+00:00,58.06,76.29
server_4,2026-06-03 07:00:00+00:00,60.97,78.28
server_4,2026-06-03 08:00:00+00:00,58.77,76.84
server_4,2026-06-03 09:00:00+00:00,57.08,76.57
server_4,2026-06-03 10:00:00+00:00,57.15,78.02
server_4,2026-06-03 11:00:00+00:00,58.75,81.95
server_4,2026-06-03 12:00:00+00:00,71.85,84.46
server_4,2026-06-03 13:00:00+00:00,68.62,86.03
server_4,2026-06-03 14:00:00+00:00,66.39,85.11
server_4,2026-06-03 15:00:00+00:00,67.53,82.17
server_4,2026-06-03 16:00:00+00:00,62.06,80.93
server_4,2026-06-03 17:00:00+00:00,60.59,83.34
server_4,2026-06-03 18:00:00+00:00,55.65,72.73
server_4,2026-06-03 19:00:00+00:00,54.47,86.76
server_4,2026-06-03 20:00:00+00:00,52.74,74.11
server_4,2026-06-03 21:00:00+00:00,54.01,75.2
server_4,2026-06-03 22:00:00+00:00,60.55,74.05
server_4,2026-06-03 23:00:00+00:00,55.53,72.41
server_4,2026-06-04 00:00:00+00:00,59.34,82.36
server_4,2026-06-04 01:00:00+00:00,60.39,87.92
server_4,2026-06-04 02:00:00+00:00,58.04,75.75
server_4,2026-06-04 03:00:00+00:00,57.25,79.13
server_4,2026-06-04 04:00:00+00:00,58.33,79.0
server_4,2026-06-04 05:00:00+00:00,56.96,81.64
server_4,2026-06-04 06:00:00+00:00,61.01,87.93
server_4,2026-06-04 07:00:00+00:00,62.69,85.73
server_4,2026-06-04 08:00:00+00:00,61.62,78.31
server_4,2026-06-04 09:00:00+00:00,52.62,78.23
server_4,2026-06-04 10:00:00+00:00,60.33,81.33
server_4,2026-06-04 11:00:00+00:00,64.44,80.17
server_4,2026-06-04 12:00:00+00:00,67.82,77.05
server_4,2026-06-04 13:00:00+00:00,63.53,76.74
server_4,2026-06-04 14:00:00+00:00,63.49,84.51
server_4,2026-06-04 15:00:00+00:00,69.93,87.18
server_4,2026-06-04 16:00:00+00:00,63.03,78.93
server_4,2026-06-04 17:00:00+00:00,57.7,78.94
server_4,2026-06-04 18:00:00+00:00,55.24,81.82
server_4,2026-06-04 19:00:00+00:00,58.98,71.52
server_4,2026-06-04 20:00:00+00:00,55.94,75.49
server_4,2026-06-04 21:00:00+00:00,58.6,86.28
server_4,2026-06-04 22:00:00+00:00,55.55,78.34
server_4,2026-06-04 23:00:00+00:00,53.64,71.96
server_4,2026-06-05 00:00:00+00:00,61.56,79.72
server_4,2026-06-05 01:00:00+00:00,59.0,82.43
server_4,2026-06-05 02:00:00+00:00,57.17,67.52
server_4,2026-06-05 03:00:00+00:00,56.7,78.25
server_4,2026-06-05 04:00:00+00:00,61.66,77.79
server_4,2026-06-05 05:00:00+00:00,59.48,71.95
server_4,2026-06-05 06:00:00+00:00,60.87,79.33
server_4,2026-06-05 07:00:00+00:00,56.54,76.94
server_4,2026-06-05 08:00:00+00:00,58.13,77.95
server_4,2026-06-05 09:00:00+00:00,59.01,76.96
server_4,2026-06-05 10:00:00+00:00,60.05,74.63
server_4,2026-06-05 11:00:00+00:00,64.19,74.35
server_4,2026-06-05 12:00:00+00:00,65.2,77.76
server_4,2026-06-05 13:00:00+00:00,68.85,85.23
server_4,2026-06-05 14:00:00+00:00,64.54,81.22
server_4,2026-06-05 15:00:00+00:00,68.09,81.25
server_4,2026-06-05 16:00:00+00:00,65.2,76.36
server_4,2026-06-05 17:00:00+00:00,60.91,77.52
server_4,2026-06-05 18:00:00+00:00,59.12,81.34
server_4,2026-06-05 19:00:00+00:00,57.09,79.7
server_4,2026-06-05 20:00:00+00:00,56.32,75.5
server_4,2026-06-05 21:00:00+00:00,59.36,68.03
server_4,2026-06-05 22:00:00+00:00,59.47,75.81
server_4,2026-06-05 23:00:00+00:00,56.73,75.63
server_4,2026-06-06 00:00:00+00:00,54.52,73.15
server_4,2026-06-06 01:00:00+00:00,55.54,75.49
server_4,2026-06-06 02:00:00+00:00,54.62,80.08
server_4,2026-06-06 03:00:00+00:00,59.81,78.49
server_4,2026-06-06 04:00:00+00:00,56.79,81.54
server_4,2026-06-06 05:00:00+00:00,56.04,71.28
server_4,2026-06-06 06:00:00+00:00,53.67,75.26
server_4,2026-06-06 07:00:00+00:00,57.85,70.19
server_4,2026-06-06 08:00:00+00:00,54.47,75.06
server_4,2026-06-06 09:00:00+00:00,54.37,72.55
server_4,2026-06-06 10:00:00+00:00,59.81,83.76
server_4,2026-06-06 11:00:00+00:00,60.5,80.52
server_4,2026-06-06 12:00:00+00:00,54.5,80.84
server_4,2026-06-06 13:00:00+00:00,61.02,77.34
server_4,2026-06-06 14:00:00+00:00,61.73,75.23
server_4,2026-06-06 15:00:00+00:00,59.91,74.46
server_4,2026-06-06 16:00:00+00:00,59.94,79.74
server_4,2026-06-06 17:00:00+00:00,53.36,83.62
server_4,2026-06-06 18:00:00+00:00,48.92,76.47
server_4,2026-06-06 19:00:00+00:00,53.56,74.95
server_4,2026-06-06 20:00:00+00:00,56.71,76.79
server_4,2026-06-06 21:00:00+00:00,47.94,74.35
server_4,2026-06-06 22:00:00+00:00,53.89,84.67
server_4,2026-06-06 23:00:00+00:00,51.19,80.55
server_4,2026-06-07 00:00:00+00:00,55.39,78.13
server_4,2026-06-07 01:00:00+00:00,60.89,79.45
server_4,2026-06-07 02:00:00+00:00,55.46,78.31
server_4,2026-06-07 03:00:00+00:00,55.73,79.18
server_4,2026-06-07 04:00:00+00:00,58.1,76.38
server_4,2026-06-07 05:00:00+00:00,56.05,73.94
server_4,2026-06-07 06:00:00+00:00,55.46,81.24
server_4,2026-06-07 07:00:00+00:00,58.32,78.2
server_4,2026-06-07 08:00:00+00:00,57.18,81.51
server_4,2026-06-07 09:00:00+00:00,56.72,84.14
server_4,2026-06-07 10:00:00+00:00,57.53,79.92
server_4,2026-06-07 11:00:00+00:00,58.67,79.67
server_4,2026-06-07 12:00:00+00:00,63.06,92.57
server_4,2026-06-07 13:00:00+00:00,60.58,79.73
server_4,2026-06-07 14:00:00+00:00,64.49,75.91
server_4,2026-06-07 15:00:00+00:00,58.15,76.93
server_4,2026-06-07 16:00:00+00:00,63.12,86.0
server_4,2026-06-07 17:00:00+00:00,59.06,73.19
server_4,2026-06-07 18:00:00+00:00,53.58,73.44
server_4,2026-06-07 19:00:00+00:00,57.27,82.17
server_4,2026-06-07 20:00:00+00:00,54.37,75.64
server_4,2026-06-07 21:00:00+00:00,56.08,76.89
server_4,2026-06-07 22:00:00+00:00,54.78,81.17
server_4,2026-06-07 23:00:00+00:00,55.67,74.32
server_4,2026-06-08 00:00:00+00:00,60.35,72.95
server_4,2026-06-08 01:00:00+00:00,59.3,72.9
server_4,2026-06-08 02:00:00+00:00,55.19,79.34
server_4,2026-06-08 03:00:00+00:00,55.33,78.1
server_4,2026-06-08 04:00:00+00:00,58.68,75.47
server_4,2026-06-08 05:00:00+00:00,58.86,73.67
server_4,2026-06-08 06:00:00+00:00,56.31,76.33
server_4,2026-06-08 07:00:00+00:00,61.98,83.86
server_4,2026-06-08 08:00:00+00:00,60.03,75.37
server_4,2026-06-08 09:00:00+00:00,56.44,74.8
server_4,2026-06-08 10:00:00+00:00,59.61,73.8
server_4,2026-06-08 11:00:00+00:00,63.86,78.58
server_4,2026-06-08 12:00:00+00:00,65.83,82.09
server_4,2026-06-08 13:00:00+00:00,70.99,91.01
server_4,2026-06-08 14:00:00+00:00,70.31,83.18
server_4,2026-06-08 15:00:00+00:00,66.75,80.85
server_4,2026-06-08 16:00:00+00:00,66.12,84.29
server_4,2026-06-08 17:00:00+00:00,63.48,82.7
server_4,2026-06-08 18:00:00+00:00,58.15,75.74
server_4,2026-06-08 19:00:00+00:00,59.01,87.56
server_4,2026-06-08 20:00:00+00:00,59.49,78.42
server_4,2026-06-08 21:00:00+00:00,59.22,79.37
server_4,2026-06-08 22:00:00+00:00,56.05,79.52
server_4,2026-06-08 23:00:00+00:00,56.31,78.79
server_4,2026-06-09 00:00:00+00:00,57.28,83.85
server_4,2026-06-09 01:00:00+00:00,56.23,75.02
server_4,2026-06-09 02:00:00+00:00,54.32,79.84
server_4,2026-06-09 03:00:00+00:00,59.69,79.25
server_4,2026-06-09 04:00:00+00:00,58.87,82.23
server_4,2026-06-09 05:00:00+00:00,54.65,75.97
server_4,2026-06-09 06:00:00+00:00,57.4,76.39
server_4,2026-06-09 07:00:00+00:00,57.54,80.77
server_4,2026-06-09 08:00:00+00:00,58.45,79.59
server_4,2026-06-09 09:00:00+00:00,55.3,73.77
server_4,2026-06-09 10:00:00+00:00,58.04,83.39
server_4,2026-06-09 11:00:00+00:00,65.73,83.63
server_4,2026-06-09 12:00:00+00:00,62.83,79.39
server_4,2026-06-09 13:00:00+00:00,67.27,79.37
server_4,2026-06-09 14:00:00+00:00,67.03,82.62
server_4,2026-06-09 15:00:00+00:00,66.35,83.57
server_4,2026-06-09 16:00:00+00:00,65.06,74.09
server_4,2026-06-09 17:00:00+00:00,65.42,82.1
server_4,2026-06-09 18:00:00+00:00,54.0,79.21
server_4,2026-06-09 19:00:00+00:00,60.19,69.36
server_4,2026-06-09 20:00:00+00:00,51.72,76.59
server_4,2026-06-09 21:00:00+00:00,61.48,82.0
server_4,2026-06-09 22:00:00+00:00,52.89,78.54
server_4,2026-06-09 23:00:00+00:00,64.09,83.34
server_4,2026-06-10 00:00:00+00:00,57.03,76.35
server_4,2026-06-10 01:00:00+00:00,61.23,74.97
server_4,2026-06-10 02:00:00+00:00,60.71,71.75
server_4,2026-06-10 03:00:00+00:00,56.91,81.99
server_4,2026-06-10 04:00:00+00:00,57.1,80.5
server_4,2026-06-10 05:00:00+00:00,55.91,81.94
server_4,2026-06-10 06:00:00+00:00,59.97,75.79
server_4,2026-06-10 07:00:00+00:00,56.94,80.84
server_4,2026-06-10 08:00:00+00:00,55.95,71.27
server_4,2026-06-10 09:00:00+00:00,59.34,74.99
server_4,2026-06-10 10:00:00+00:00,59.18,78.92
server_4,2026-06-10 11:00:00+00:00,63.61,82.61
server_4,2026-06-10 12:00:00+00:00,66.93,87.84
server_4,2026-06-10 13:00:00+00:00,66.24,79.92
server_4,2026-06-10 14:00:00+00:00,66.62,77.55
server_4,2026-06-10 15:00:00+00:00,70.5,78.71
server_4,2026-06-10 16:00:00+00:00,63.92,77.32
server_4,2026-06-10 17:00:00+00:00,60.52,87.77
server_4,2026-06-10 18:00:00+00:00,57.56,80.87
server_4,2026-06-10 19:00:00+00:00,59.14,82.85
server_4,2026-06-10 20:00:00+00:00,55.42,76.14
server_4,2026-06-10 21:00:00+00:00,59.07,78.37
server_4,2026-06-10 22:00:00+00:00,58.64,81.02
server_4,2026-06-10 23:00:00+00:00,53.53,74.41
server_4,2026-06-11 00:00:00+00:00,62.49,78.4
server_4,2026-06-11 01:00:00+00:00,61.65,76.58
server_4,2026-06-11 02:00:00+00:00,56.0,75.51
server_4,2026-06-11 03:00:00+00:00,55.19,77.21
server_4,2026-06-11 04:00:00+00:00,58.57,74.91
server_4,2026-06-11 05:00:00+00:00,54.44,77.9
server_4,2026-06-11 06:00:00+00:00,61.41,80.33
server_4,2026-06-11 07:00:00+00:00,56.83,76.87
server_4,2026-06-11 08:00:00+00:00,62.05,76.11
server_4,2026-06-11 09:00:00+00:00,55.94,77.7
server_4,2026-06-11 10:00:00+00:00,61.14,77.08
server_4,2026-06-11 11:00:00+00:00,67.6,81.54
server_4,2026-06-11 12:00:00+00:00,65.85,85.14
server_4,2026-06-11 13:00:00+00:00,68.53,76.67
server_4,2026-06-11 14:00:00+00:00,70.58,91.1
server_4,2026-06-11 15:00:00+00:00,65.27,80.25
server_4,2026-06-11 16:00:00+00:00,61.27,80.79
server_4,2026-06-11 17:00:00+00:00,57.77,74.91
server_4,2026-06-11 18:00:00+00:00,59.46,83.08
server_4,2026-06-11 19:00:00+00:00,58.97,77.84
server_4,2026-06-11 20:00:00+00:00,60.65,77.35
server_4,2026-06-11 21:00:00+00:00,57.31,75.46
server_4,2026-06-11 22:00:00+00:00,54.42,75.67
server_4,2026-06-11 23:00:00+00:00,52.12,77.61
server_4,2026-06-12 00:00:00+00:00,65.17,81.2
server_4,2026-06-12 01:00:00+00:00,59.32,78.3
server_4,2026-06-12 02:00:00+00:00,58.34,75.27
server_4,2026-06-12 03:00:00+00:00,58.7,75.17
server_4,2026-06-12 04:00:00+00:00,54.42,74.9
server_4,2026-06-12 05:00:00+00:00,56.01,79.15
server_4,2026-06-12 06:00:00+00:00,62.36,82.17
server_4,2026-06-12 07:00:00+00:00,59.65,81.76
server_4,2026-06-12 08:00:00+00:00,56.09,77.33
server_4,2026-06-12 09:00:00+00:00,54.93,78.46
server_4,2026-06-12 10:00:00+00:00,60.13,78.07
server_4,2026-06-12 11:00:00+00:00,63.64,73.0
server_4,2026-06-12 12:00:00+00:00,71.78,81.96
server_4,2026-06-12 13:00:00+00:00,67.38,79.78
server_4,2026-06-12 14:00:00+00:00,64.87,76.25
server_4,2026-06-12 15:00:00+00:00,66.51,78.71
server_4,2026-06-12 16:00:00+00:00,65.09,81.02
server_4,2026-06-12 17:00:00+00:00,58.22,73.54
server_4,2026-06-12 18:00:00+00:00,59.01,75.51
server_4,2026-06-12 19:00:00+00:00,61.02,85.25
server_4,2026-06-12 20:00:00+00:00,58.35,71.71
server_4,2026-06-12 21:00:00+00:00,56.01,76.57
server_4,2026-06-12 22:00:00+00:00,56.68,72.87
server_4,2026-06-12 23:00:00+00:00,53.85,73.54
server_4,2026-06-13 00:00:00+00:00,55.67,76.39
server_4,2026-06-13 01:00:00+00:00,56.78,73.62
server_4,2026-06-13 02:00:00+00:00,53.76,78.81
server_4,2026-06-13 03:00:00+00:00,60.85,84.4
server_4,2026-06-13 04:00:00+00:00,57.98,81.36
server_4,2026-06-13 05:00:00+00:00,51.52,79.83
server_4,2026-06-13 06:00:00+00:00,51.57,70.23
server_4,2026-06-13 07:00:00+00:00,53.54,75.47
server_4,2026-06-13 08:00:00+00:00,59.93,80.55
server_4,2026-06-13 09:00:00+00:00,58.23,81.56
server_4,2026-06-13 10:00:00+00:00,61.94,86.39
server_4,2026-06-13 11:00:00+00:00,59.56,82.82
server_4,2026-06-13 12:00:00+00:00,60.24,82.37
server_4,2026-06-13 13:00:00+00:00,58.3,88.64
server_4,2026-06-13 14:00:00+00:00,62.29,79.89
server_4,2026-06-13 15:00:00+00:00,60.27,77.64
server_4,2026-06-13 16:00:00+00:00,58.95,79.04
server_4,2026-06-13 17:00:00+00:00,61.93,75.71
server_4,2026-06-13 18:00:00+00:00,55.68,77.46
server_4,2026-06-13 19:00:00+00:00,59.33,71.56
server_4,2026-06-13 20:00:00+00:00,52.03,73.79
server_4,2026-06-13 21:00:00+00:00,62.72,79.19
server_4,2026-06-13 22:00:00+00:00,55.07,80.77
server_4,2026-06-13 23:00:00+00:00,57.77,82.36
server_4,2026-06-14 00:00:00+00:00,58.17,74.2
server_4,2026-06-14 01:00:00+00:00,54.76,85.17
server_4,2026-06-14 02:00:00+00:00,58.05,78.61
server_4,2026-06-14 03:00:00+00:00,58.18,79.02
server_4,2026-06-14 04:00:00+00:00,54.22,70.21
server_4,2026-06-14 05:00:00+00:00,54.25,74.21
server_4,2026-06-14 06:00:00+00:00,56.11,81.54
server_4,2026-06-14 07:00:00+00:00,55.71,77.88
server_4,2026-06-14 08:00:00+00:00,58.36,78.56
server_4,2026-06-14 09:00:00+00:00,74.4,84.65
server_4,2026-06-14 10:00:00+00:00,87.48,82.55
server_4,2026-06-14 11:00:00+00:00,94.02,90.22
server_4,2026-06-14 12:00:00+00:00,90.13,94.88
server_4,2026-06-14 13:00:00+00:00,78.9,89.66
server_4,2026-06-14 14:00:00+00:00,61.41,78.69
server_4,2026-06-14 15:00:00+00:00,63.55,86.2
server_4,2026-06-14 16:00:00+00:00,60.03,73.68
server_4,2026-06-14 17:00:00+00:00,61.53,75.35
server_4,2026-06-14 18:00:00+00:00,58.17,85.51
server_4,2026-06-14 19:00:00+00:00,54.78,79.18
server_4,2026-06-14 20:00:00+00:00,55.65,76.02
server_4,2026-06-14 21:00:00+00:00,57.02,77.44
server_4,2026-06-14 22:00:00+00:00,54.88,73.68
server_4,2026-06-14 23:00:00+00:00,59.83,79.75
server_4,2026-06-15 00:00:00+00:00,55.23,77.82
server_4,2026-06-15 01:00:00+00:00,58.79,78.36
server_4,2026-06-15 02:00:00+00:00,59.84,74.0
server_4,2026-06-15 03:00:00+00:00,57.22,78.78
server_4,2026-06-15 04:00:00+00:00,56.65,75.41
server_4,2026-06-15 05:00:00+00:00,57.81,73.99
server_4,2026-06-15 06:00:00+00:00,60.03,83.78
server_4,2026-06-15 07:00:00+00:00,56.75,86.24
server_4,2026-06-15 08:00:00+00:00,55.33,84.84
server_4,2026-06-15 09:00:00+00:00,60.88,81.61
server_4,2026-06-15 10:00:00+00:00,62.42,78.48
server_4,2026-06-15 11:00:00+00:00,66.95,80.85
server_4,2026-06-15 12:00:00+00:00,68.56,83.32
server_4,2026-06-15 13:00:00+00:00,73.3,81.67
server_4,2026-06-15 14:00:00+00:00,70.64,87.7
server_4,2026-06-15 15:00:00+00:00,64.85,72.25
server_4,2026-06-15 16:00:00+00:00,65.6,79.48
server_4,2026-06-15 17:00:00+00:00,60.03,81.91
server_4,2026-06-15 18:00:00+00:00,56.86,74.22
server_4,2026-06-15 19:00:00+00:00,54.47,75.8
server_4,2026-06-15 20:00:00+00:00,57.28,80.12
server_4,2026-06-15 21:00:00+00:00,59.36,84.55
server_4,2026-06-15 22:00:00+00:00,57.83,72.77
server_4,2026-06-15 23:00:00+00:00,55.25,71.57
server_4,2026-06-16 00:00:00+00:00,54.19,72.88
server_4,2026-06-16 01:00:00+00:00,63.28,73.7
server_4,2026-06-16 02:00:00+00:00,58.81,72.42
server_4,2026-06-16 03:00:00+00:00,55.94,73.39
server_4,2026-06-16 04:00:00+00:00,59.15,83.34
server_4,2026-06-16 05:00:00+00:00,63.47,78.67
server_4,2026-06-16 06:00:00+00:00,59.55,78.67
server_4,2026-06-16 07:00:00+00:00,51.03,71.74
server_4,2026-06-16 08:00:00+00:00,64.63,82.85
server_4,2026-06-16 09:00:00+00:00,53.38,83.88
server_4,2026-06-16 10:00:00+00:00,60.91,75.47
server_4,2026-06-16 11:00:00+00:00,61.59,86.16
server_4,2026-06-16 12:00:00+00:00,64.81,81.84
server_4,2026-06-16 13:00:00+00:00,68.56,81.76
server_4,2026-06-16 14:00:00+00:00,62.67,81.24
server_4,2026-06-16 15:00:00+00:00,66.43,82.51
server_4,2026-06-16 16:00:00+00:00,67.3,88.68
server_4,2026-06-16 17:00:00+00:00,59.31,80.54
server_4,2026-06-16 18:00:00+00:00,54.52,78.95
server_4,2026-06-16 19:00:00+00:00,57.65,76.19
server_4,2026-06-16 20:00:00+00:00,57.15,81.06
server_4,2026-06-16 21:00:00+00:00,56.51,73.65
server_4,2026-06-16 22:00:00+00:00,55.03,77.4
server_4,2026-06-16 23:00:00+00:00,59.3,89.99
server_4,2026-06-17 00:00:00+00:00,59.49,68.5
server_4,2026-06-17 01:00:00+00:00,55.34,78.0
server_4,2026-06-17 02:00:00+00:00,55.68,78.28
server_4,2026-06-17 03:00:00+00:00,58.34,77.21
server_4,2026-06-17 04:00:00+00:00,55.59,76.34
server_4,2026-06-17 05:00:00+00:00,58.45,78.52
server_4,2026-06-17 06:00:00+00:00,61.67,78.28
server_4,2026-06-17 07:00:00+00:00,57.85,78.84
server_4,2026-06-17 08:00:00+00:00,54.97,74.99
server_4,2026-06-17 09:00:00+00:00,58.98,86.43
server_4,2026-06-17 10:00:00+00:00,60.98,78.03
server_4,2026-06-17 11:00:00+00:00,64.05,82.4
server_4,2026-06-17 12:00:00+00:00,67.85,78.77
server_4,2026-06-17 13:00:00+00:00,69.58,85.78
server_4,2026-06-17 14:00:00+00:00,67.94,84.41
server_4,2026-06-17 15:00:00+00:00,66.51,82.66
server_4,2026-06-17 16:00:00+00:00,69.59,77.95
server_4,2026-06-17 17:00:00+00:00,64.42,77.24
server_4,2026-06-17 18:00:00+00:00,60.08,85.47
server_4,2026-06-17 19:00:00+00:00,58.33,75.06
server_4,2026-06-17 20:00:00+00:00,55.49,79.68
server_4,2026-06-17 21:00:00+00:00,60.82,75.21
server_4,2026-06-17 22:00:00+00:00,58.36,82.16
server_4,2026-06-17 23:00:00+00:00,56.56,74.75
server_4,2026-06-18 00:00:00+00:00,57.39,73.93
server_4,2026-06-18 01:00:00+00:00,55.58,74.31
server_4,2026-06-18 02:00:00+00:00,60.64,76.71
server_4,2026-06-18 03:00:00+00:00,59.71,80.22
server_4,2026-06-18 04:00:00+00:00,58.45,78.44
server_4,2026-06-18 05:00:00+00:00,57.89,73.58
server_4,2026-06-18 06:00:00+00:00,56.3,77.29
server_4,2026-06-18 07:00:00+00:00,52.67,71.56
server_4,2026-06-18 08:00:00+00:00,54.47,79.34
server_4,2026-06-18 09:00:00+00:00,56.14,80.66
server_4,2026-06-18 10:00:00+00:00,59.19,78.32
server_4,2026-06-18 11:00:00+00:00,65.15,81.59
server_4,2026-06-18 12:00:00+00:00,68.69,88.75
server_4,2026-06-18 13:00:00+00:00,67.53,80.7
server_4,2026-06-18 14:00:00+00:00,71.37,78.9
server_4,2026-06-18 15:00:00+00:00,64.7,82.66
server_4,2026-06-18 16:00:00+00:00,64.09,75.6
server_4,2026-06-18 17:00:00+00:00,61.29,78.31
server_4,2026-06-18 18:00:00+00:00,60.73,76.56
server_4,2026-06-18 19:00:00+00:00,58.26,75.29
server_4,2026-06-18 20:00:00+00:00,58.33,77.12
server_4,2026-06-18 21:00:00+00:00,53.86,80.15
server_4,2026-06-18 22:00:00+00:00,55.75,81.64
server_4,2026-06-18 23:00:00+00:00,60.74,82.66
server_4,2026-06-19 00:00:00+00:00,52.81,77.53
server_4,2026-06-19 01:00:00+00:00,61.36,78.14
server_4,2026-06-19 02:00:00+00:00,59.25,69.01
server_4,2026-06-19 03:00:00+00:00,56.13,78.82
server_4,2026-06-19 04:00:00+00:00,55.92,68.15
server_4,2026-06-19 05:00:00+00:00,62.74,71.97
server_4,2026-06-19 06:00:00+00:00,61.53,78.59
server_4,2026-06-19 07:00:00+00:00,57.7,78.95
server_4,2026-06-19 08:00:00+00:00,58.34,76.31
server_4,2026-06-19 09:00:00+00:00,56.38,83.58
server_4,2026-06-19 10:00:00+00:00,61.76,81.16
server_4,2026-06-19 11:00:00+00:00,62.74,78.66
server_4,2026-06-19 12:00:00+00:00,66.46,86.51
server_4,2026-06-19 13:00:00+00:00,72.37,89.29
server_4,2026-06-19 14:00:00+00:00,67.61,83.41
server_4,2026-06-19 15:00:00+00:00,64.04,77.01
server_4,2026-06-19 16:00:00+00:00,61.01,76.85
server_4,2026-06-19 17:00:00+00:00,61.74,73.52
server_4,2026-06-19 18:00:00+00:00,56.1,77.16
server_4,2026-06-19 19:00:00+00:00,58.62,74.02
server_4,2026-06-19 20:00:00+00:00,53.95,75.27
server_4,2026-06-19 21:00:00+00:00,59.73,79.65
server_4,2026-06-19 22:00:00+00:00,55.35,69.14
server_4,2026-06-19 23:00:00+00:00,58.12,72.99
server_4,2026-06-20 00:00:00+00:00,55.15,74.98
server_4,2026-06-20 01:00:00+00:00,60.3,78.59
server_4,2026-06-20 02:00:00+00:00,56.43,75.47
server_4,2026-06-20 03:00:00+00:00,60.86,77.92
server_4,2026-06-20 04:00:00+00:00,57.4,74.97
server_4,2026-06-20 05:00:00+00:00,59.56,72.75
server_4,2026-06-20 06:00:00+00:00,55.48,74.98
server_4,2026-06-20 07:00:00+00:00,56.86,76.75
server_4,2026-06-20 08:00:00+00:00,59.05,77.12
server_4,2026-06-20 09:00:00+00:00,58.26,78.54
server_4,2026-06-20 10:00:00+00:00,59.21,80.1
server_4,2026-06-20 11:00:00+00:00,58.72,80.98
server_4,2026-06-20 12:00:00+00:00,60.37,76.29
server_4,2026-06-20 13:00:00+00:00,64.26,73.89
server_4,2026-06-20 14:00:00+00:00,64.78,85.46
server_4,2026-06-20 15:00:00+00:00,59.28,79.99
server_4,2026-06-20 16:00:00+00:00,57.68,74.07
server_4,2026-06-20 17:00:00+00:00,55.62,78.28
server_4,2026-06-20 18:00:00+00:00,58.07,82.3
server_4,2026-06-20 19:00:00+00:00,53.68,83.4
server_4,2026-06-20 20:00:00+00:00,58.04,79.02
server_4,2026-06-20 21:00:00+00:00,57.36,82.02
server_4,2026-06-20 22:00:00+00:00,54.64,71.98
server_4,2026-06-20 23:00:00+00:00,59.91,78.52
server_4,2026-06-21 00:00:00+00:00,52.34,74.68
server_4,2026-06-21 01:00:00+00:00,60.15,80.12
server_4,2026-06-21 02:00:00+00:00,56.8,84.02
server_4,2026-06-21 03:00:00+00:00,50.82,76.49
server_4,2026-06-21 04:00:00+00:00,59.98,74.94
server_4,2026-06-21 05:00:00+00:00,58.43,73.1
server_4,2026-06-21 06:00:00+00:00,54.93,83.51
server_4,2026-06-21 07:00:00+00:00,53.59,78.51
server_4,2026-06-21 08:00:00+00:00,52.08,77.72
server_4,2026-06-21 09:00:00+00:00,62.04,78.04
server_4,2026-06-21 10:00:00+00:00,55.57,78.22
server_4,2026-06-21 11:00:00+00:00,56.38,73.48
server_4,2026-06-21 12:00:00+00:00,61.43,80.75
server_4,2026-06-21 13:00:00+00:00,57.32,73.06
server_4,2026-06-21 14:00:00+00:00,58.96,76.9
server_4,2026-06-21 15:00:00+00:00,63.25,77.27
server_4,2026-06-21 16:00:00+00:00,60.7,65.91
server_4,2026-06-21 17:00:00+00:00,56.92,76.23
server_4,2026-06-21 18:00:00+00:00,56.05,73.72
server_4,2026-06-21 19:00:00+00:00,54.89,76.07
server_4,2026-06-21 20:00:00+00:00,55.85,77.25
server_4,2026-06-21 21:00:00+00:00,54.1,83.71
server_4,2026-06-21 22:00:00+00:00,54.55,78.01
server_4,2026-06-21 23:00:00+00:00,54.47,78.1
server_4,2026-06-22 00:00:00+00:00,56.19,79.35
server_4,2026-06-22 01:00:00+00:00,60.61,82.4
server_4,2026-06-22 02:00:00+00:00,59.93,80.49
server_4,2026-06-22 03:00:00+00:00,55.67,78.31
server_4,2026-06-22 04:00:00+00:00,55.01,79.8
server_4,2026-06-22 05:00:00+00:00,57.61,68.16
server_4,2026-06-22 06:00:00+00:00,63.39,88.24
server_4,2026-06-22 07:00:00+00:00,55.43,83.46
server_4,2026-06-22 08:00:00+00:00,57.6,78.73
server_4,2026-06-22 09:00:00+00:00,58.22,72.43
server_4,2026-06-22 10:00:00+00:00,61.15,83.94
server_4,2026-06-22 11:00:00+00:00,63.28,77.07
server_4,2026-06-22 12:00:00+00:00,69.55,84.18
server_4,2026-06-22 13:00:00+00:00,68.98,76.71
server_4,2026-06-22 14:00:00+00:00,69.96,91.09
server_4,2026-06-22 15:00:00+00:00,68.13,75.78
server_4,2026-06-22 16:00:00+00:00,66.66,81.31
server_4,2026-06-22 17:00:00+00:00,65.38,72.09
server_4,2026-06-22 18:00:00+00:00,61.33,79.0
server_4,2026-06-22 19:00:00+00:00,63.81,78.33
server_4,2026-06-22 20:00:00+00:00,61.04,83.61
server_4,2026-06-22 21:00:00+00:00,56.33,75.71
server_4,2026-06-22 22:00:00+00:00,60.12,83.3
server_4,2026-06-22 23:00:00+00:00,59.78,74.53
server_4,2026-06-23 00:00:00+00:00,62.8,78.55
server_4,2026-06-23 01:00:00+00:00,55.58,76.11
server_4,2026-06-23 02:00:00+00:00,59.39,80.47
server_4,2026-06-23 03:00:00+00:00,56.3,78.88
server_4,2026-06-23 04:00:00+00:00,59.28,81.34
server_4,2026-06-23 05:00:00+00:00,57.46,78.88
server_4,2026-06-23 06:00:00+00:00,59.2,81.06
server_4,2026-06-23 07:00:00+00:00,54.47,73.17
server_4,2026-06-23 08:00:00+00:00,59.98,80.25
server_4,2026-06-23 09:00:00+00:00,58.52,84.61
server_4,2026-06-23 10:00:00+00:00,61.8,72.61
server_4,2026-06-23 11:00:00+00:00,69.3,83.91
server_4,2026-06-23 12:00:00+00:00,65.7,83.4
server_4,2026-06-23 13:00:00+00:00,68.7,87.59
server_4,2026-06-23 14:00:00+00:00,68.1,84.44
server_4,2026-06-23 15:00:00+00:00,67.16,81.61
server_4,2026-06-23 16:00:00+00:00,69.98,83.91
server_4,2026-06-23 17:00:00+00:00,61.58,76.31
server_4,2026-06-23 18:00:00+00:00,56.58,75.95
server_4,2026-06-23 19:00:00+00:00,62.68,74.29
server_4,2026-06-23 20:00:00+00:00,57.23,83.68
server_4,2026-06-23 21:00:00+00:00,53.99,78.4
server_4,2026-06-23 22:00:00+00:00,56.15,73.69
server_4,2026-06-23 23:00:00+00:00,54.88,77.99
server_4,2026-06-24 00:00:00+00:00,53.5,81.06
server_4,2026-06-24 01:00:00+00:00,57.09,81.65
server_4,2026-06-24 02:00:00+00:00,57.82,74.23
server_4,2026-06-24 03:00:00+00:00,60.95,66.5
server_4,2026-06-24 04:00:00+00:00,59.57,80.13
server_4,2026-06-24 05:00:00+00:00,59.46,74.96
server_4,2026-06-24 06:00:00+00:00,55.77,79.71
server_4,2026-06-24 07:00:00+00:00,60.21,82.58
server_4,2026-06-24 08:00:00+00:00,61.48,83.67
server_4,2026-06-24 09:00:00+00:00,58.99,85.32
server_4,2026-06-24 10:00:00+00:00,62.48,84.51
server_4,2026-06-24 11:00:00+00:00,61.27,86.14
server_4,2026-06-24 12:00:00+00:00,69.3,87.47
server_4,2026-06-24 13:00:00+00:00,72.3,88.87
server_4,2026-06-24 14:00:00+00:00,68.66,81.57
server_4,2026-06-24 15:00:00+00:00,65.17,75.35
server_4,2026-06-24 16:00:00+00:00,64.02,90.04
server_4,2026-06-24 17:00:00+00:00,60.37,79.08
server_4,2026-06-24 18:00:00+00:00,57.1,82.6
server_4,2026-06-24 19:00:00+00:00,59.62,76.37
server_4,2026-06-24 20:00:00+00:00,58.7,82.1
server_4,2026-06-24 21:00:00+00:00,60.51,69.1
server_4,2026-06-24 22:00:00+00:00,58.93,76.68
server_4,2026-06-24 23:00:00+00:00,55.84,76.85
server_4,2026-06-25 00:00:00+00:00,56.75,79.41
server_4,2026-06-25 01:00:00+00:00,56.59,81.8
server_4,2026-06-25 02:00:00+00:00,57.53,73.46
server_4,2026-06-25 03:00:00+00:00,62.49,82.21
server_4,2026-06-25 04:00:00+00:00,62.89,84.62
server_4,2026-06-25 05:00:00+00:00,60.09,88.12
server_4,2026-06-25 06:00:00+00:00,58.3,80.93
server_4,2026-06-25 07:00:00+00:00,54.6,74.97
server_4,2026-06-25 08:00:00+00:00,58.55,73.11
server_4,2026-06-25 09:00:00+00:00,56.02,84.63
server_4,2026-06-25 10:00:00+00:00,65.5,83.57
server_4,2026-06-25 11:00:00+00:00,60.41,78.76
server_4,2026-06-25 12:00:00+00:00,67.62,74.89
server_4,2026-06-25 13:00:00+00:00,65.66,76.96
server_4,2026-06-25 14:00:00+00:00,67.82,83.96
server_4,2026-06-25 15:00:00+00:00,68.33,83.03
server_4,2026-06-25 16:00:00+00:00,66.98,73.36
server_4,2026-06-25 17:00:00+00:00,61.27,81.67
server_4,2026-06-25 18:00:00+00:00,59.9,72.39
server_4,2026-06-25 19:00:00+00:00,56.34,82.84
server_4,2026-06-25 20:00:00+00:00,58.61,79.05
server_4,2026-06-25 21:00:00+00:00,60.51,77.02
server_4,2026-06-25 22:00:00+00:00,58.83,82.25
server_4,2026-06-25 23:00:00+00:00,56.68,78.95
server_4,2026-06-26 00:00:00+00:00,57.3,83.06
server_4,2026-06-26 01:00:00+00:00,60.54,79.21
server_4,2026-06-26 02:00:00+00:00,55.27,77.6
server_4,2026-06-26 03:00:00+00:00,55.64,76.03
server_4,2026-06-26 04:00:00+00:00,59.5,79.58
server_4,2026-06-26 05:00:00+00:00,56.9,84.41
server_4,2026-06-26 06:00:00+00:00,54.37,74.72
server_4,2026-06-26 07:00:00+00:00,61.38,81.77
server_4,2026-06-26 08:00:00+00:00,55.25,73.52
server_4,2026-06-26 09:00:00+00:00,57.5,69.56
server_4,2026-06-26 10:00:00+00:00,59.87,79.48
server_4,2026-06-26 11:00:00+00:00,63.68,81.47
server_4,2026-06-26 12:00:00+00:00,64.45,79.82
server_4,2026-06-26 13:00:00+00:00,69.63,76.09
server_4,2026-06-26 14:00:00+00:00,68.13,82.76
server_4,2026-06-26 15:00:00+00:00,69.12,82.96
server_4,2026-06-26 16:00:00+00:00,62.9,76.16
server_4,2026-06-26 17:00:00+00:00,66.75,75.65
server_4,2026-06-26 18:00:00+00:00,53.24,75.32
server_4,2026-06-26 19:00:00+00:00,54.04,79.22
server_4,2026-06-26 20:00:00+00:00,62.38,81.2
server_4,2026-06-26 21:00:00+00:00,59.19,74.89
server_4,2026-06-26 22:00:00+00:00,58.85,78.85
server_4,2026-06-26 23:00:00+00:00,59.08,81.93
server_4,2026-06-27 00:00:00+00:00,57.43,73.11
server_4,2026-06-27 01:00:00+00:00,56.75,77.81
server_4,2026-06-27 02:00:00+00:00,53.59,81.81
server_4,2026-06-27 03:00:00+00:00,58.05,72.92
server_4,2026-06-27 04:00:00+00:00,57.65,82.5
server_4,2026-06-27 05:00:00+00:00,59.57,85.03
server_4,2026-06-27 06:00:00+00:00,60.41,77.95
server_4,2026-06-27 07:00:00+00:00,56.83,76.22
server_4,2026-06-27 08:00:00+00:00,52.93,80.36
server_4,2026-06-27 09:00:00+00:00,60.43,78.11
server_4,2026-06-27 10:00:00+00:00,55.34,67.66
server_4,2026-06-27 11:00:00+00:00,60.38,78.44
server_4,2026-06-27 12:00:00+00:00,60.12,80.62
server_4,2026-06-27 13:00:00+00:00,60.34,81.78
server_4,2026-06-27 14:00:00+00:00,63.33,76.34
server_4,2026-06-27 15:00:00+00:00,61.37,78.1
server_4,2026-06-27 16:00:00+00:00,60.82,82.89
server_4,2026-06-27 17:00:00+00:00,55.84,77.0
server_4,2026-06-27 18:00:00+00:00,55.56,71.03
server_4,2026-06-27 19:00:00+00:00,54.08,81.58
server_4,2026-06-27 20:00:00+00:00,55.5,76.27
server_4,2026-06-27 21:00:00+00:00,55.7,81.56
server_4,2026-06-27 22:00:00+00:00,60.61,73.33
server_4,2026-06-27 23:00:00+00:00,55.35,76.59
server_4,2026-06-28 00:00:00+00:00,50.69,77.48
server_4,2026-06-28 01:00:00+00:00,59.49,78.17
server_4,2026-06-28 02:00:00+00:00,57.12,72.96
server_4,2026-06-28 03:00:00+00:00,55.67,67.64
server_4,2026-06-28 04:00:00+00:00,54.91,83.01
server_4,2026-06-28 05:00:00+00:00,53.63,77.46
server_4,2026-06-28 06:00:00+00:00,60.85,83.66
server_4,2026-06-28 07:00:00+00:00,56.13,81.06
server_4,2026-06-28 08:00:00+00:00,51.66,78.17
server_4,2026-06-28 09:00:00+00:00,56.82,76.3
server_4,2026-06-28 10:00:00+00:00,60.9,80.97
server_4,2026-06-28 11:00:00+00:00,59.93,84.4
server_4,2026-06-28 12:00:00+00:00,58.51,78.51
server_4,2026-06-28 13:00:00+00:00,58.94,85.94
server_4,2026-06-28 14:00:00+00:00,59.12,72.4
server_4,2026-06-28 15:00:00+00:00,64.57,73.87
server_4,2026-06-28 16:00:00+00:00,59.36,82.43
server_4,2026-06-28 17:00:00+00:00,53.68,73.21
server_4,2026-06-28 18:00:00+00:00,56.96,85.81
server_4,2026-06-28 19:00:00+00:00,56.35,82.77
server_4,2026-06-28 20:00:00+00:00,54.88,83.26
server_4,2026-06-28 21:00:00+00:00,53.45,79.94
server_4,2026-06-28 22:00:00+00:00,53.34,72.68
server_4,2026-06-28 23:00:00+00:00,58.72,71.61
server_4,2026-06-29 00:00:00+00:00,58.62,84.2
server_4,2026-06-29 01:00:00+00:00,59.2,72.42
server_4,2026-06-29 02:00:00+00:00,58.61,84.55
server_4,2026-06-29 03:00:00+00:00,58.82,80.97
server_4,2026-06-29 04:00:00+00:00,56.83,77.29
server_4,2026-06-29 05:00:00+00:00,57.49,79.59
server_4,2026-06-29 06:00:00+00:00,60.91,80.88
server_4,2026-06-29 07:00:00+00:00,61.54,78.43
server_4,2026-06-29 08:00:00+00:00,54.94,82.63
server_4,2026-06-29 09:00:00+00:00,57.48,83.38
server_4,2026-06-29 10:00:00+00:00,63.52,80.55
server_4,2026-06-29 11:00:00+00:00,69.13,79.5
server_4,2026-06-29 12:00:00+00:00,71.12,87.81
server_4,2026-06-29 13:00:00+00:00,65.86,72.66
server_4,2026-06-29 14:00:00+00:00,71.04,84.34
server_4,2026-06-29 15:00:00+00:00,66.81,84.04
server_4,2026-06-29 16:00:00+00:00,67.04,77.85
server_4,2026-06-29 17:00:00+00:00,63.39,83.78
server_4,2026-06-29 18:00:00+00:00,54.84,76.79
server_4,2026-06-29 19:00:00+00:00,59.37,76.3
server_4,2026-06-29 20:00:00+00:00,60.51,82.73
server_4,2026-06-29 21:00:00+00:00,57.95,73.64
server_4,2026-06-29 22:00:00+00:00,57.38,81.26
server_4,2026-06-29 23:00:00+00:00,54.07,68.7
server_4,2026-06-30 00:00:00+00:00,59.71,79.74
server_4,2026-06-30 01:00:00+00:00,58.52,78.36
server_4,2026-06-30 02:00:00+00:00,55.69,75.03
server_4,2026-06-30 03:00:00+00:00,57.19,79.27
server_4,2026-06-30 04:00:00+00:00,58.39,77.82
server_4,2026-06-30 05:00:00+00:00,56.6,81.73
server_4,2026-06-30 06:00:00+00:00,58.01,80.24
server_4,2026-06-30 07:00:00+00:00,53.63,78.28
server_4,2026-06-30 08:00:00+00:00,61.37,80.35
server_4,2026-06-30 09:00:00+00:00,58.04,76.13
server_4,2026-06-30 10:00:00+00:00,58.67,77.03
server_4,2026-06-30 11:00:00+00:00,58.28,79.09
server_4,2026-06-30 12:00:00+00:00,69.23,81.24
server_4,2026-06-30 13:00:00+00:00,69.24,86.38
server_4,2026-06-30 14:00:00+00:00,68.37,82.0
server_4,2026-06-30 15:00:00+00:00,68.82,83.29
server_4,2026-06-30 16:00:00+00:00,66.58,75.39
server_4,2026-06-30 17:00:00+00:00,61.91,83.14
server_4,2026-06-30 18:00:00+00:00,57.36,75.45
server_4,2026-06-30 19:00:00+00:00,56.96,73.46
server_4,2026-06-30 20:00:00+00:00,59.05,84.95
server_4,2026-06-30 21:00:00+00:00,61.49,82.01
server_4,2026-06-30 22:00:00+00:00,57.74,81.82
server_4,2026-06-30 23:00:00+00:00,61.69,81.11
server_4,2026-07-01 00:00:00+00:00,58.93,77.95
server_4,2026-07-01 01:00:00+00:00,58.95,77.21
server_4,2026-07-01 02:00:00+00:00,64.01,83.22
server_4,2026-07-01 03:00:00+00:00,62.13,83.98
server_4,2026-07-01 04:00:00+00:00,62.2,79.2
server_4,2026-07-01 05:00:00+00:00,56.01,85.59
server_4,2026-07-01 06:00:00+00:00,63.48,79.13
server_4,2026-07-01 07:00:00+00:00,57.79,72.35
server_4,2026-07-01 08:00:00+00:00,57.43,70.91
server_4,2026-07-01 09:00:00+00:00,52.6,69.36
server_4,2026-07-01 10:00:00+00:00,62.24,77.83
server_4,2026-07-01 11:00:00+00:00,61.72,78.37
server_4,2026-07-01 12:00:00+00:00,67.68,84.12
server_4,2026-07-01 13:00:00+00:00,64.94,80.32
server_4,2026-07-01 14:00:00+00:00,72.34,86.39
server_4,2026-07-01 15:00:00+00:00,68.04,81.69
server_4,2026-07-01 16:00:00+00:00,70.13,82.3
server_4,2026-07-01 17:00:00+00:00,58.86,75.99
server_4,2026-07-01 18:00:00+00:00,61.87,85.05
server_4,2026-07-01 19:00:00+00:00,53.49,70.3
server_4,2026-07-01 20:00:00+00:00,58.52,79.39
server_4,2026-07-01 21:00:00+00:00,56.42,76.72
server_4,2026-07-01 22:00:00+00:00,56.88,80.74
server_4,2026-07-01 23:00:00+00:00,56.71,77.46
server_4,2026-07-02 00:00:00+00:00,55.71,77.23
server_4,2026-07-02 01:00:00+00:00,54.85,75.83
server_4,2026-07-02 02:00:00+00:00,56.89,83.19
server_4,2026-07-02 03:00:00+00:00,58.29,78.11
server_4,2026-07-02 04:00:00+00:00,60.91,86.9
server_4,2026-07-02 05:00:00+00:00,58.74,79.35
server_4,2026-07-02 06:00:00+00:00,60.92,79.11
server_4,2026-07-02 07:00:00+00:00,54.3,76.13
server_4,2026-07-02 08:00:00+00:00,56.92,79.88
server_4,2026-07-02 09:00:00+00:00,59.78,76.27
server_4,2026-07-02 10:00:00+00:00,62.28,80.08
server_4,2026-07-02 11:00:00+00:00,62.27,79.53
server_4,2026-07-02 12:00:00+00:00,69.0,83.15
server_4,2026-07-02 13:00:00+00:00,66.52,82.38
server_4,2026-07-02 14:00:00+00:00,65.9,82.37
server_4,2026-07-02 15:00:00+00:00,67.88,81.84
server_4,2026-07-02 16:00:00+00:00,64.44,86.53
server_4,2026-07-02 17:00:00+00:00,60.11,80.43
server_4,2026-07-02 18:00:00+00:00,56.61,87.94
server_4,2026-07-02 19:00:00+00:00,55.33,77.26
server_4,2026-07-02 20:00:00+00:00,57.01,81.49
server_4,2026-07-02 21:00:00+00:00,60.75,76.06
server_4,2026-07-02 22:00:00+00:00,58.61,83.82
server_4,2026-07-02 23:00:00+00:00,60.4,76.02
server_4,2026-07-03 00:00:00+00:00,59.29,80.28
server_4,2026-07-03 01:00:00+00:00,56.47,76.41
server_4,2026-07-03 02:00:00+00:00,53.88,78.37
server_4,2026-07-03 03:00:00+00:00,55.68,76.25
server_4,2026-07-03 04:00:00+00:00,56.32,74.26
server_4,2026-07-03 05:00:00+00:00,56.13,76.26
server_4,2026-07-03 06:00:00+00:00,60.45,85.02
server_4,2026-07-03 07:00:00+00:00,60.43,80.72
server_4,2026-07-03 08:00:00+00:00,63.53,74.78
server_4,2026-07-03 09:00:00+00:00,56.09,81.71
server_4,2026-07-03 10:00:00+00:00,65.41,77.03
server_4,2026-07-03 11:00:00+00:00,68.41,84.62
server_4,2026-07-03 12:00:00+00:00,66.08,83.04
server_4,2026-07-03 13:00:00+00:00,69.03,84.33
server_4,2026-07-03 14:00:00+00:00,70.95,89.95
server_4,2026-07-03 15:00:00+00:00,66.51,77.66
server_4,2026-07-03 16:00:00+00:00,64.09,82.57
server_4,2026-07-03 17:00:00+00:00,59.85,83.69
server_4,2026-07-03 18:00:00+00:00,52.1,73.36
server_4,2026-07-03 19:00:00+00:00,58.18,75.08
server_4,2026-07-03 20:00:00+00:00,56.23,76.23
server_4,2026-07-03 21:00:00+00:00,55.31,78.36
server_4,2026-07-03 22:00:00+00:00,59.06,72.73
server_4,2026-07-03 23:00:00+00:00,54.37,78.94
server_4,2026-07-04 00:00:00+00:00,58.02,72.37
server_4,2026-07-04 01:00:00+00:00,57.21,82.9
server_4,2026-07-04 02:00:00+00:00,55.0,79.0
server_4,2026-07-04 03:00:00+00:00,55.84,84.9
server_4,2026-07-04 04:00:00+00:00,53.02,78.93
server_4,2026-07-04 05:00:00+00:00,57.88,76.74
server_4,2026-07-04 06:00:00+00:00,56.47,74.27
server_4,2026-07-04 07:00:00+00:00,56.65,78.48
server_4,2026-07-04 08:00:00+00:00,57.25,77.62
server_4,2026-07-04 09:00:00+00:00,54.39,81.48
server_4,2026-07-04 10:00:00+00:00,54.08,72.91
server_4,2026-07-04 11:00:00+00:00,61.93,87.46
server_4,2026-07-04 12:00:00+00:00,62.48,84.67
server_4,2026-07-04 13:00:00+00:00,60.08,77.91
server_4,2026-07-04 14:00:00+00:00,62.44,86.75
server_4,2026-07-04 15:00:00+00:00,63.91,76.94
server_4,2026-07-04 16:00:00+00:00,62.38,80.36
server_4,2026-07-04 17:00:00+00:00,56.47,72.36
server_4,2026-07-04 18:00:00+00:00,52.28,83.38
server_4,2026-07-04 19:00:00+00:00,52.71,69.56
server_4,2026-07-04 20:00:00+00:00,55.22,71.27
server_4,2026-07-04 21:00:00+00:00,59.66,76.04
server_4,2026-07-04 22:00:00+00:00,54.18,81.95
server_4,2026-07-04 23:00:00+00:00,54.51,80.6
server_4,2026-07-05 00:00:00+00:00,54.46,77.25
server_4,2026-07-05 01:00:00+00:00,54.67,80.91
server_4,2026-07-05 02:00:00+00:00,55.97,76.83
server_4,2026-07-05 03:00:00+00:00,52.8,77.87
server_4,2026-07-05 04:00:00+00:00,58.71,84.86
server_4,2026-07-05 05:00:00+00:00,55.64,76.19
server_4,2026-07-05 06:00:00+00:00,62.2,76.4
server_4,2026-07-05 07:00:00+00:00,53.07,78.15
server_4,2026-07-05 08:00:00+00:00,59.97,81.65
server_4,2026-07-05 09:00:00+00:00,59.48,78.96
server_4,2026-07-05 10:00:00+00:00,56.85,81.61
server_4,2026-07-05 11:00:00+00:00,58.55,77.39
server_4,2026-07-05 12:00:00+00:00,58.46,78.67
server_4,2026-07-05 13:00:00+00:00,59.14,79.9
server_4,2026-07-05 14:00:00+00:00,61.41,80.34
server_4,2026-07-05 15:00:00+00:00,60.81,85.44
server_4,2026-07-05 16:00:00+00:00,55.53,78.61
server_4,2026-07-05 17:00:00+00:00,63.61,78.75
server_4,2026-07-05 18:00:00+00:00,55.35,79.18
server_4,2026-07-05 19:00:00+00:00,56.16,81.39
server_4,2026-07-05 20:00:00+00:00,54.43,79.85
server_4,2026-07-05 21:00:00+00:00,55.33,79.94
server_4,2026-07-05 22:00:00+00:00,55.11,70.99
server_4,2026-07-05 23:00:00+00:00,55.99,67.33
server_4,2026-07-06 00:00:00+00:00,57.96,83.09
server_4,2026-07-06 01:00:00+00:00,60.01,80.46
server_4,2026-07-06 02:00:00+00:00,58.57,78.11
server_4,2026-07-06 03:00:00+00:00,59.76,81.39
server_4,2026-07-06 04:00:00+00:00,57.98,85.7
server_4,2026-07-06 05:00:00+00:00,58.58,83.86
server_4,2026-07-06 06:00:00+00:00,57.4,81.64
server_4,2026-07-06 07:00:00+00:00,60.51,75.33
server_4,2026-07-06 08:00:00+00:00,58.81,75.26
server_4,2026-07-06 09:00:00+00:00,57.6,68.32
server_4,2026-07-06 10:00:00+00:00,60.95,81.57
server_4,2026-07-06 11:00:00+00:00,64.15,84.59
server_4,2026-07-06 12:00:00+00:00,66.74,85.82
server_4,2026-07-06 13:00:00+00:00,67.71,84.1
server_4,2026-07-06 14:00:00+00:00,66.45,80.34
server_4,2026-07-06 15:00:00+00:00,68.57,79.44
server_4,2026-07-06 16:00:00+00:00,66.5,77.67
server_4,2026-07-06 17:00:00+00:00,65.88,80.1
server_4,2026-07-06 18:00:00+00:00,56.49,73.56
server_4,2026-07-06 19:00:00+00:00,59.67,85.61
server_4,2026-07-06 20:00:00+00:00,53.23,71.12
server_4,2026-07-06 21:00:00+00:00,60.07,77.94
server_4,2026-07-06 22:00:00+00:00,54.36,68.98
server_4,2026-07-06 23:00:00+00:00,55.54,78.32
server_4,2026-07-07 00:00:00+00:00,58.83,78.28
server_4,2026-07-07 01:00:00+00:00,56.45,76.03
server_4,2026-07-07 02:00:00+00:00,56.1,73.61
server_4,2026-07-07 03:00:00+00:00,56.79,77.59
server_4,2026-07-07 04:00:00+00:00,59.82,76.46
server_4,2026-07-07 05:00:00+00:00,55.67,76.64
server_4,2026-07-07 06:00:00+00:00,57.86,85.78
server_4,2026-07-07 07:00:00+00:00,57.05,78.36
server_4,2026-07-07 08:00:00+00:00,60.05,80.85
server_4,2026-07-07 09:00:00+00:00,60.12,76.88
server_4,2026-07-07 10:00:00+00:00,56.83,74.45
server_4,2026-07-07 11:00:00+00:00,67.04,81.07
server_4,2026-07-07 12:00:00+00:00,65.13,90.51
server_4,2026-07-07 13:00:00+00:00,68.44,80.5
server_4,2026-07-07 14:00:00+00:00,65.5,82.07
server_4,2026-07-07 15:00:00+00:00,67.59,78.04
server_4,2026-07-07 16:00:00+00:00,70.81,71.46
server_4,2026-07-07 17:00:00+00:00,61.74,76.15
server_4,2026-07-07 18:00:00+00:00,56.85,87.12
server_4,2026-07-07 19:00:00+00:00,57.42,80.18
server_4,2026-07-07 20:00:00+00:00,54.33,83.28
server_4,2026-07-07 21:00:00+00:00,61.62,77.88
server_4,2026-07-07 22:00:00+00:00,58.78,68.85
server_4,2026-07-07 23:00:00+00:00,55.38,72.65
server_4,2026-07-08 00:00:00+00:00,55.46,78.7
server_4,2026-07-08 01:00:00+00:00,58.04,78.96
server_4,2026-07-08 02:00:00+00:00,60.33,78.77
server_4,2026-07-08 03:00:00+00:00,55.12,74.87
server_4,2026-07-08 04:00:00+00:00,60.78,82.73
server_4,2026-07-08 05:00:00+00:00,57.77,75.91
server_4,2026-07-08 06:00:00+00:00,55.67,78.42
server_4,2026-07-08 07:00:00+00:00,56.83,78.37
server_4,2026-07-08 08:00:00+00:00,62.37,78.06
server_4,2026-07-08 09:00:00+00:00,54.53,73.26
server_4,2026-07-08 10:00:00+00:00,59.59,76.85
server_4,2026-07-08 11:00:00+00:00,66.81,88.58
server_4,2026-07-08 12:00:00+00:00,67.2,85.67
server_4,2026-07-08 13:00:00+00:00,65.87,84.84
server_4,2026-07-08 14:00:00+00:00,70.26,79.15
server_4,2026-07-08 15:00:00+00:00,69.19,76.17
server_4,2026-07-08 16:00:00+00:00,65.26,84.93
server_4,2026-07-08 17:00:00+00:00,59.89,82.28
server_4,2026-07-08 18:00:00+00:00,56.85,78.15
server_4,2026-07-08 19:00:00+00:00,58.71,76.77
server_4,2026-07-08 20:00:00+00:00,54.72,71.0
server_4,2026-07-08 21:00:00+00:00,61.32,82.63
server_4,2026-07-08 22:00:00+00:00,62.25,84.23
server_4,2026-07-08 23:00:00+00:00,57.41,75.08
server_4,2026-07-09 00:00:00+00:00,58.89,75.26
server_4,2026-07-09 01:00:00+00:00,60.96,84.0
server_4,2026-07-09 02:00:00+00:00,62.89,77.14
server_4,2026-07-09 03:00:00+00:00,61.89,86.48
server_4,2026-07-09 04:00:00+00:00,53.66,76.05
server_4,2026-07-09 05:00:00+00:00,57.21,76.18
server_4,2026-07-09 06:00:00+00:00,59.25,78.62
server_4,2026-07-09 07:00:00+00:00,56.76,76.02
server_4,2026-07-09 08:00:00+00:00,62.46,84.06
server_4,2026-07-09 09:00:00+00:00,62.07,82.97
server_4,2026-07-09 10:00:00+00:00,59.38,82.84
server_4,2026-07-09 11:00:00+00:00,64.02,80.85
server_4,2026-07-09 12:00:00+00:00,64.79,78.55
server_4,2026-07-09 13:00:00+00:00,67.36,81.24
server_4,2026-07-09 14:00:00+00:00,67.28,79.55
server_4,2026-07-09 15:00:00+00:00,69.05,87.73
server_4,2026-07-09 16:00:00+00:00,62.21,83.48
server_4,2026-07-09 17:00:00+00:00,54.88,76.54
server_4,2026-07-09 18:00:00+00:00,53.99,72.89
server_4,2026-07-09 19:00:00+00:00,55.43,83.26
server_4,2026-07-09 20:00:00+00:00,56.36,77.97
server_4,2026-07-09 21:00:00+00:00,58.47,77.64
server_4,2026-07-09 22:00:00+00:00,55.3,83.25
server_4,2026-07-09 23:00:00+00:00,54.97,74.9
server_4,2026-07-10 00:00:00+00:00,55.68,75.91
server_4,2026-07-10 01:00:00+00:00,55.21,76.1
server_4,2026-07-10 02:00:00+00:00,56.61,72.25
server_4,2026-07-10 03:00:00+00:00,56.51,78.74
server_4,2026-07-10 04:00:00+00:00,59.72,75.55
server_4,2026-07-10 05:00:00+00:00,55.53,74.85
server_4,2026-07-10 06:00:00+00:00,57.11,74.87
server_4,2026-07-10 07:00:00+00:00,56.64,75.17
server_4,2026-07-10 08:00:00+00:00,60.02,75.35
server_4,2026-07-10 09:00:00+00:00,57.61,78.85
server_4,2026-07-10 10:00:00+00:00,64.05,79.49
server_4,2026-07-10 11:00:00+00:00,61.55,79.43
server_4,2026-07-10 12:00:00+00:00,66.54,90.4
server_4,2026-07-10 13:00:00+00:00,66.41,80.32
server_4,2026-07-10 14:00:00+00:00,64.78,82.79
server_4,2026-07-10 15:00:00+00:00,66.49,83.85
server_4,2026-07-10 16:00:00+00:00,68.76,81.51
server_4,2026-07-10 17:00:00+00:00,59.29,79.55
server_4,2026-07-10 18:00:00+00:00,57.68,77.97
server_4,2026-07-10 19:00:00+00:00,54.72,77.66
server_4,2026-07-10 20:00:00+00:00,54.35,74.38
server_4,2026-07-10 21:00:00+00:00,56.03,75.33
server_4,2026-07-10 22:00:00+00:00,56.88,77.67
server_4,2026-07-10 23:00:00+00:00,56.99,69.76
server_4,2026-07-11 00:00:00+00:00,55.43,83.09
server_4,2026-07-11 01:00:00+00:00,51.88,84.5
server_4,2026-07-11 02:00:00+00:00,54.44,77.43
server_4,2026-07-11 03:00:00+00:00,57.25,80.4
server_4,2026-07-11 04:00:00+00:00,52.6,80.44
server_4,2026-07-11 05:00:00+00:00,55.11,71.69
server_4,2026-07-11 06:00:00+00:00,56.73,81.27
server_4,2026-07-11 07:00:00+00:00,54.04,74.91
server_4,2026-07-11 08:00:00+00:00,56.85,86.76
server_4,2026-07-11 09:00:00+00:00,52.2,75.22
server_4,2026-07-11 10:00:00+00:00,60.1,82.37
server_4,2026-07-11 11:00:00+00:00,60.45,78.14
server_4,2026-07-11 12:00:00+00:00,60.9,87.8
server_4,2026-07-11 13:00:00+00:00,64.23,78.13
server_4,2026-07-11 14:00:00+00:00,60.59,83.57
server_4,2026-07-11 15:00:00+00:00,59.22,80.93
server_4,2026-07-11 16:00:00+00:00,62.97,81.36
server_4,2026-07-11 17:00:00+00:00,62.48,80.49
server_4,2026-07-11 18:00:00+00:00,54.27,74.03
server_4,2026-07-11 19:00:00+00:00,55.72,66.86
server_4,2026-07-11 20:00:00+00:00,58.61,82.51
server_4,2026-07-11 21:00:00+00:00,55.8,75.28
server_4,2026-07-11 22:00:00+00:00,57.49,82.5
server_4,2026-07-11 23:00:00+00:00,57.95,79.39
server_4,2026-07-12 00:00:00+00:00,54.59,81.61
server_4,2026-07-12 01:00:00+00:00,57.05,80.87
server_4,2026-07-12 02:00:00+00:00,55.98,67.44
server_4,2026-07-12 03:00:00+00:00,52.96,78.69
server_4,2026-07-12 04:00:00+00:00,53.53,75.06
server_4,2026-07-12 05:00:00+00:00,54.37,81.39
server_4,2026-07-12 06:00:00+00:00,58.32,80.48
server_4,2026-07-12 07:00:00+00:00,58.4,80.55
server_4,2026-07-12 08:00:00+00:00,57.87,76.87
server_4,2026-07-12 09:00:00+00:00,57.1,74.03
server_4,2026-07-12 10:00:00+00:00,58.91,76.59
server_4,2026-07-12 11:00:00+00:00,60.23,71.58
server_4,2026-07-12 12:00:00+00:00,61.78,76.96
server_4,2026-07-12 13:00:00+00:00,62.6,73.76
server_4,2026-07-12 14:00:00+00:00,57.91,72.22
server_4,2026-07-12 15:00:00+00:00,58.79,78.74
server_4,2026-07-12 16:00:00+00:00,56.96,79.77
server_4,2026-07-12 17:00:00+00:00,60.65,78.8
server_4,2026-07-12 18:00:00+00:00,60.14,76.75
server_4,2026-07-12 19:00:00+00:00,50.58,71.61
server_4,2026-07-12 20:00:00+00:00,59.91,77.4
server_4,2026-07-12 21:00:00+00:00,56.22,74.09
server_4,2026-07-12 22:00:00+00:00,58.53,77.93
server_4,2026-07-12 23:00:00+00:00,57.27,71.66
server_4,2026-07-13 00:00:00+00:00,61.6,82.07
server_4,2026-07-13 01:00:00+00:00,58.52,75.92
server_4,2026-07-13 02:00:00+00:00,54.59,78.31
server_4,2026-07-13 03:00:00+00:00,57.74,81.46
server_4,2026-07-13 04:00:00+00:00,59.29,79.76
server_4,2026-07-13 05:00:00+00:00,57.46,81.01
server_4,2026-07-13 06:00:00+00:00,59.64,70.31
server_4,2026-07-13 07:00:00+00:00,57.84,75.97
server_4,2026-07-13 08:00:00+00:00,56.51,81.89
server_4,2026-07-13 09:00:00+00:00,55.29,79.09
server_4,2026-07-13 10:00:00+00:00,60.44,86.25
server_4,2026-07-13 11:00:00+00:00,64.94,87.25
server_4,2026-07-13 12:00:00+00:00,61.76,80.51
server_4,2026-07-13 13:00:00+00:00,65.9,79.76
server_4,2026-07-13 14:00:00+00:00,62.86,75.87
server_4,2026-07-13 15:00:00+00:00,65.12,78.59
server_4,2026-07-13 16:00:00+00:00,67.42,79.66
server_4,2026-07-13 17:00:00+00:00,58.45,75.79
server_4,2026-07-13 18:00:00+00:00,59.76,74.94
server_4,2026-07-13 19:00:00+00:00,65.12,82.1
server_4,2026-07-13 20:00:00+00:00,61.63,86.06
server_4,2026-07-13 21:00:00+00:00,58.33,81.85
server_4,2026-07-13 22:00:00+00:00,60.15,77.46
server_4,2026-07-13 23:00:00+00:00,54.58,80.86
server_4,2026-07-14 00:00:00+00:00,54.07,78.01
server_4,2026-07-14 01:00:00+00:00,58.07,77.86
server_4,2026-07-14 02:00:00+00:00,59.0,77.94
server_4,2026-07-14 03:00:00+00:00,60.74,78.16
server_4,2026-07-14 04:00:00+00:00,56.58,80.11
server_4,2026-07-14 05:00:00+00:00,58.48,78.73
server_4,2026-07-14 06:00:00+00:00,58.4,75.23
server_4,2026-07-14 07:00:00+00:00,57.67,74.78
server_4,2026-07-14 08:00:00+00:00,57.82,79.16
server_4,2026-07-14 09:00:00+00:00,55.86,78.97
server_4,2026-07-14 10:00:00+00:00,62.12,78.19
server_4,2026-07-14 11:00:00+00:00,64.92,75.89
server_4,2026-07-14 12:00:00+00:00,65.56,85.65
server_4,2026-07-14 13:00:00+00:00,69.51,86.18
server_4,2026-07-14 14:00:00+00:00,70.42,74.4
server_4,2026-07-14 15:00:00+00:00,68.35,86.98
server_4,2026-07-14 16:00:00+00:00,61.82,78.5
server_4,2026-07-14 17:00:00+00:00,61.67,80.04
server_4,2026-07-14 18:00:00+00:00,55.72,81.76
server_4,2026-07-14 19:00:00+00:00,58.24,84.69
server_4,2026-07-14 20:00:00+00:00,55.73,81.22
server_4,2026-07-14 21:00:00+00:00,61.19,80.08
server_4,2026-07-14 22:00:00+00:00,59.96,73.18
server_4,2026-07-14 23:00:00+00:00,60.88,70.9
server_4,2026-07-15 00:00:00+00:00,60.63,82.43
server_4,2026-07-15 01:00:00+00:00,57.32,83.13
server_4,2026-07-15 02:00:00+00:00,56.94,74.37
server_4,2026-07-15 03:00:00+00:00,62.35,78.44
server_4,2026-07-15 04:00:00+00:00,57.59,75.63
server_4,2026-07-15 05:00:00+00:00,54.61,74.48
server_4,2026-07-15 06:00:00+00:00,60.52,83.18
server_4,2026-07-15 07:00:00+00:00,58.36,79.0
server_4,2026-07-15 08:00:00+00:00,61.76,78.4
server_4,2026-07-15 09:00:00+00:00,58.61,88.84
server_4,2026-07-15 10:00:00+00:00,61.37,73.44
server_4,2026-07-15 11:00:00+00:00,68.24,83.78
server_4,2026-07-15 12:00:00+00:00,62.81,75.49
server_4,2026-07-15 13:00:00+00:00,66.38,80.3
server_4,2026-07-15 14:00:00+00:00,65.63,81.26
server_4,2026-07-15 15:00:00+00:00,61.17,82.49
server_4,2026-07-15 16:00:00+00:00,66.61,79.97
server_4,2026-07-15 17:00:00+00:00,60.03,77.24
server_4,2026-07-15 18:00:00+00:00,60.26,77.68
server_4,2026-07-15 19:00:00+00:00,58.97,74.02
server_4,2026-07-15 20:00:00+00:00,59.52,81.06
server_4,2026-07-15 21:00:00+00:00,56.86,78.73
server_4,2026-07-15 22:00:00+00:00,56.09,79.07
server_4,2026-07-15 23:00:00+00:00,58.22,77.8
server_4,2026-07-16 00:00:00+00:00,60.3,78.03
server_4,2026-07-16 01:00:00+00:00,57.87,82.66
server_4,2026-07-16 02:00:00+00:00,56.25,81.47
server_4,2026-07-16 03:00:00+00:00,55.0,82.61
server_4,2026-07-16 04:00:00+00:00,58.51,79.67
server_4,2026-07-16 05:00:00+00:00,56.61,82.93
server_4,2026-07-16 06:00:00+00:00,57.82,76.27
server_4,2026-07-16 07:00:00+00:00,57.4,76.99
server_4,2026-07-16 08:00:00+00:00,56.89,82.39
server_4,2026-07-16 09:00:00+00:00,58.73,81.63
server_4,2026-07-16 10:00:00+00:00,62.81,78.52
server_4,2026-07-16 11:00:00+00:00,69.34,77.78
server_4,2026-07-16 12:00:00+00:00,68.56,80.88
server_4,2026-07-16 13:00:00+00:00,71.83,80.1
server_4,2026-07-16 14:00:00+00:00,65.8,87.63
server_4,2026-07-16 15:00:00+00:00,62.66,82.67
server_4,2026-07-16 16:00:00+00:00,64.39,77.17
server_4,2026-07-16 17:00:00+00:00,63.57,75.77
server_4,2026-07-16 18:00:00+00:00,59.75,75.5
server_4,2026-07-16 19:00:00+00:00,61.03,76.82
server_4,2026-07-16 20:00:00+00:00,51.66,75.11
server_4,2026-07-16 21:00:00+00:00,61.13,83.55
server_4,2026-07-16 22:00:00+00:00,58.84,74.43
server_4,2026-07-16 23:00:00+00:00,54.14,85.81
server_4,2026-07-17 00:00:00+00:00,59.81,74.86
server_4,2026-07-17 01:00:00+00:00,58.42,72.51
server_4,2026-07-17 02:00:00+00:00,58.95,85.09
server_4,2026-07-17 03:00:00+00:00,60.5,84.16
server_4,2026-07-17 04:00:00+00:00,59.08,77.65
server_4,2026-07-17 05:00:00+00:00,54.32,78.24
server_4,2026-07-17 06:00:00+00:00,57.64,79.5
server_4,2026-07-17 07:00:00+00:00,53.96,77.13
server_4,2026-07-17 08:00:00+00:00,59.62,73.38
server_4,2026-07-17 09:00:00+00:00,61.49,69.3
server_4,2026-07-17 10:00:00+00:00,58.32,74.73
server_4,2026-07-17 11:00:00+00:00,62.75,86.93
server_4,2026-07-17 12:00:00+00:00,64.45,87.68
server_4,2026-07-17 13:00:00+00:00,66.71,80.0
server_4,2026-07-17 14:00:00+00:00,68.88,77.98
server_4,2026-07-17 15:00:00+00:00,65.55,81.76
server_4,2026-07-17 16:00:00+00:00,66.06,82.58
server_4,2026-07-17 17:00:00+00:00,64.08,82.53
server_4,2026-07-17 18:00:00+00:00,60.75,68.86
server_4,2026-07-17 19:00:00+00:00,55.2,89.65
server_4,2026-07-17 20:00:00+00:00,61.46,83.74
server_4,2026-07-17 21:00:00+00:00,61.67,78.49
server_4,2026-07-17 22:00:00+00:00,61.88,76.48
server_4,2026-07-17 23:00:00+00:00,57.61,81.81
server_5,2026-04-19 00:00:00+00:00,31.24,48.39
server_5,2026-04-19 01:00:00+00:00,30.23,54.53
server_5,2026-04-19 02:00:00+00:00,31.15,49.68
server_5,2026-04-19 03:00:00+00:00,29.72,48.88
server_5,2026-04-19 04:00:00+00:00,31.0,54.48
server_5,2026-04-19 05:00:00+00:00,31.82,48.59
server_5,2026-04-19 06:00:00+00:00,30.86,48.05
server_5,2026-04-19 07:00:00+00:00,30.73,55.72
server_5,2026-04-19 08:00:00+00:00,33.48,52.95
server_5,2026-04-19 09:00:00+00:00,26.01,44.09
server_5,2026-04-19 10:00:00+00:00,29.89,54.68
server_5,2026-04-19 11:00:00+00:00,33.6,50.93
server_5,2026-04-19 12:00:00+00:00,32.94,46.72
server_5,2026-04-19 13:00:00+00:00,34.43,42.82
server_5,2026-04-19 14:00:00+00:00,38.64,57.94
server_5,2026-04-19 15:00:00+00:00,34.39,49.4
server_5,2026-04-19 16:00:00+00:00,28.96,45.96
server_5,2026-04-19 17:00:00+00:00,30.82,54.15
server_5,2026-04-19 18:00:00+00:00,30.15,54.57
server_5,2026-04-19 19:00:00+00:00,30.1,48.19
server_5,2026-04-19 20:00:00+00:00,31.39,55.44
server_5,2026-04-19 21:00:00+00:00,31.19,59.93
server_5,2026-04-19 22:00:00+00:00,29.65,56.57
server_5,2026-04-19 23:00:00+00:00,27.02,55.02
server_5,2026-04-20 00:00:00+00:00,30.9,52.87
server_5,2026-04-20 01:00:00+00:00,30.44,49.68
server_5,2026-04-20 02:00:00+00:00,31.29,51.53
server_5,2026-04-20 03:00:00+00:00,33.73,54.37
server_5,2026-04-20 04:00:00+00:00,33.01,47.32
server_5,2026-04-20 05:00:00+00:00,34.06,49.64
server_5,2026-04-20 06:00:00+00:00,31.04,45.95
server_5,2026-04-20 07:00:00+00:00,35.77,54.26
server_5,2026-04-20 08:00:00+00:00,33.68,52.92
server_5,2026-04-20 09:00:00+00:00,32.28,49.49
server_5,2026-04-20 10:00:00+00:00,36.93,57.01
server_5,2026-04-20 11:00:00+00:00,36.74,49.48
server_5,2026-04-20 12:00:00+00:00,35.39,50.43
server_5,2026-04-20 13:00:00+00:00,40.33,58.04
server_5,2026-04-20 14:00:00+00:00,43.72,59.82
server_5,2026-04-20 15:00:00+00:00,40.86,51.92
server_5,2026-04-20 16:00:00+00:00,38.09,55.06
server_5,2026-04-20 17:00:00+00:00,33.3,49.34
server_5,2026-04-20 18:00:00+00:00,27.11,49.5
server_5,2026-04-20 19:00:00+00:00,35.56,53.82
server_5,2026-04-20 20:00:00+00:00,31.48,54.06
server_5,2026-04-20 21:00:00+00:00,30.93,52.89
server_5,2026-04-20 22:00:00+00:00,30.32,52.5
server_5,2026-04-20 23:00:00+00:00,35.14,48.78
server_5,2026-04-21 00:00:00+00:00,34.2,54.32
server_5,2026-04-21 01:00:00+00:00,29.58,53.36
server_5,2026-04-21 02:00:00+00:00,34.91,55.77
server_5,2026-04-21 03:00:00+00:00,31.64,48.99
server_5,2026-04-21 04:00:00+00:00,30.47,55.13
server_5,2026-04-21 05:00:00+00:00,31.27,46.47
server_5,2026-04-21 06:00:00+00:00,30.04,49.59
server_5,2026-04-21 07:00:00+00:00,28.7,49.74
server_5,2026-04-21 08:00:00+00:00,33.94,47.63
server_5,2026-04-21 09:00:00+00:00,31.45,50.64
server_5,2026-04-21 10:00:00+00:00,36.96,54.62
server_5,2026-04-21 11:00:00+00:00,39.15,47.2
server_5,2026-04-21 12:00:00+00:00,42.03,53.93
server_5,2026-04-21 13:00:00+00:00,36.73,46.66
server_5,2026-04-21 14:00:00+00:00,39.68,62.85
server_5,2026-04-21 15:00:00+00:00,42.08,56.38
server_5,2026-04-21 16:00:00+00:00,35.24,53.64
server_5,2026-04-21 17:00:00+00:00,36.35,54.45
server_5,2026-04-21 18:00:00+00:00,28.52,53.2
server_5,2026-04-21 19:00:00+00:00,32.04,55.93
server_5,2026-04-21 20:00:00+00:00,36.02,47.15
server_5,2026-04-21 21:00:00+00:00,33.94,57.92
server_5,2026-04-21 22:00:00+00:00,27.37,55.36
server_5,2026-04-21 23:00:00+00:00,34.12,52.48
server_5,2026-04-22 00:00:00+00:00,36.56,53.12
server_5,2026-04-22 01:00:00+00:00,38.99,42.04
server_5,2026-04-22 02:00:00+00:00,33.19,47.44
server_5,2026-04-22 03:00:00+00:00,28.59,52.88
server_5,2026-04-22 04:00:00+00:00,33.09,57.18
server_5,2026-04-22 05:00:00+00:00,35.99,56.31
server_5,2026-04-22 06:00:00+00:00,31.53,51.53
server_5,2026-04-22 07:00:00+00:00,34.61,60.62
server_5,2026-04-22 08:00:00+00:00,29.9,55.29
server_5,2026-04-22 09:00:00+00:00,32.93,50.75
server_5,2026-04-22 10:00:00+00:00,29.2,59.75
server_5,2026-04-22 11:00:00+00:00,36.05,49.03
server_5,2026-04-22 12:00:00+00:00,40.64,49.14
server_5,2026-04-22 13:00:00+00:00,40.94,53.44
server_5,2026-04-22 14:00:00+00:00,38.6,51.27
server_5,2026-04-22 15:00:00+00:00,39.41,53.13
server_5,2026-04-22 16:00:00+00:00,39.25,57.73
server_5,2026-04-22 17:00:00+00:00,35.2,52.99
server_5,2026-04-22 18:00:00+00:00,32.15,52.02
server_5,2026-04-22 19:00:00+00:00,33.83,52.88
server_5,2026-04-22 20:00:00+00:00,31.14,42.45
server_5,2026-04-22 21:00:00+00:00,35.4,47.13
server_5,2026-04-22 22:00:00+00:00,29.53,49.59
server_5,2026-04-22 23:00:00+00:00,36.82,50.32
server_5,2026-04-23 00:00:00+00:00,34.78,52.05
server_5,2026-04-23 01:00:00+00:00,31.11,57.31
server_5,2026-04-23 02:00:00+00:00,31.28,51.45
server_5,2026-04-23 03:00:00+00:00,32.52,46.89
server_5,2026-04-23 04:00:00+00:00,33.5,49.35
server_5,2026-04-23 05:00:00+00:00,34.74,59.8
server_5,2026-04-23 06:00:00+00:00,28.65,56.96
server_5,2026-04-23 07:00:00+00:00,33.09,54.77
server_5,2026-04-23 08:00:00+00:00,26.71,43.9
server_5,2026-04-23 09:00:00+00:00,31.56,53.07
server_5,2026-04-23 10:00:00+00:00,39.05,56.0
server_5,2026-04-23 11:00:00+00:00,34.88,53.11
server_5,2026-04-23 12:00:00+00:00,36.66,51.35
server_5,2026-04-23 13:00:00+00:00,42.4,54.19
server_5,2026-04-23 14:00:00+00:00,45.32,54.1
server_5,2026-04-23 15:00:00+00:00,41.47,50.74
server_5,2026-04-23 16:00:00+00:00,33.67,58.05
server_5,2026-04-23 17:00:00+00:00,31.21,55.25
server_5,2026-04-23 18:00:00+00:00,32.24,50.95
server_5,2026-04-23 19:00:00+00:00,29.05,52.38
server_5,2026-04-23 20:00:00+00:00,32.34,53.68
server_5,2026-04-23 21:00:00+00:00,32.49,61.54
server_5,2026-04-23 22:00:00+00:00,30.78,55.06
server_5,2026-04-23 23:00:00+00:00,36.54,56.93
server_5,2026-04-24 00:00:00+00:00,33.48,52.67
server_5,2026-04-24 01:00:00+00:00,35.03,51.32
server_5,2026-04-24 02:00:00+00:00,34.3,58.34
server_5,2026-04-24 03:00:00+00:00,31.62,54.48
server_5,2026-04-24 04:00:00+00:00,31.51,48.51
server_5,2026-04-24 05:00:00+00:00,31.26,53.56
server_5,2026-04-24 06:00:00+00:00,33.7,55.95
server_5,2026-04-24 07:00:00+00:00,30.37,43.05
server_5,2026-04-24 08:00:00+00:00,36.31,49.82
server_5,2026-04-24 09:00:00+00:00,30.14,52.8
server_5,2026-04-24 10:00:00+00:00,35.96,45.69
server_5,2026-04-24 11:00:00+00:00,37.86,46.98
server_5,2026-04-24 12:00:00+00:00,39.53,53.55
server_5,2026-04-24 13:00:00+00:00,47.28,59.31
server_5,2026-04-24 14:00:00+00:00,40.75,57.21
server_5,2026-04-24 15:00:00+00:00,39.9,61.09
server_5,2026-04-24 16:00:00+00:00,36.77,54.0
server_5,2026-04-24 17:00:00+00:00,35.52,51.74
server_5,2026-04-24 18:00:00+00:00,31.75,46.68
server_5,2026-04-24 19:00:00+00:00,29.2,49.48
server_5,2026-04-24 20:00:00+00:00,30.94,54.46
server_5,2026-04-24 21:00:00+00:00,33.52,55.54
server_5,2026-04-24 22:00:00+00:00,34.57,53.96
server_5,2026-04-24 23:00:00+00:00,32.06,54.21
server_5,2026-04-25 00:00:00+00:00,30.15,56.46
server_5,2026-04-25 01:00:00+00:00,29.1,51.29
server_5,2026-04-25 02:00:00+00:00,28.74,56.33
server_5,2026-04-25 03:00:00+00:00,27.7,47.59
server_5,2026-04-25 04:00:00+00:00,26.11,49.64
server_5,2026-04-25 05:00:00+00:00,28.24,48.76
server_5,2026-04-25 06:00:00+00:00,32.26,55.26
server_5,2026-04-25 07:00:00+00:00,28.94,46.87
server_5,2026-04-25 08:00:00+00:00,29.13,49.71
server_5,2026-04-25 09:00:00+00:00,29.09,43.54
server_5,2026-04-25 10:00:00+00:00,34.99,55.43
server_5,2026-04-25 11:00:00+00:00,31.21,56.71
server_5,2026-04-25 12:00:00+00:00,35.46,56.85
server_5,2026-04-25 13:00:00+00:00,35.25,56.39
server_5,2026-04-25 14:00:00+00:00,35.59,56.61
server_5,2026-04-25 15:00:00+00:00,35.37,55.98
server_5,2026-04-25 16:00:00+00:00,33.68,55.04
server_5,2026-04-25 17:00:00+00:00,33.86,55.37
server_5,2026-04-25 18:00:00+00:00,29.93,48.65
server_5,2026-04-25 19:00:00+00:00,34.36,52.03
server_5,2026-04-25 20:00:00+00:00,30.11,51.62
server_5,2026-04-25 21:00:00+00:00,25.74,48.47
server_5,2026-04-25 22:00:00+00:00,31.6,45.59
server_5,2026-04-25 23:00:00+00:00,30.98,46.7
server_5,2026-04-26 00:00:00+00:00,30.08,52.25
server_5,2026-04-26 01:00:00+00:00,29.35,54.7
server_5,2026-04-26 02:00:00+00:00,24.71,49.49
server_5,2026-04-26 03:00:00+00:00,25.13,60.66
server_5,2026-04-26 04:00:00+00:00,34.12,49.06
server_5,2026-04-26 05:00:00+00:00,28.54,52.57
server_5,2026-04-26 06:00:00+00:00,32.41,57.31
server_5,2026-04-26 07:00:00+00:00,25.99,54.16
server_5,2026-04-26 08:00:00+00:00,27.38,53.0
server_5,2026-04-26 09:00:00+00:00,31.7,56.17
server_5,2026-04-26 10:00:00+00:00,31.62,52.09
server_5,2026-04-26 11:00:00+00:00,34.88,59.66
server_5,2026-04-26 12:00:00+00:00,34.73,58.09
server_5,2026-04-26 13:00:00+00:00,34.9,49.61
server_5,2026-04-26 14:00:00+00:00,33.72,53.89
server_5,2026-04-26 15:00:00+00:00,31.78,45.73
server_5,2026-04-26 16:00:00+00:00,37.04,59.85
server_5,2026-04-26 17:00:00+00:00,35.8,54.23
server_5,2026-04-26 18:00:00+00:00,27.4,55.79
server_5,2026-04-26 19:00:00+00:00,27.24,49.9
server_5,2026-04-26 20:00:00+00:00,29.13,43.57
server_5,2026-04-26 21:00:00+00:00,30.85,62.15
server_5,2026-04-26 22:00:00+00:00,29.55,51.67
server_5,2026-04-26 23:00:00+00:00,31.25,47.74
server_5,2026-04-27 00:00:00+00:00,31.88,56.54
server_5,2026-04-27 01:00:00+00:00,31.71,60.04
server_5,2026-04-27 02:00:00+00:00,38.03,53.3
server_5,2026-04-27 03:00:00+00:00,30.69,51.14
server_5,2026-04-27 04:00:00+00:00,36.1,54.39
server_5,2026-04-27 05:00:00+00:00,35.62,48.82
server_5,2026-04-27 06:00:00+00:00,33.26,49.68
server_5,2026-04-27 07:00:00+00:00,27.18,57.44
server_5,2026-04-27 08:00:00+00:00,32.08,51.5
server_5,2026-04-27 09:00:00+00:00,30.71,48.2
server_5,2026-04-27 10:00:00+00:00,35.47,51.41
server_5,2026-04-27 11:00:00+00:00,35.77,57.61
server_5,2026-04-27 12:00:00+00:00,42.55,47.79
server_5,2026-04-27 13:00:00+00:00,44.31,57.33
server_5,2026-04-27 14:00:00+00:00,44.77,66.32
server_5,2026-04-27 15:00:00+00:00,39.7,62.82
server_5,2026-04-27 16:00:00+00:00,35.78,55.62
server_5,2026-04-27 17:00:00+00:00,36.3,58.77
server_5,2026-04-27 18:00:00+00:00,36.39,58.76
server_5,2026-04-27 19:00:00+00:00,32.17,51.56
server_5,2026-04-27 20:00:00+00:00,33.13,56.09
server_5,2026-04-27 21:00:00+00:00,31.41,58.95
server_5,2026-04-27 22:00:00+00:00,30.74,46.5
server_5,2026-04-27 23:00:00+00:00,33.65,54.88
server_5,2026-04-28 00:00:00+00:00,31.73,53.35
server_5,2026-04-28 01:00:00+00:00,33.01,52.77
server_5,2026-04-28 02:00:00+00:00,33.27,52.5
server_5,2026-04-28 03:00:00+00:00,32.87,53.23
server_5,2026-04-28 04:00:00+00:00,33.39,53.75
server_5,2026-04-28 05:00:00+00:00,29.87,55.73
server_5,2026-04-28 06:00:00+00:00,29.71,53.11
server_5,2026-04-28 07:00:00+00:00,31.89,51.25
server_5,2026-04-28 08:00:00+00:00,31.95,48.62
server_5,2026-04-28 09:00:00+00:00,30.69,49.65
server_5,2026-04-28 10:00:00+00:00,36.02,54.45
server_5,2026-04-28 11:00:00+00:00,40.7,52.22
server_5,2026-04-28 12:00:00+00:00,43.63,59.85
server_5,2026-04-28 13:00:00+00:00,45.38,58.4
server_5,2026-04-28 14:00:00+00:00,38.56,58.87
server_5,2026-04-28 15:00:00+00:00,37.75,51.46
server_5,2026-04-28 16:00:00+00:00,37.7,50.67
server_5,2026-04-28 17:00:00+00:00,35.62,57.81
server_5,2026-04-28 18:00:00+00:00,31.4,52.31
server_5,2026-04-28 19:00:00+00:00,30.62,50.71
server_5,2026-04-28 20:00:00+00:00,31.24,54.53
server_5,2026-04-28 21:00:00+00:00,33.21,55.07
server_5,2026-04-28 22:00:00+00:00,28.68,45.81
server_5,2026-04-28 23:00:00+00:00,37.86,59.59
server_5,2026-04-29 00:00:00+00:00,32.05,50.38
server_5,2026-04-29 01:00:00+00:00,34.63,59.72
server_5,2026-04-29 02:00:00+00:00,30.55,46.16
server_5,2026-04-29 03:00:00+00:00,33.44,53.77
server_5,2026-04-29 04:00:00+00:00,32.25,51.35
server_5,2026-04-29 05:00:00+00:00,34.14,44.85
server_5,2026-04-29 06:00:00+00:00,31.5,54.46
server_5,2026-04-29 07:00:00+00:00,35.88,45.66
server_5,2026-04-29 08:00:00+00:00,28.27,49.53
server_5,2026-04-29 09:00:00+00:00,34.37,57.25
server_5,2026-04-29 10:00:00+00:00,35.72,51.18
server_5,2026-04-29 11:00:00+00:00,35.88,49.74
server_5,2026-04-29 12:00:00+00:00,45.54,59.94
server_5,2026-04-29 13:00:00+00:00,46.47,56.07
server_5,2026-04-29 14:00:00+00:00,36.66,52.01
server_5,2026-04-29 15:00:00+00:00,41.1,60.29
server_5,2026-04-29 16:00:00+00:00,40.19,50.2
server_5,2026-04-29 17:00:00+00:00,36.52,51.75
server_5,2026-04-29 18:00:00+00:00,35.79,56.79
server_5,2026-04-29 19:00:00+00:00,35.27,48.22
server_5,2026-04-29 20:00:00+00:00,32.66,59.33
server_5,2026-04-29 21:00:00+00:00,37.69,53.13
server_5,2026-04-29 22:00:00+00:00,34.34,56.32
server_5,2026-04-29 23:00:00+00:00,31.12,55.18
server_5,2026-04-30 00:00:00+00:00,30.62,50.91
server_5,2026-04-30 01:00:00+00:00,35.11,51.17
server_5,2026-04-30 02:00:00+00:00,30.02,51.13
server_5,2026-04-30 03:00:00+00:00,30.98,54.49
server_5,2026-04-30 04:00:00+00:00,31.4,47.84
server_5,2026-04-30 05:00:00+00:00,32.89,47.5
server_5,2026-04-30 06:00:00+00:00,31.52,57.77
server_5,2026-04-30 07:00:00+00:00,28.71,47.91
server_5,2026-04-30 08:00:00+00:00,34.91,54.43
server_5,2026-04-30 09:00:00+00:00,30.99,50.84
server_5,2026-04-30 10:00:00+00:00,40.47,54.33
server_5,2026-04-30 11:00:00+00:00,39.19,60.24
server_5,2026-04-30 12:00:00+00:00,43.83,55.8
server_5,2026-04-30 13:00:00+00:00,43.43,54.57
server_5,2026-04-30 14:00:00+00:00,45.14,55.52
server_5,2026-04-30 15:00:00+00:00,42.09,53.52
server_5,2026-04-30 16:00:00+00:00,39.02,51.78
server_5,2026-04-30 17:00:00+00:00,38.15,52.16
server_5,2026-04-30 18:00:00+00:00,38.21,60.83
server_5,2026-04-30 19:00:00+00:00,31.33,54.61
server_5,2026-04-30 20:00:00+00:00,33.99,51.31
server_5,2026-04-30 21:00:00+00:00,31.99,55.92
server_5,2026-04-30 22:00:00+00:00,33.27,46.09
server_5,2026-04-30 23:00:00+00:00,32.11,57.54
server_5,2026-05-01 00:00:00+00:00,26.61,55.29
server_5,2026-05-01 01:00:00+00:00,31.5,60.77
server_5,2026-05-01 02:00:00+00:00,34.5,56.92
server_5,2026-05-01 03:00:00+00:00,30.09,53.08
server_5,2026-05-01 04:00:00+00:00,34.3,57.97
server_5,2026-05-01 05:00:00+00:00,32.46,49.66
server_5,2026-05-01 06:00:00+00:00,31.52,50.25
server_5,2026-05-01 07:00:00+00:00,34.26,52.54
server_5,2026-05-01 08:00:00+00:00,33.7,58.07
server_5,2026-05-01 09:00:00+00:00,33.05,48.94
server_5,2026-05-01 10:00:00+00:00,37.96,50.24
server_5,2026-05-01 11:00:00+00:00,38.94,55.37
server_5,2026-05-01 12:00:00+00:00,36.55,56.46
server_5,2026-05-01 13:00:00+00:00,40.9,52.3
server_5,2026-05-01 14:00:00+00:00,37.34,56.55
server_5,2026-05-01 15:00:00+00:00,42.3,61.08
server_5,2026-05-01 16:00:00+00:00,40.67,59.84
server_5,2026-05-01 17:00:00+00:00,37.77,55.43
server_5,2026-05-01 18:00:00+00:00,33.22,52.07
server_5,2026-05-01 19:00:00+00:00,34.42,59.79
server_5,2026-05-01 20:00:00+00:00,28.06,50.68
server_5,2026-05-01 21:00:00+00:00,31.73,55.67
server_5,2026-05-01 22:00:00+00:00,28.46,58.6
server_5,2026-05-01 23:00:00+00:00,31.1,55.03
server_5,2026-05-02 00:00:00+00:00,34.04,48.73
server_5,2026-05-02 01:00:00+00:00,32.73,47.3
server_5,2026-05-02 02:00:00+00:00,31.66,50.69
server_5,2026-05-02 03:00:00+00:00,29.55,53.98
server_5,2026-05-02 04:00:00+00:00,27.52,52.21
server_5,2026-05-02 05:00:00+00:00,30.47,60.29
server_5,2026-05-02 06:00:00+00:00,32.78,54.01
server_5,2026-05-02 07:00:00+00:00,31.02,50.35
server_5,2026-05-02 08:00:00+00:00,26.04,45.38
server_5,2026-05-02 09:00:00+00:00,30.26,56.11
server_5,2026-05-02 10:00:00+00:00,27.1,50.26
server_5,2026-05-02 11:00:00+00:00,35.55,47.22
server_5,2026-05-02 12:00:00+00:00,33.03,52.45
server_5,2026-05-02 13:00:00+00:00,32.36,48.14
server_5,2026-05-02 14:00:00+00:00,37.46,52.21
server_5,2026-05-02 15:00:00+00:00,36.16,53.48
server_5,2026-05-02 16:00:00+00:00,34.12,49.12
server_5,2026-05-02 17:00:00+00:00,37.36,51.93
server_5,2026-05-02 18:00:00+00:00,31.59,48.88
server_5,2026-05-02 19:00:00+00:00,28.39,47.87
server_5,2026-05-02 20:00:00+00:00,31.3,47.72
server_5,2026-05-02 21:00:00+00:00,29.28,49.12
server_5,2026-05-02 22:00:00+00:00,33.17,48.83
server_5,2026-05-02 23:00:00+00:00,30.7,53.89
server_5,2026-05-03 00:00:00+00:00,30.95,52.44
server_5,2026-05-03 01:00:00+00:00,26.39,54.82
server_5,2026-05-03 02:00:00+00:00,30.15,58.9
server_5,2026-05-03 03:00:00+00:00,29.86,53.96
server_5,2026-05-03 04:00:00+00:00,27.44,52.2
server_5,2026-05-03 05:00:00+00:00,29.45,54.07
server_5,2026-05-03 06:00:00+00:00,31.09,53.55
server_5,2026-05-03 07:00:00+00:00,29.99,51.5
server_5,2026-05-03 08:00:00+00:00,26.47,49.95
server_5,2026-05-03 09:00:00+00:00,29.32,46.97
server_5,2026-05-03 10:00:00+00:00,30.71,54.9
server_5,2026-05-03 11:00:00+00:00,34.02,52.58
server_5,2026-05-03 12:00:00+00:00,34.98,58.84
server_5,2026-05-03 13:00:00+00:00,34.39,56.5
server_5,2026-05-03 14:00:00+00:00,34.29,50.3
server_5,2026-05-03 15:00:00+00:00,34.93,58.01
server_5,2026-05-03 16:00:00+00:00,35.94,43.14
server_5,2026-05-03 17:00:00+00:00,32.58,59.92
server_5,2026-05-03 18:00:00+00:00,33.56,47.19
server_5,2026-05-03 19:00:00+00:00,32.83,54.27
server_5,2026-05-03 20:00:00+00:00,33.74,54.32
server_5,2026-05-03 21:00:00+00:00,33.42,56.99
server_5,2026-05-03 22:00:00+00:00,33.91,51.35
server_5,2026-05-03 23:00:00+00:00,27.12,41.71
server_5,2026-05-04 00:00:00+00:00,33.62,51.26
server_5,2026-05-04 01:00:00+00:00,35.05,52.19
server_5,2026-05-04 02:00:00+00:00,35.5,45.03
server_5,2026-05-04 03:00:00+00:00,30.07,51.51
server_5,2026-05-04 04:00:00+00:00,33.64,48.27
server_5,2026-05-04 05:00:00+00:00,32.19,54.66
server_5,2026-05-04 06:00:00+00:00,36.62,52.63
server_5,2026-05-04 07:00:00+00:00,28.53,58.63
server_5,2026-05-04 08:00:00+00:00,30.08,50.3
server_5,2026-05-04 09:00:00+00:00,27.47,52.14
server_5,2026-05-04 10:00:00+00:00,35.78,52.47
server_5,2026-05-04 11:00:00+00:00,44.09,49.74
server_5,2026-05-04 12:00:00+00:00,40.55,54.17
server_5,2026-05-04 13:00:00+00:00,42.1,58.55
server_5,2026-05-04 14:00:00+00:00,43.22,58.34
server_5,2026-05-04 15:00:00+00:00,40.37,53.76
server_5,2026-05-04 16:00:00+00:00,39.34,48.74
server_5,2026-05-04 17:00:00+00:00,36.4,56.12
server_5,2026-05-04 18:00:00+00:00,29.89,52.94
server_5,2026-05-04 19:00:00+00:00,31.76,55.29
server_5,2026-05-04 20:00:00+00:00,33.85,51.55
server_5,2026-05-04 21:00:00+00:00,34.32,46.08
server_5,2026-05-04 22:00:00+00:00,35.25,55.27
server_5,2026-05-04 23:00:00+00:00,32.84,52.26
server_5,2026-05-05 00:00:00+00:00,32.89,57.88
server_5,2026-05-05 01:00:00+00:00,33.88,52.77
server_5,2026-05-05 02:00:00+00:00,30.51,51.3
server_5,2026-05-05 03:00:00+00:00,30.41,53.11
server_5,2026-05-05 04:00:00+00:00,31.69,49.5
server_5,2026-05-05 05:00:00+00:00,28.81,48.3
server_5,2026-05-05 06:00:00+00:00,33.02,51.96
server_5,2026-05-05 07:00:00+00:00,34.62,49.24
server_5,2026-05-05 08:00:00+00:00,30.22,50.46
server_5,2026-05-05 09:00:00+00:00,33.09,60.14
server_5,2026-05-05 10:00:00+00:00,33.85,56.82
server_5,2026-05-05 11:00:00+00:00,35.89,54.59
server_5,2026-05-05 12:00:00+00:00,45.8,63.04
server_5,2026-05-05 13:00:00+00:00,39.34,51.27
server_5,2026-05-05 14:00:00+00:00,38.65,64.29
server_5,2026-05-05 15:00:00+00:00,41.2,53.38
server_5,2026-05-05 16:00:00+00:00,39.1,62.5
server_5,2026-05-05 17:00:00+00:00,37.09,61.78
server_5,2026-05-05 18:00:00+00:00,37.0,46.74
server_5,2026-05-05 19:00:00+00:00,30.06,57.19
server_5,2026-05-05 20:00:00+00:00,30.55,50.36
server_5,2026-05-05 21:00:00+00:00,36.02,51.14
server_5,2026-05-05 22:00:00+00:00,34.35,54.92
server_5,2026-05-05 23:00:00+00:00,34.0,48.67
server_5,2026-05-06 00:00:00+00:00,30.53,53.49
server_5,2026-05-06 01:00:00+00:00,34.81,49.22
server_5,2026-05-06 02:00:00+00:00,34.01,53.41
server_5,2026-05-06 03:00:00+00:00,32.47,57.51
server_5,2026-05-06 04:00:00+00:00,30.54,53.03
server_5,2026-05-06 05:00:00+00:00,32.27,50.65
server_5,2026-05-06 06:00:00+00:00,36.12,55.61
server_5,2026-05-06 07:00:00+00:00,29.27,45.42
server_5,2026-05-06 08:00:00+00:00,30.0,47.94
server_5,2026-05-06 09:00:00+00:00,30.43,49.73
server_5,2026-05-06 10:00:00+00:00,34.39,55.99
server_5,2026-05-06 11:00:00+00:00,38.39,55.86
server_5,2026-05-06 12:00:00+00:00,43.06,58.01
server_5,2026-05-06 13:00:00+00:00,43.0,55.74
server_5,2026-05-06 14:00:00+00:00,42.0,52.35
server_5,2026-05-06 15:00:00+00:00,41.35,61.23
server_5,2026-05-06 16:00:00+00:00,39.99,52.0
server_5,2026-05-06 17:00:00+00:00,31.22,53.4
server_5,2026-05-06 18:00:00+00:00,34.68,52.49
server_5,2026-05-06 19:00:00+00:00,29.93,53.53
server_5,2026-05-06 20:00:00+00:00,30.89,49.19
server_5,2026-05-06 21:00:00+00:00,32.85,56.51
server_5,2026-05-06 22:00:00+00:00,31.81,57.45
server_5,2026-05-06 23:00:00+00:00,33.22,56.39
server_5,2026-05-07 00:00:00+00:00,32.35,52.75
server_5,2026-05-07 01:00:00+00:00,31.28,50.01
server_5,2026-05-07 02:00:00+00:00,35.82,64.63
server_5,2026-05-07 03:00:00+00:00,33.77,48.65
server_5,2026-05-07 04:00:00+00:00,32.76,55.79
server_5,2026-05-07 05:00:00+00:00,33.73,53.94
server_5,2026-05-07 06:00:00+00:00,30.24,51.13
server_5,2026-05-07 07:00:00+00:00,37.44,54.64
server_5,2026-05-07 08:00:00+00:00,29.28,49.01
server_5,2026-05-07 09:00:00+00:00,32.28,53.81
server_5,2026-05-07 10:00:00+00:00,34.7,54.21
server_5,2026-05-07 11:00:00+00:00,37.62,64.68
server_5,2026-05-07 12:00:00+00:00,39.52,58.92
server_5,2026-05-07 13:00:00+00:00,39.92,56.84
server_5,2026-05-07 14:00:00+00:00,44.82,58.79
server_5,2026-05-07 15:00:00+00:00,37.65,61.34
server_5,2026-05-07 16:00:00+00:00,40.89,51.23
server_5,2026-05-07 17:00:00+00:00,37.04,53.03
server_5,2026-05-07 18:00:00+00:00,31.05,44.04
server_5,2026-05-07 19:00:00+00:00,33.33,54.7
server_5,2026-05-07 20:00:00+00:00,31.61,55.25
server_5,2026-05-07 21:00:00+00:00,29.25,47.05
server_5,2026-05-07 22:00:00+00:00,29.27,56.79
server_5,2026-05-07 23:00:00+00:00,33.64,49.7
server_5,2026-05-08 00:00:00+00:00,33.51,51.16
server_5,2026-05-08 01:00:00+00:00,32.61,52.69
server_5,2026-05-08 02:00:00+00:00,31.02,58.03
server_5,2026-05-08 03:00:00+00:00,31.52,48.4
server_5,2026-05-08 04:00:00+00:00,31.19,52.88
server_5,2026-05-08 05:00:00+00:00,27.63,53.57
server_5,2026-05-08 06:00:00+00:00,32.15,54.33
server_5,2026-05-08 07:00:00+00:00,33.31,54.88
server_5,2026-05-08 08:00:00+00:00,32.17,55.11
server_5,2026-05-08 09:00:00+00:00,36.42,51.33
server_5,2026-05-08 10:00:00+00:00,32.91,59.07
server_5,2026-05-08 11:00:00+00:00,36.78,53.23
server_5,2026-05-08 12:00:00+00:00,40.99,54.17
server_5,2026-05-08 13:00:00+00:00,42.46,61.05
server_5,2026-05-08 14:00:00+00:00,37.1,51.26
server_5,2026-05-08 15:00:00+00:00,42.17,56.84
server_5,2026-05-08 16:00:00+00:00,39.05,51.58
server_5,2026-05-08 17:00:00+00:00,30.12,61.42
server_5,2026-05-08 18:00:00+00:00,31.71,61.13
server_5,2026-05-08 19:00:00+00:00,29.98,50.85
server_5,2026-05-08 20:00:00+00:00,30.87,53.68
server_5,2026-05-08 21:00:00+00:00,28.65,50.85
server_5,2026-05-08 22:00:00+00:00,33.04,50.97
server_5,2026-05-08 23:00:00+00:00,36.4,54.02
server_5,2026-05-09 00:00:00+00:00,30.66,51.37
server_5,2026-05-09 01:00:00+00:00,24.6,43.33
server_5,2026-05-09 02:00:00+00:00,30.71,52.6
server_5,2026-05-09 03:00:00+00:00,29.51,50.96
server_5,2026-05-09 04:00:00+00:00,27.25,51.59
server_5,2026-05-09 05:00:00+00:00,30.88,51.3
server_5,2026-05-09 06:00:00+00:00,32.2,50.63
server_5,2026-05-09 07:00:00+00:00,28.33,54.21
server_5,2026-05-09 08:00:00+00:00,25.89,51.99
server_5,2026-05-09 09:00:00+00:00,24.97,55.12
server_5,2026-05-09 10:00:00+00:00,30.22,53.35
server_5,2026-05-09 11:00:00+00:00,33.15,51.61
server_5,2026-05-09 12:00:00+00:00,33.47,54.98
server_5,2026-05-09 13:00:00+00:00,33.71,44.68
server_5,2026-05-09 14:00:00+00:00,36.84,62.11
server_5,2026-05-09 15:00:00+00:00,35.92,54.47
server_5,2026-05-09 16:00:00+00:00,34.03,61.45
server_5,2026-05-09 17:00:00+00:00,33.92,49.2
server_5,2026-05-09 18:00:00+00:00,28.36,46.26
server_5,2026-05-09 19:00:00+00:00,27.26,51.81
server_5,2026-05-09 20:00:00+00:00,28.69,52.29
server_5,2026-05-09 21:00:00+00:00,28.52,52.14
server_5,2026-05-09 22:00:00+00:00,24.87,50.25
server_5,2026-05-09 23:00:00+00:00,28.64,48.31
server_5,2026-05-10 00:00:00+00:00,32.76,46.33
server_5,2026-05-10 01:00:00+00:00,32.0,53.13
server_5,2026-05-10 02:00:00+00:00,31.31,46.63
server_5,2026-05-10 03:00:00+00:00,30.33,45.91
server_5,2026-05-10 04:00:00+00:00,33.62,51.05
server_5,2026-05-10 05:00:00+00:00,27.35,52.09
server_5,2026-05-10 06:00:00+00:00,27.59,58.41
server_5,2026-05-10 07:00:00+00:00,32.81,56.2
server_5,2026-05-10 08:00:00+00:00,30.07,57.06
server_5,2026-05-10 09:00:00+00:00,28.32,53.33
server_5,2026-05-10 10:00:00+00:00,33.26,53.91
server_5,2026-05-10 11:00:00+00:00,32.44,62.18
server_5,2026-05-10 12:00:00+00:00,32.67,46.94
server_5,2026-05-10 13:00:00+00:00,33.25,50.79
server_5,2026-05-10 14:00:00+00:00,36.22,52.14
server_5,2026-05-10 15:00:00+00:00,35.28,56.72
server_5,2026-05-10 16:00:00+00:00,37.33,49.95
server_5,2026-05-10 17:00:00+00:00,31.16,54.76
server_5,2026-05-10 18:00:00+00:00,29.23,53.35
server_5,2026-05-10 19:00:00+00:00,33.6,55.81
server_5,2026-05-10 20:00:00+00:00,32.46,55.34
server_5,2026-05-10 21:00:00+00:00,30.36,57.58
server_5,2026-05-10 22:00:00+00:00,26.1,49.74
server_5,2026-05-10 23:00:00+00:00,27.97,52.71
server_5,2026-05-11 00:00:00+00:00,29.36,48.13
server_5,2026-05-11 01:00:00+00:00,32.09,48.17
server_5,2026-05-11 02:00:00+00:00,30.73,58.61
server_5,2026-05-11 03:00:00+00:00,36.01,50.15
server_5,2026-05-11 04:00:00+00:00,28.07,53.19
server_5,2026-05-11 05:00:00+00:00,29.1,53.11
server_5,2026-05-11 06:00:00+00:00,32.61,56.91
server_5,2026-05-11 07:00:00+00:00,33.3,45.82
server_5,2026-05-11 08:00:00+00:00,25.53,53.3
server_5,2026-05-11 09:00:00+00:00,27.66,50.25
server_5,2026-05-11 10:00:00+00:00,34.76,50.57
server_5,2026-05-11 11:00:00+00:00,41.82,54.43
server_5,2026-05-11 12:00:00+00:00,45.38,60.83
server_5,2026-05-11 13:00:00+00:00,40.81,58.01
server_5,2026-05-11 14:00:00+00:00,41.42,54.79
server_5,2026-05-11 15:00:00+00:00,38.57,49.74
server_5,2026-05-11 16:00:00+00:00,40.01,50.53
server_5,2026-05-11 17:00:00+00:00,39.24,57.55
server_5,2026-05-11 18:00:00+00:00,35.14,47.99
server_5,2026-05-11 19:00:00+00:00,31.93,51.5
server_5,2026-05-11 20:00:00+00:00,29.9,61.99
server_5,2026-05-11 21:00:00+00:00,32.02,53.85
server_5,2026-05-11 22:00:00+00:00,35.45,56.18
server_5,2026-05-11 23:00:00+00:00,31.0,47.41
server_5,2026-05-12 00:00:00+00:00,27.46,45.5
server_5,2026-05-12 01:00:00+00:00,31.1,54.87
server_5,2026-05-12 02:00:00+00:00,31.3,50.63
server_5,2026-05-12 03:00:00+00:00,27.45,55.1
server_5,2026-05-12 04:00:00+00:00,32.58,52.78
server_5,2026-05-12 05:00:00+00:00,33.27,66.67
server_5,2026-05-12 06:00:00+00:00,36.65,51.74
server_5,2026-05-12 07:00:00+00:00,28.67,52.39
server_5,2026-05-12 08:00:00+00:00,33.83,49.46
server_5,2026-05-12 09:00:00+00:00,34.42,57.37
server_5,2026-05-12 10:00:00+00:00,36.72,55.81
server_5,2026-05-12 11:00:00+00:00,35.91,49.92
server_5,2026-05-12 12:00:00+00:00,38.0,53.23
server_5,2026-05-12 13:00:00+00:00,42.09,61.42
server_5,2026-05-12 14:00:00+00:00,42.07,60.93
server_5,2026-05-12 15:00:00+00:00,39.26,49.28
server_5,2026-05-12 16:00:00+00:00,41.66,53.92
server_5,2026-05-12 17:00:00+00:00,34.42,60.53
server_5,2026-05-12 18:00:00+00:00,27.27,50.07
server_5,2026-05-12 19:00:00+00:00,31.44,52.94
server_5,2026-05-12 20:00:00+00:00,33.2,56.93
server_5,2026-05-12 21:00:00+00:00,32.85,47.37
server_5,2026-05-12 22:00:00+00:00,32.84,48.93
server_5,2026-05-12 23:00:00+00:00,35.73,52.41
server_5,2026-05-13 00:00:00+00:00,29.21,56.24
server_5,2026-05-13 01:00:00+00:00,30.94,56.11
server_5,2026-05-13 02:00:00+00:00,35.86,56.63
server_5,2026-05-13 03:00:00+00:00,27.08,50.12
server_5,2026-05-13 04:00:00+00:00,31.87,56.87
server_5,2026-05-13 05:00:00+00:00,35.07,52.86
server_5,2026-05-13 06:00:00+00:00,35.04,55.77
server_5,2026-05-13 07:00:00+00:00,33.65,56.63
server_5,2026-05-13 08:00:00+00:00,33.71,59.79
server_5,2026-05-13 09:00:00+00:00,29.4,51.26
server_5,2026-05-13 10:00:00+00:00,38.85,53.35
server_5,2026-05-13 11:00:00+00:00,35.43,58.78
server_5,2026-05-13 12:00:00+00:00,37.81,59.92
server_5,2026-05-13 13:00:00+00:00,42.82,54.01
server_5,2026-05-13 14:00:00+00:00,40.62,51.0
server_5,2026-05-13 15:00:00+00:00,41.18,60.49
server_5,2026-05-13 16:00:00+00:00,39.5,48.46
server_5,2026-05-13 17:00:00+00:00,39.87,48.38
server_5,2026-05-13 18:00:00+00:00,33.08,51.71
server_5,2026-05-13 19:00:00+00:00,30.45,51.87
server_5,2026-05-13 20:00:00+00:00,33.69,48.35
server_5,2026-05-13 21:00:00+00:00,29.92,52.16
server_5,2026-05-13 22:00:00+00:00,34.28,53.86
server_5,2026-05-13 23:00:00+00:00,32.16,50.13
server_5,2026-05-14 00:00:00+00:00,33.0,60.48
server_5,2026-05-14 01:00:00+00:00,27.55,52.16
server_5,2026-05-14 02:00:00+00:00,26.37,54.54
server_5,2026-05-14 03:00:00+00:00,28.25,44.86
server_5,2026-05-14 04:00:00+00:00,36.36,47.67
server_5,2026-05-14 05:00:00+00:00,29.13,52.84
server_5,2026-05-14 06:00:00+00:00,33.83,60.06
server_5,2026-05-14 07:00:00+00:00,30.4,47.4
server_5,2026-05-14 08:00:00+00:00,31.4,52.36
server_5,2026-05-14 09:00:00+00:00,31.89,47.02
server_5,2026-05-14 10:00:00+00:00,39.53,51.76
server_5,2026-05-14 11:00:00+00:00,39.89,55.53
server_5,2026-05-14 12:00:00+00:00,41.62,53.4
server_5,2026-05-14 13:00:00+00:00,45.09,51.36
server_5,2026-05-14 14:00:00+00:00,40.27,49.58
server_5,2026-05-14 15:00:00+00:00,43.33,48.42
server_5,2026-05-14 16:00:00+00:00,40.68,56.94
server_5,2026-05-14 17:00:00+00:00,37.64,56.37
server_5,2026-05-14 18:00:00+00:00,31.61,54.23
server_5,2026-05-14 19:00:00+00:00,30.91,47.98
server_5,2026-05-14 20:00:00+00:00,29.83,55.26
server_5,2026-05-14 21:00:00+00:00,29.98,54.12
server_5,2026-05-14 22:00:00+00:00,29.71,51.23
server_5,2026-05-14 23:00:00+00:00,32.92,51.69
server_5,2026-05-15 00:00:00+00:00,31.43,49.2
server_5,2026-05-15 01:00:00+00:00,33.08,53.15
server_5,2026-05-15 02:00:00+00:00,33.22,58.9
server_5,2026-05-15 03:00:00+00:00,29.35,55.62
server_5,2026-05-15 04:00:00+00:00,29.28,50.02
server_5,2026-05-15 05:00:00+00:00,31.43,53.95
server_5,2026-05-15 06:00:00+00:00,30.06,46.92
server_5,2026-05-15 07:00:00+00:00,29.8,54.15
server_5,2026-05-15 08:00:00+00:00,36.24,50.16
server_5,2026-05-15 09:00:00+00:00,28.17,53.42
server_5,2026-05-15 10:00:00+00:00,40.48,66.84
server_5,2026-05-15 11:00:00+00:00,39.15,52.22
server_5,2026-05-15 12:00:00+00:00,43.13,67.59
server_5,2026-05-15 13:00:00+00:00,44.02,58.17
server_5,2026-05-15 14:00:00+00:00,43.39,52.99
server_5,2026-05-15 15:00:00+00:00,44.81,53.3
server_5,2026-05-15 16:00:00+00:00,35.72,62.76
server_5,2026-05-15 17:00:00+00:00,35.03,55.03
server_5,2026-05-15 18:00:00+00:00,29.87,48.99
server_5,2026-05-15 19:00:00+00:00,27.76,49.7
server_5,2026-05-15 20:00:00+00:00,30.35,53.14
server_5,2026-05-15 21:00:00+00:00,36.68,53.6
server_5,2026-05-15 22:00:00+00:00,31.57,53.23
server_5,2026-05-15 23:00:00+00:00,36.96,60.83
server_5,2026-05-16 00:00:00+00:00,35.21,48.61
server_5,2026-05-16 01:00:00+00:00,37.49,56.5
server_5,2026-05-16 02:00:00+00:00,34.76,52.68
server_5,2026-05-16 03:00:00+00:00,35.9,51.37
server_5,2026-05-16 04:00:00+00:00,30.81,55.87
server_5,2026-05-16 05:00:00+00:00,30.57,45.65
server_5,2026-05-16 06:00:00+00:00,30.74,42.09
server_5,2026-05-16 07:00:00+00:00,30.0,52.2
server_5,2026-05-16 08:00:00+00:00,30.37,50.88
server_5,2026-05-16 09:00:00+00:00,31.88,46.55
server_5,2026-05-16 10:00:00+00:00,30.72,44.71
server_5,2026-05-16 11:00:00+00:00,30.09,59.05
server_5,2026-05-16 12:00:00+00:00,35.67,55.14
server_5,2026-05-16 13:00:00+00:00,33.68,52.67
server_5,2026-05-16 14:00:00+00:00,33.94,61.46
server_5,2026-05-16 15:00:00+00:00,34.41,56.93
server_5,2026-05-16 16:00:00+00:00,32.6,59.29
server_5,2026-05-16 17:00:00+00:00,34.66,48.21
server_5,2026-05-16 18:00:00+00:00,29.58,46.28
server_5,2026-05-16 19:00:00+00:00,32.9,54.78
server_5,2026-05-16 20:00:00+00:00,30.52,53.14
server_5,2026-05-16 21:00:00+00:00,29.78,56.22
server_5,2026-05-16 22:00:00+00:00,30.4,44.92
server_5,2026-05-16 23:00:00+00:00,26.77,52.98
server_5,2026-05-17 00:00:00+00:00,30.85,55.55
server_5,2026-05-17 01:00:00+00:00,32.12,55.79
server_5,2026-05-17 02:00:00+00:00,32.48,50.54
server_5,2026-05-17 03:00:00+00:00,26.62,52.19
server_5,2026-05-17 04:00:00+00:00,26.2,46.87
server_5,2026-05-17 05:00:00+00:00,28.66,49.66
server_5,2026-05-17 06:00:00+00:00,33.46,48.34
server_5,2026-05-17 07:00:00+00:00,30.55,48.46
server_5,2026-05-17 08:00:00+00:00,28.06,49.66
server_5,2026-05-17 09:00:00+00:00,26.37,48.06
server_5,2026-05-17 10:00:00+00:00,30.17,48.32
server_5,2026-05-17 11:00:00+00:00,31.66,46.68
server_5,2026-05-17 12:00:00+00:00,37.1,61.63
server_5,2026-05-17 13:00:00+00:00,37.95,52.08
server_5,2026-05-17 14:00:00+00:00,32.79,53.6
server_5,2026-05-17 15:00:00+00:00,36.65,46.59
server_5,2026-05-17 16:00:00+00:00,35.16,58.54
server_5,2026-05-17 17:00:00+00:00,28.93,51.59
server_5,2026-05-17 18:00:00+00:00,29.79,49.45
server_5,2026-05-17 19:00:00+00:00,30.85,49.86
server_5,2026-05-17 20:00:00+00:00,30.41,54.92
server_5,2026-05-17 21:00:00+00:00,25.72,37.99
server_5,2026-05-17 22:00:00+00:00,30.33,48.12
server_5,2026-05-17 23:00:00+00:00,31.59,51.38
server_5,2026-05-18 00:00:00+00:00,35.95,52.86
server_5,2026-05-18 01:00:00+00:00,30.33,61.44
server_5,2026-05-18 02:00:00+00:00,30.64,50.17
server_5,2026-05-18 03:00:00+00:00,31.48,55.78
server_5,2026-05-18 04:00:00+00:00,32.73,59.5
server_5,2026-05-18 05:00:00+00:00,32.24,54.77
server_5,2026-05-18 06:00:00+00:00,33.51,49.83
server_5,2026-05-18 07:00:00+00:00,29.19,45.88
server_5,2026-05-18 08:00:00+00:00,32.99,55.33
server_5,2026-05-18 09:00:00+00:00,30.14,57.93
server_5,2026-05-18 10:00:00+00:00,35.06,55.26
server_5,2026-05-18 11:00:00+00:00,42.7,60.68
server_5,2026-05-18 12:00:00+00:00,37.16,64.18
server_5,2026-05-18 13:00:00+00:00,41.15,58.55
server_5,2026-05-18 14:00:00+00:00,38.66,49.93
server_5,2026-05-18 15:00:00+00:00,41.04,55.37
server_5,2026-05-18 16:00:00+00:00,41.05,60.65
server_5,2026-05-18 17:00:00+00:00,35.84,52.35
server_5,2026-05-18 18:00:00+00:00,31.71,57.92
server_5,2026-05-18 19:00:00+00:00,35.32,52.89
server_5,2026-05-18 20:00:00+00:00,32.83,53.63
server_5,2026-05-18 21:00:00+00:00,34.05,51.31
server_5,2026-05-18 22:00:00+00:00,33.79,53.26
server_5,2026-05-18 23:00:00+00:00,24.81,50.33
server_5,2026-05-19 00:00:00+00:00,31.81,45.5
server_5,2026-05-19 01:00:00+00:00,29.3,49.29
server_5,2026-05-19 02:00:00+00:00,29.93,46.34
server_5,2026-05-19 03:00:00+00:00,35.69,51.66
server_5,2026-05-19 04:00:00+00:00,31.06,48.49
server_5,2026-05-19 05:00:00+00:00,36.73,57.7
server_5,2026-05-19 06:00:00+00:00,28.48,54.86
server_5,2026-05-19 07:00:00+00:00,29.29,53.29
server_5,2026-05-19 08:00:00+00:00,33.91,47.6
server_5,2026-05-19 09:00:00+00:00,31.15,51.31
server_5,2026-05-19 10:00:00+00:00,36.19,48.08
server_5,2026-05-19 11:00:00+00:00,38.15,53.56
server_5,2026-05-19 12:00:00+00:00,40.3,57.5
server_5,2026-05-19 13:00:00+00:00,41.09,59.15
server_5,2026-05-19 14:00:00+00:00,42.3,57.5
server_5,2026-05-19 15:00:00+00:00,42.26,60.63
server_5,2026-05-19 16:00:00+00:00,42.46,56.7
server_5,2026-05-19 17:00:00+00:00,34.91,52.09
server_5,2026-05-19 18:00:00+00:00,31.02,55.15
server_5,2026-05-19 19:00:00+00:00,30.69,55.17
server_5,2026-05-19 20:00:00+00:00,35.67,51.19
server_5,2026-05-19 21:00:00+00:00,33.73,54.12
server_5,2026-05-19 22:00:00+00:00,27.25,49.16
server_5,2026-05-19 23:00:00+00:00,27.14,42.27
server_5,2026-05-20 00:00:00+00:00,29.92,53.03
server_5,2026-05-20 01:00:00+00:00,32.58,47.02
server_5,2026-05-20 02:00:00+00:00,31.92,53.28
server_5,2026-05-20 03:00:00+00:00,33.29,46.31
server_5,2026-05-20 04:00:00+00:00,31.56,48.97
server_5,2026-05-20 05:00:00+00:00,35.49,51.49
server_5,2026-05-20 06:00:00+00:00,33.93,57.48
server_5,2026-05-20 07:00:00+00:00,32.19,49.93
server_5,2026-05-20 08:00:00+00:00,34.86,48.7
server_5,2026-05-20 09:00:00+00:00,27.88,52.01
server_5,2026-05-20 10:00:00+00:00,35.21,52.25
server_5,2026-05-20 11:00:00+00:00,38.77,57.53
server_5,2026-05-20 12:00:00+00:00,42.17,51.51
server_5,2026-05-20 13:00:00+00:00,37.56,54.79
server_5,2026-05-20 14:00:00+00:00,41.2,65.1
server_5,2026-05-20 15:00:00+00:00,41.66,54.42
server_5,2026-05-20 16:00:00+00:00,39.62,55.41
server_5,2026-05-20 17:00:00+00:00,38.39,47.59
server_5,2026-05-20 18:00:00+00:00,33.9,49.25
server_5,2026-05-20 19:00:00+00:00,31.85,53.79
server_5,2026-05-20 20:00:00+00:00,33.69,51.27
server_5,2026-05-20 21:00:00+00:00,31.5,54.28
server_5,2026-05-20 22:00:00+00:00,32.37,53.83
server_5,2026-05-20 23:00:00+00:00,33.99,47.42
server_5,2026-05-21 00:00:00+00:00,31.89,56.02
server_5,2026-05-21 01:00:00+00:00,32.9,47.35
server_5,2026-05-21 02:00:00+00:00,34.4,49.78
server_5,2026-05-21 03:00:00+00:00,33.78,53.54
server_5,2026-05-21 04:00:00+00:00,35.08,59.35
server_5,2026-05-21 05:00:00+00:00,37.82,50.02
server_5,2026-05-21 06:00:00+00:00,33.76,53.21
server_5,2026-05-21 07:00:00+00:00,30.85,52.22
server_5,2026-05-21 08:00:00+00:00,33.28,55.08
server_5,2026-05-21 09:00:00+00:00,33.17,57.15
server_5,2026-05-21 10:00:00+00:00,36.95,52.12
server_5,2026-05-21 11:00:00+00:00,42.17,59.61
server_5,2026-05-21 12:00:00+00:00,36.45,58.88
server_5,2026-05-21 13:00:00+00:00,45.63,63.91
server_5,2026-05-21 14:00:00+00:00,46.47,59.07
server_5,2026-05-21 15:00:00+00:00,42.08,56.16
server_5,2026-05-21 16:00:00+00:00,39.91,52.87
server_5,2026-05-21 17:00:00+00:00,34.82,47.15
server_5,2026-05-21 18:00:00+00:00,32.02,50.89
server_5,2026-05-21 19:00:00+00:00,33.74,53.06
server_5,2026-05-21 20:00:00+00:00,33.58,52.12
server_5,2026-05-21 21:00:00+00:00,33.8,55.02
server_5,2026-05-21 22:00:00+00:00,33.57,46.73
server_5,2026-05-21 23:00:00+00:00,34.25,52.06
server_5,2026-05-22 00:00:00+00:00,33.97,60.67
server_5,2026-05-22 01:00:00+00:00,29.44,55.09
server_5,2026-05-22 02:00:00+00:00,34.08,55.19
server_5,2026-05-22 03:00:00+00:00,36.65,55.19
server_5,2026-05-22 04:00:00+00:00,31.93,50.51
server_5,2026-05-22 05:00:00+00:00,35.75,46.3
server_5,2026-05-22 06:00:00+00:00,29.71,53.03
server_5,2026-05-22 07:00:00+00:00,31.93,42.18
server_5,2026-05-22 08:00:00+00:00,30.4,50.14
server_5,2026-05-22 09:00:00+00:00,35.45,53.19
server_5,2026-05-22 10:00:00+00:00,39.52,52.84
server_5,2026-05-22 11:00:00+00:00,38.18,62.85
server_5,2026-05-22 12:00:00+00:00,43.59,63.35
server_5,2026-05-22 13:00:00+00:00,45.97,61.02
server_5,2026-05-22 14:00:00+00:00,41.77,51.72
server_5,2026-05-22 15:00:00+00:00,40.98,62.83
server_5,2026-05-22 16:00:00+00:00,40.26,57.37
server_5,2026-05-22 17:00:00+00:00,33.31,48.69
server_5,2026-05-22 18:00:00+00:00,32.28,52.23
server_5,2026-05-22 19:00:00+00:00,37.36,57.71
server_5,2026-05-22 20:00:00+00:00,30.75,49.17
server_5,2026-05-22 21:00:00+00:00,34.13,53.31
server_5,2026-05-22 22:00:00+00:00,33.31,53.72
server_5,2026-05-22 23:00:00+00:00,31.59,47.45
server_5,2026-05-23 00:00:00+00:00,30.55,50.41
server_5,2026-05-23 01:00:00+00:00,34.38,48.73
server_5,2026-05-23 02:00:00+00:00,31.38,55.26
server_5,2026-05-23 03:00:00+00:00,31.77,48.29
server_5,2026-05-23 04:00:00+00:00,34.0,53.87
server_5,2026-05-23 05:00:00+00:00,29.28,45.49
server_5,2026-05-23 06:00:00+00:00,27.38,45.85
server_5,2026-05-23 07:00:00+00:00,34.42,48.12
server_5,2026-05-23 08:00:00+00:00,30.34,50.26
server_5,2026-05-23 09:00:00+00:00,32.23,52.8
server_5,2026-05-23 10:00:00+00:00,29.98,52.75
server_5,2026-05-23 11:00:00+00:00,34.51,45.79
server_5,2026-05-23 12:00:00+00:00,32.02,51.33
server_5,2026-05-23 13:00:00+00:00,35.58,50.25
server_5,2026-05-23 14:00:00+00:00,33.8,54.77
server_5,2026-05-23 15:00:00+00:00,32.57,51.13
server_5,2026-05-23 16:00:00+00:00,32.78,51.95
server_5,2026-05-23 17:00:00+00:00,26.15,46.97
server_5,2026-05-23 18:00:00+00:00,27.1,57.18
server_5,2026-05-23 19:00:00+00:00,31.96,46.85
server_5,2026-05-23 20:00:00+00:00,30.87,50.01
server_5,2026-05-23 21:00:00+00:00,27.31,50.79
server_5,2026-05-23 22:00:00+00:00,31.37,50.77
server_5,2026-05-23 23:00:00+00:00,27.8,47.48
server_5,2026-05-24 00:00:00+00:00,31.8,44.68
server_5,2026-05-24 01:00:00+00:00,29.71,48.43
server_5,2026-05-24 02:00:00+00:00,29.19,47.18
server_5,2026-05-24 03:00:00+00:00,29.77,57.94
server_5,2026-05-24 04:00:00+00:00,36.4,62.6
server_5,2026-05-24 05:00:00+00:00,28.1,50.43
server_5,2026-05-24 06:00:00+00:00,30.57,45.88
server_5,2026-05-24 07:00:00+00:00,31.95,54.94
server_5,2026-05-24 08:00:00+00:00,27.59,46.53
server_5,2026-05-24 09:00:00+00:00,26.01,47.71
server_5,2026-05-24 10:00:00+00:00,30.38,48.92
server_5,2026-05-24 11:00:00+00:00,35.43,51.2
server_5,2026-05-24 12:00:00+00:00,33.91,51.25
server_5,2026-05-24 13:00:00+00:00,34.84,47.74
server_5,2026-05-24 14:00:00+00:00,37.69,51.18
server_5,2026-05-24 15:00:00+00:00,32.75,56.34
server_5,2026-05-24 16:00:00+00:00,33.31,52.33
server_5,2026-05-24 17:00:00+00:00,28.1,51.14
server_5,2026-05-24 18:00:00+00:00,30.8,42.65
server_5,2026-05-24 19:00:00+00:00,30.57,55.29
server_5,2026-05-24 20:00:00+00:00,31.99,49.25
server_5,2026-05-24 21:00:00+00:00,27.14,54.79
server_5,2026-05-24 22:00:00+00:00,29.52,51.75
server_5,2026-05-24 23:00:00+00:00,26.8,47.93
server_5,2026-05-25 00:00:00+00:00,31.38,45.07
server_5,2026-05-25 01:00:00+00:00,35.7,62.0
server_5,2026-05-25 02:00:00+00:00,31.2,54.93
server_5,2026-05-25 03:00:00+00:00,28.59,54.26
server_5,2026-05-25 04:00:00+00:00,30.3,58.68
server_5,2026-05-25 05:00:00+00:00,27.97,51.49
server_5,2026-05-25 06:00:00+00:00,28.76,56.28
server_5,2026-05-25 07:00:00+00:00,33.68,50.67
server_5,2026-05-25 08:00:00+00:00,28.38,53.68
server_5,2026-05-25 09:00:00+00:00,32.78,49.75
server_5,2026-05-25 10:00:00+00:00,35.48,51.2
server_5,2026-05-25 11:00:00+00:00,37.1,54.17
server_5,2026-05-25 12:00:00+00:00,41.23,50.16
server_5,2026-05-25 13:00:00+00:00,39.5,55.94
server_5,2026-05-25 14:00:00+00:00,43.95,54.93
server_5,2026-05-25 15:00:00+00:00,38.91,46.47
server_5,2026-05-25 16:00:00+00:00,37.46,52.08
server_5,2026-05-25 17:00:00+00:00,34.16,51.37
server_5,2026-05-25 18:00:00+00:00,33.72,56.01
server_5,2026-05-25 19:00:00+00:00,33.36,53.62
server_5,2026-05-25 20:00:00+00:00,25.45,55.5
server_5,2026-05-25 21:00:00+00:00,32.64,54.3
server_5,2026-05-25 22:00:00+00:00,27.64,48.26
server_5,2026-05-25 23:00:00+00:00,31.15,51.47
server_5,2026-05-26 00:00:00+00:00,31.73,50.51
server_5,2026-05-26 01:00:00+00:00,31.12,53.64
server_5,2026-05-26 02:00:00+00:00,33.25,52.68
server_5,2026-05-26 03:00:00+00:00,33.8,50.12
server_5,2026-05-26 04:00:00+00:00,30.07,51.36
server_5,2026-05-26 05:00:00+00:00,29.98,53.14
server_5,2026-05-26 06:00:00+00:00,31.91,47.94
server_5,2026-05-26 07:00:00+00:00,28.14,51.92
server_5,2026-05-26 08:00:00+00:00,30.81,45.27
server_5,2026-05-26 09:00:00+00:00,35.37,57.6
server_5,2026-05-26 10:00:00+00:00,31.65,53.99
server_5,2026-05-26 11:00:00+00:00,37.58,60.47
server_5,2026-05-26 12:00:00+00:00,39.18,50.05
server_5,2026-05-26 13:00:00+00:00,46.86,61.74
server_5,2026-05-26 14:00:00+00:00,40.5,58.72
server_5,2026-05-26 15:00:00+00:00,39.46,53.88
server_5,2026-05-26 16:00:00+00:00,35.85,51.84
server_5,2026-05-26 17:00:00+00:00,35.44,48.86
server_5,2026-05-26 18:00:00+00:00,32.68,46.85
server_5,2026-05-26 19:00:00+00:00,29.79,48.22
server_5,2026-05-26 20:00:00+00:00,34.47,47.84
server_5,2026-05-26 21:00:00+00:00,32.68,58.62
server_5,2026-05-26 22:00:00+00:00,34.13,46.74
server_5,2026-05-26 23:00:00+00:00,31.18,52.31
server_5,2026-05-27 00:00:00+00:00,32.61,53.96
server_5,2026-05-27 01:00:00+00:00,31.47,53.24
server_5,2026-05-27 02:00:00+00:00,35.64,55.06
server_5,2026-05-27 03:00:00+00:00,32.29,55.89
server_5,2026-05-27 04:00:00+00:00,32.02,50.22
server_5,2026-05-27 05:00:00+00:00,30.85,51.95
server_5,2026-05-27 06:00:00+00:00,30.71,50.37
server_5,2026-05-27 07:00:00+00:00,32.59,57.42
server_5,2026-05-27 08:00:00+00:00,34.05,61.12
server_5,2026-05-27 09:00:00+00:00,30.29,46.63
server_5,2026-05-27 10:00:00+00:00,35.74,45.18
server_5,2026-05-27 11:00:00+00:00,38.89,56.69
server_5,2026-05-27 12:00:00+00:00,41.56,59.63
server_5,2026-05-27 13:00:00+00:00,37.58,61.78
server_5,2026-05-27 14:00:00+00:00,39.54,57.59
server_5,2026-05-27 15:00:00+00:00,37.25,59.42
server_5,2026-05-27 16:00:00+00:00,38.51,60.92
server_5,2026-05-27 17:00:00+00:00,33.17,58.27
server_5,2026-05-27 18:00:00+00:00,30.76,55.09
server_5,2026-05-27 19:00:00+00:00,29.01,45.83
server_5,2026-05-27 20:00:00+00:00,30.99,51.61
server_5,2026-05-27 21:00:00+00:00,29.19,52.22
server_5,2026-05-27 22:00:00+00:00,33.89,52.26
server_5,2026-05-27 23:00:00+00:00,33.2,52.27
server_5,2026-05-28 00:00:00+00:00,32.38,58.4
server_5,2026-05-28 01:00:00+00:00,31.25,48.71
server_5,2026-05-28 02:00:00+00:00,26.91,53.41
server_5,2026-05-28 03:00:00+00:00,30.85,52.86
server_5,2026-05-28 04:00:00+00:00,30.1,47.9
server_5,2026-05-28 05:00:00+00:00,32.62,47.91
server_5,2026-05-28 06:00:00+00:00,33.55,45.74
server_5,2026-05-28 07:00:00+00:00,32.81,54.23
server_5,2026-05-28 08:00:00+00:00,35.16,52.85
server_5,2026-05-28 09:00:00+00:00,30.58,48.2
server_5,2026-05-28 10:00:00+00:00,33.9,45.16
server_5,2026-05-28 11:00:00+00:00,41.02,56.89
server_5,2026-05-28 12:00:00+00:00,41.08,54.48
server_5,2026-05-28 13:00:00+00:00,41.23,52.38
server_5,2026-05-28 14:00:00+00:00,46.46,53.21
server_5,2026-05-28 15:00:00+00:00,42.1,54.58
server_5,2026-05-28 16:00:00+00:00,37.95,55.96
server_5,2026-05-28 17:00:00+00:00,33.71,51.28
server_5,2026-05-28 18:00:00+00:00,35.32,48.41
server_5,2026-05-28 19:00:00+00:00,32.52,51.95
server_5,2026-05-28 20:00:00+00:00,32.06,56.2
server_5,2026-05-28 21:00:00+00:00,33.69,52.75
server_5,2026-05-28 22:00:00+00:00,34.2,53.04
server_5,2026-05-28 23:00:00+00:00,33.37,51.18
server_5,2026-05-29 00:00:00+00:00,34.21,49.21
server_5,2026-05-29 01:00:00+00:00,33.13,48.7
server_5,2026-05-29 02:00:00+00:00,33.39,45.84
server_5,2026-05-29 03:00:00+00:00,30.17,56.08
server_5,2026-05-29 04:00:00+00:00,36.53,55.43
server_5,2026-05-29 05:00:00+00:00,28.92,51.25
server_5,2026-05-29 06:00:00+00:00,32.77,53.45
server_5,2026-05-29 07:00:00+00:00,28.66,52.19
server_5,2026-05-29 08:00:00+00:00,31.75,48.98
server_5,2026-05-29 09:00:00+00:00,30.57,50.2
server_5,2026-05-29 10:00:00+00:00,35.76,51.42
server_5,2026-05-29 11:00:00+00:00,39.28,64.59
server_5,2026-05-29 12:00:00+00:00,38.27,58.28
server_5,2026-05-29 13:00:00+00:00,41.77,56.09
server_5,2026-05-29 14:00:00+00:00,45.33,62.13
server_5,2026-05-29 15:00:00+00:00,37.38,58.84
server_5,2026-05-29 16:00:00+00:00,36.29,47.98
server_5,2026-05-29 17:00:00+00:00,37.57,53.06
server_5,2026-05-29 18:00:00+00:00,32.19,52.0
server_5,2026-05-29 19:00:00+00:00,32.38,54.58
server_5,2026-05-29 20:00:00+00:00,34.56,52.0
server_5,2026-05-29 21:00:00+00:00,30.01,50.91
server_5,2026-05-29 22:00:00+00:00,30.7,49.7
server_5,2026-05-29 23:00:00+00:00,30.39,55.63
server_5,2026-05-30 00:00:00+00:00,29.13,45.22
server_5,2026-05-30 01:00:00+00:00,33.35,50.76
server_5,2026-05-30 02:00:00+00:00,25.75,42.44
server_5,2026-05-30 03:00:00+00:00,27.01,46.14
server_5,2026-05-30 04:00:00+00:00,26.59,51.37
server_5,2026-05-30 05:00:00+00:00,33.5,53.87
server_5,2026-05-30 06:00:00+00:00,28.46,49.51
server_5,2026-05-30 07:00:00+00:00,29.18,55.51
server_5,2026-05-30 08:00:00+00:00,25.96,55.3
server_5,2026-05-30 09:00:00+00:00,29.34,50.79
server_5,2026-05-30 10:00:00+00:00,34.05,53.72
server_5,2026-05-30 11:00:00+00:00,34.17,50.95
server_5,2026-05-30 12:00:00+00:00,34.49,55.38
server_5,2026-05-30 13:00:00+00:00,31.5,47.05
server_5,2026-05-30 14:00:00+00:00,34.6,60.09
server_5,2026-05-30 15:00:00+00:00,35.13,57.66
server_5,2026-05-30 16:00:00+00:00,31.06,46.87
server_5,2026-05-30 17:00:00+00:00,33.52,49.38
server_5,2026-05-30 18:00:00+00:00,32.21,53.76
server_5,2026-05-30 19:00:00+00:00,28.68,49.48
server_5,2026-05-30 20:00:00+00:00,31.81,54.11
server_5,2026-05-30 21:00:00+00:00,29.73,49.77
server_5,2026-05-30 22:00:00+00:00,32.87,58.4
server_5,2026-05-30 23:00:00+00:00,35.09,53.11
server_5,2026-05-31 00:00:00+00:00,27.27,60.03
server_5,2026-05-31 01:00:00+00:00,31.92,54.38
server_5,2026-05-31 02:00:00+00:00,33.26,47.04
server_5,2026-05-31 03:00:00+00:00,27.57,58.8
server_5,2026-05-31 04:00:00+00:00,28.56,55.19
server_5,2026-05-31 05:00:00+00:00,28.53,52.31
server_5,2026-05-31 06:00:00+00:00,29.67,53.77
server_5,2026-05-31 07:00:00+00:00,29.11,46.23
server_5,2026-05-31 08:00:00+00:00,29.5,43.91
server_5,2026-05-31 09:00:00+00:00,32.09,51.87
server_5,2026-05-31 10:00:00+00:00,27.14,55.81
server_5,2026-05-31 11:00:00+00:00,31.1,53.27
server_5,2026-05-31 12:00:00+00:00,36.44,60.39
server_5,2026-05-31 13:00:00+00:00,36.8,58.96
server_5,2026-05-31 14:00:00+00:00,32.77,52.35
server_5,2026-05-31 15:00:00+00:00,36.16,58.19
server_5,2026-05-31 16:00:00+00:00,36.85,59.79
server_5,2026-05-31 17:00:00+00:00,31.76,51.59
server_5,2026-05-31 18:00:00+00:00,27.48,49.56
server_5,2026-05-31 19:00:00+00:00,32.19,52.63
server_5,2026-05-31 20:00:00+00:00,34.31,43.16
server_5,2026-05-31 21:00:00+00:00,27.78,51.65
server_5,2026-05-31 22:00:00+00:00,30.1,54.22
server_5,2026-05-31 23:00:00+00:00,32.73,52.83
server_5,2026-06-01 00:00:00+00:00,32.29,53.48
server_5,2026-06-01 01:00:00+00:00,27.63,50.3
server_5,2026-06-01 02:00:00+00:00,33.11,44.4
server_5,2026-06-01 03:00:00+00:00,29.55,57.79
server_5,2026-06-01 04:00:00+00:00,28.82,49.42
server_5,2026-06-01 05:00:00+00:00,27.68,48.02
server_5,2026-06-01 06:00:00+00:00,34.98,58.47
server_5,2026-06-01 07:00:00+00:00,29.91,55.18
server_5,2026-06-01 08:00:00+00:00,32.83,53.38
server_5,2026-06-01 09:00:00+00:00,33.45,55.58
server_5,2026-06-01 10:00:00+00:00,35.82,48.72
server_5,2026-06-01 11:00:00+00:00,39.17,54.19
server_5,2026-06-01 12:00:00+00:00,41.61,60.54
server_5,2026-06-01 13:00:00+00:00,42.19,52.86
server_5,2026-06-01 14:00:00+00:00,39.95,50.79
server_5,2026-06-01 15:00:00+00:00,38.54,54.6
server_5,2026-06-01 16:00:00+00:00,38.17,54.57
server_5,2026-06-01 17:00:00+00:00,35.1,55.68
server_5,2026-06-01 18:00:00+00:00,33.07,46.86
server_5,2026-06-01 19:00:00+00:00,34.75,42.77
server_5,2026-06-01 20:00:00+00:00,32.86,55.99
server_5,2026-06-01 21:00:00+00:00,29.97,46.96
server_5,2026-06-01 22:00:00+00:00,26.55,47.65
server_5,2026-06-01 23:00:00+00:00,30.08,42.59
server_5,2026-06-02 00:00:00+00:00,28.64,54.92
server_5,2026-06-02 01:00:00+00:00,30.17,52.76
server_5,2026-06-02 02:00:00+00:00,32.61,53.45
server_5,2026-06-02 03:00:00+00:00,32.21,53.29
server_5,2026-06-02 04:00:00+00:00,36.65,45.39
server_5,2026-06-02 05:00:00+00:00,33.21,48.48
server_5,2026-06-02 06:00:00+00:00,36.77,51.86
server_5,2026-06-02 07:00:00+00:00,33.79,49.63
server_5,2026-06-02 08:00:00+00:00,34.71,51.86
server_5,2026-06-02 09:00:00+00:00,31.1,52.67
server_5,2026-06-02 10:00:00+00:00,32.73,56.28
server_5,2026-06-02 11:00:00+00:00,37.31,47.94
server_5,2026-06-02 12:00:00+00:00,40.63,54.99
server_5,2026-06-02 13:00:00+00:00,40.28,57.74
server_5,2026-06-02 14:00:00+00:00,39.35,50.87
server_5,2026-06-02 15:00:00+00:00,41.7,54.62
server_5,2026-06-02 16:00:00+00:00,35.91,55.24
server_5,2026-06-02 17:00:00+00:00,31.59,51.9
server_5,2026-06-02 18:00:00+00:00,29.19,53.71
server_5,2026-06-02 19:00:00+00:00,31.41,52.17
server_5,2026-06-02 20:00:00+00:00,29.52,49.89
server_5,2026-06-02 21:00:00+00:00,31.43,47.11
server_5,2026-06-02 22:00:00+00:00,33.5,53.51
server_5,2026-06-02 23:00:00+00:00,33.44,52.9
server_5,2026-06-03 00:00:00+00:00,30.35,47.45
server_5,2026-06-03 01:00:00+00:00,28.74,53.19
server_5,2026-06-03 02:00:00+00:00,30.56,56.57
server_5,2026-06-03 03:00:00+00:00,33.64,49.93
server_5,2026-06-03 04:00:00+00:00,34.22,49.87
server_5,2026-06-03 05:00:00+00:00,32.88,49.25
server_5,2026-06-03 06:00:00+00:00,35.0,46.34
server_5,2026-06-03 07:00:00+00:00,36.32,61.53
server_5,2026-06-03 08:00:00+00:00,30.79,49.78
server_5,2026-06-03 09:00:00+00:00,35.72,49.87
server_5,2026-06-03 10:00:00+00:00,34.77,48.46
server_5,2026-06-03 11:00:00+00:00,40.98,53.59
server_5,2026-06-03 12:00:00+00:00,42.43,52.87
server_5,2026-06-03 13:00:00+00:00,36.91,59.47
server_5,2026-06-03 14:00:00+00:00,39.43,49.61
server_5,2026-06-03 15:00:00+00:00,37.61,47.81
server_5,2026-06-03 16:00:00+00:00,33.97,54.9
server_5,2026-06-03 17:00:00+00:00,37.62,53.54
server_5,2026-06-03 18:00:00+00:00,37.17,52.92
server_5,2026-06-03 19:00:00+00:00,31.36,54.01
server_5,2026-06-03 20:00:00+00:00,34.14,53.29
server_5,2026-06-03 21:00:00+00:00,35.71,53.11
server_5,2026-06-03 22:00:00+00:00,32.52,46.56
server_5,2026-06-03 23:00:00+00:00,31.94,45.31
server_5,2026-06-04 00:00:00+00:00,31.39,48.98
server_5,2026-06-04 01:00:00+00:00,33.34,48.13
server_5,2026-06-04 02:00:00+00:00,34.19,53.84
server_5,2026-06-04 03:00:00+00:00,33.15,45.21
server_5,2026-06-04 04:00:00+00:00,33.07,50.59
server_5,2026-06-04 05:00:00+00:00,31.87,51.26
server_5,2026-06-04 06:00:00+00:00,28.02,50.45
server_5,2026-06-04 07:00:00+00:00,34.24,54.38
server_5,2026-06-04 08:00:00+00:00,28.79,49.57
server_5,2026-06-04 09:00:00+00:00,33.55,49.87
server_5,2026-06-04 10:00:00+00:00,37.31,58.84
server_5,2026-06-04 11:00:00+00:00,35.58,51.97
server_5,2026-06-04 12:00:00+00:00,39.14,60.18
server_5,2026-06-04 13:00:00+00:00,47.15,56.0
server_5,2026-06-04 14:00:00+00:00,41.65,55.31
server_5,2026-06-04 15:00:00+00:00,37.61,53.41
server_5,2026-06-04 16:00:00+00:00,40.43,55.88
server_5,2026-06-04 17:00:00+00:00,33.49,50.84
server_5,2026-06-04 18:00:00+00:00,27.2,50.7
server_5,2026-06-04 19:00:00+00:00,33.3,58.58
server_5,2026-06-04 20:00:00+00:00,29.71,55.39
server_5,2026-06-04 21:00:00+00:00,32.8,56.5
server_5,2026-06-04 22:00:00+00:00,29.97,45.92
server_5,2026-06-04 23:00:00+00:00,33.77,47.9
server_5,2026-06-05 00:00:00+00:00,32.46,53.03
server_5,2026-06-05 01:00:00+00:00,25.53,52.82
server_5,2026-06-05 02:00:00+00:00,32.96,50.26
server_5,2026-06-05 03:00:00+00:00,31.28,48.96
server_5,2026-06-05 04:00:00+00:00,35.54,58.81
server_5,2026-06-05 05:00:00+00:00,32.99,55.09
server_5,2026-06-05 06:00:00+00:00,33.89,56.89
server_5,2026-06-05 07:00:00+00:00,30.22,49.61
server_5,2026-06-05 08:00:00+00:00,30.02,49.23
server_5,2026-06-05 09:00:00+00:00,31.94,55.77
server_5,2026-06-05 10:00:00+00:00,34.52,51.83
server_5,2026-06-05 11:00:00+00:00,41.77,52.98
server_5,2026-06-05 12:00:00+00:00,40.28,51.24
server_5,2026-06-05 13:00:00+00:00,38.79,52.33
server_5,2026-06-05 14:00:00+00:00,39.78,58.22
server_5,2026-06-05 15:00:00+00:00,43.07,49.84
server_5,2026-06-05 16:00:00+00:00,38.01,56.62
server_5,2026-06-05 17:00:00+00:00,34.87,50.17
server_5,2026-06-05 18:00:00+00:00,34.65,52.09
server_5,2026-06-05 19:00:00+00:00,29.71,50.61
server_5,2026-06-05 20:00:00+00:00,26.41,49.16
server_5,2026-06-05 21:00:00+00:00,29.87,50.11
server_5,2026-06-05 22:00:00+00:00,32.61,50.43
server_5,2026-06-05 23:00:00+00:00,31.38,49.5
server_5,2026-06-06 00:00:00+00:00,26.1,55.21
server_5,2026-06-06 01:00:00+00:00,32.54,52.29
server_5,2026-06-06 02:00:00+00:00,30.41,50.94
server_5,2026-06-06 03:00:00+00:00,30.97,49.06
server_5,2026-06-06 04:00:00+00:00,31.05,50.04
server_5,2026-06-06 05:00:00+00:00,26.75,47.6
server_5,2026-06-06 06:00:00+00:00,30.76,54.63
server_5,2026-06-06 07:00:00+00:00,32.27,49.08
server_5,2026-06-06 08:00:00+00:00,32.85,43.31
server_5,2026-06-06 09:00:00+00:00,31.8,52.16
server_5,2026-06-06 10:00:00+00:00,33.16,51.29
server_5,2026-06-06 11:00:00+00:00,29.19,48.67
server_5,2026-06-06 12:00:00+00:00,34.73,56.6
server_5,2026-06-06 13:00:00+00:00,33.03,41.42
server_5,2026-06-06 14:00:00+00:00,38.62,60.62
server_5,2026-06-06 15:00:00+00:00,37.59,58.17
server_5,2026-06-06 16:00:00+00:00,31.16,49.19
server_5,2026-06-06 17:00:00+00:00,31.77,50.12
server_5,2026-06-06 18:00:00+00:00,30.62,53.53
server_5,2026-06-06 19:00:00+00:00,32.25,54.21
server_5,2026-06-06 20:00:00+00:00,25.81,47.3
server_5,2026-06-06 21:00:00+00:00,24.48,42.9
server_5,2026-06-06 22:00:00+00:00,30.1,59.79
server_5,2026-06-06 23:00:00+00:00,23.67,52.91
server_5,2026-06-07 00:00:00+00:00,30.4,52.07
server_5,2026-06-07 01:00:00+00:00,31.48,52.52
server_5,2026-06-07 02:00:00+00:00,33.09,54.87
server_5,2026-06-07 03:00:00+00:00,28.44,53.72
server_5,2026-06-07 04:00:00+00:00,30.4,43.1
server_5,2026-06-07 05:00:00+00:00,31.63,50.47
server_5,2026-06-07 06:00:00+00:00,27.06,48.45
server_5,2026-06-07 07:00:00+00:00,32.29,51.46
server_5,2026-06-07 08:00:00+00:00,30.69,54.62
server_5,2026-06-07 09:00:00+00:00,28.49,43.61
server_5,2026-06-07 10:00:00+00:00,32.23,46.69
server_5,2026-06-07 11:00:00+00:00,33.19,49.69
server_5,2026-06-07 12:00:00+00:00,36.71,54.27
server_5,2026-06-07 13:00:00+00:00,34.52,56.21
server_5,2026-06-07 14:00:00+00:00,35.98,59.92
server_5,2026-06-07 15:00:00+00:00,33.21,51.28
server_5,2026-06-07 16:00:00+00:00,31.19,55.04
server_5,2026-06-07 17:00:00+00:00,32.31,54.95
server_5,2026-06-07 18:00:00+00:00,27.76,52.68
server_5,2026-06-07 19:00:00+00:00,32.0,51.9
server_5,2026-06-07 20:00:00+00:00,31.48,50.22
server_5,2026-06-07 21:00:00+00:00,28.09,46.37
server_5,2026-06-07 22:00:00+00:00,30.53,46.96
server_5,2026-06-07 23:00:00+00:00,28.08,52.01
server_5,2026-06-08 00:00:00+00:00,27.99,50.38
server_5,2026-06-08 01:00:00+00:00,30.51,49.82
server_5,2026-06-08 02:00:00+00:00,31.87,54.62
server_5,2026-06-08 03:00:00+00:00,33.3,51.65
server_5,2026-06-08 04:00:00+00:00,32.37,48.48
server_5,2026-06-08 05:00:00+00:00,34.27,51.73
server_5,2026-06-08 06:00:00+00:00,29.55,54.42
server_5,2026-06-08 07:00:00+00:00,31.06,47.58
server_5,2026-06-08 08:00:00+00:00,36.11,54.28
server_5,2026-06-08 09:00:00+00:00,27.17,50.09
server_5,2026-06-08 10:00:00+00:00,34.29,49.76
server_5,2026-06-08 11:00:00+00:00,35.75,52.14
server_5,2026-06-08 12:00:00+00:00,40.17,48.57
server_5,2026-06-08 13:00:00+00:00,40.76,55.51
server_5,2026-06-08 14:00:00+00:00,43.35,50.51
server_5,2026-06-08 15:00:00+00:00,41.3,59.54
server_5,2026-06-08 16:00:00+00:00,35.16,52.74
server_5,2026-06-08 17:00:00+00:00,33.95,50.4
server_5,2026-06-08 18:00:00+00:00,32.0,56.64
server_5,2026-06-08 19:00:00+00:00,33.85,48.52
server_5,2026-06-08 20:00:00+00:00,38.08,51.14
server_5,2026-06-08 21:00:00+00:00,33.76,45.3
server_5,2026-06-08 22:00:00+00:00,29.47,56.35
server_5,2026-06-08 23:00:00+00:00,31.77,59.41
server_5,2026-06-09 00:00:00+00:00,32.45,45.46
server_5,2026-06-09 01:00:00+00:00,30.7,48.28
server_5,2026-06-09 02:00:00+00:00,33.18,52.69
server_5,2026-06-09 03:00:00+00:00,26.32,47.95
server_5,2026-06-09 04:00:00+00:00,33.38,52.36
server_5,2026-06-09 05:00:00+00:00,30.81,51.11
server_5,2026-06-09 06:00:00+00:00,31.73,53.53
server_5,2026-06-09 07:00:00+00:00,35.66,49.44
server_5,2026-06-09 08:00:00+00:00,28.85,51.67
server_5,2026-06-09 09:00:00+00:00,32.68,47.77
server_5,2026-06-09 10:00:00+00:00,37.41,52.24
server_5,2026-06-09 11:00:00+00:00,38.85,47.45
server_5,2026-06-09 12:00:00+00:00,36.62,52.0
server_5,2026-06-09 13:00:00+00:00,45.22,54.34
server_5,2026-06-09 14:00:00+00:00,41.32,59.04
server_5,2026-06-09 15:00:00+00:00,39.34,54.33
server_5,2026-06-09 16:00:00+00:00,37.65,54.47
server_5,2026-06-09 17:00:00+00:00,34.46,52.77
server_5,2026-06-09 18:00:00+00:00,29.02,42.44
server_5,2026-06-09 19:00:00+00:00,32.41,44.16
server_5,2026-06-09 20:00:00+00:00,30.51,50.2
server_5,2026-06-09 21:00:00+00:00,33.68,53.7
server_5,2026-06-09 22:00:00+00:00,33.29,51.51
server_5,2026-06-09 23:00:00+00:00,36.06,49.97
server_5,2026-06-10 00:00:00+00:00,31.47,50.85
server_5,2026-06-10 01:00:00+00:00,29.99,49.99
server_5,2026-06-10 02:00:00+00:00,28.33,53.83
server_5,2026-06-10 03:00:00+00:00,37.48,56.81
server_5,2026-06-10 04:00:00+00:00,33.66,50.37
server_5,2026-06-10 05:00:00+00:00,30.27,51.19
server_5,2026-06-10 06:00:00+00:00,36.23,54.59
server_5,2026-06-10 07:00:00+00:00,35.39,54.89
server_5,2026-06-10 08:00:00+00:00,28.62,57.43
server_5,2026-06-10 09:00:00+00:00,30.12,51.23
server_5,2026-06-10 10:00:00+00:00,35.09,57.76
server_5,2026-06-10 11:00:00+00:00,35.75,48.67
server_5,2026-06-10 12:00:00+00:00,40.42,52.4
server_5,2026-06-10 13:00:00+00:00,43.63,47.53
server_5,2026-06-10 14:00:00+00:00,38.41,54.85
server_5,2026-06-10 15:00:00+00:00,41.39,57.88
server_5,2026-06-10 16:00:00+00:00,41.35,45.05
server_5,2026-06-10 17:00:00+00:00,36.42,54.3
server_5,2026-06-10 18:00:00+00:00,31.81,54.35
server_5,2026-06-10 19:00:00+00:00,30.33,53.6
server_5,2026-06-10 20:00:00+00:00,34.08,47.94
server_5,2026-06-10 21:00:00+00:00,29.06,54.06
server_5,2026-06-10 22:00:00+00:00,32.61,52.25
server_5,2026-06-10 23:00:00+00:00,32.06,54.39
server_5,2026-06-11 00:00:00+00:00,34.81,52.48
server_5,2026-06-11 01:00:00+00:00,30.54,53.01
server_5,2026-06-11 02:00:00+00:00,30.76,56.0
server_5,2026-06-11 03:00:00+00:00,28.9,50.1
server_5,2026-06-11 04:00:00+00:00,33.09,53.52
server_5,2026-06-11 05:00:00+00:00,30.94,56.63
server_5,2026-06-11 06:00:00+00:00,29.84,50.71
server_5,2026-06-11 07:00:00+00:00,30.08,46.83
server_5,2026-06-11 08:00:00+00:00,33.34,55.17
server_5,2026-06-11 09:00:00+00:00,29.24,56.77
server_5,2026-06-11 10:00:00+00:00,32.88,57.46
server_5,2026-06-11 11:00:00+00:00,40.67,57.89
server_5,2026-06-11 12:00:00+00:00,40.24,45.51
server_5,2026-06-11 13:00:00+00:00,44.24,53.74
server_5,2026-06-11 14:00:00+00:00,40.95,52.79
server_5,2026-06-11 15:00:00+00:00,40.66,55.21
server_5,2026-06-11 16:00:00+00:00,38.82,61.14
server_5,2026-06-11 17:00:00+00:00,38.89,50.09
server_5,2026-06-11 18:00:00+00:00,35.26,62.11
server_5,2026-06-11 19:00:00+00:00,34.88,51.48
server_5,2026-06-11 20:00:00+00:00,30.43,48.38
server_5,2026-06-11 21:00:00+00:00,29.53,54.52
server_5,2026-06-11 22:00:00+00:00,33.9,56.36
server_5,2026-06-11 23:00:00+00:00,35.44,55.8
server_5,2026-06-12 00:00:00+00:00,34.91,49.94
server_5,2026-06-12 01:00:00+00:00,32.03,54.02
server_5,2026-06-12 02:00:00+00:00,33.82,48.5
server_5,2026-06-12 03:00:00+00:00,33.86,49.46
server_5,2026-06-12 04:00:00+00:00,32.37,51.75
server_5,2026-06-12 05:00:00+00:00,32.48,48.89
server_5,2026-06-12 06:00:00+00:00,32.25,56.3
server_5,2026-06-12 07:00:00+00:00,30.03,49.0
server_5,2026-06-12 08:00:00+00:00,30.28,50.52
server_5,2026-06-12 09:00:00+00:00,30.25,47.87
server_5,2026-06-12 10:00:00+00:00,31.42,55.95
server_5,2026-06-12 11:00:00+00:00,38.79,51.71
server_5,2026-06-12 12:00:00+00:00,40.56,59.56
server_5,2026-06-12 13:00:00+00:00,43.75,60.39
server_5,2026-06-12 14:00:00+00:00,45.0,54.77
server_5,2026-06-12 15:00:00+00:00,43.97,56.31
server_5,2026-06-12 16:00:00+00:00,41.97,53.6
server_5,2026-06-12 17:00:00+00:00,33.53,54.72
server_5,2026-06-12 18:00:00+00:00,28.42,49.97
server_5,2026-06-12 19:00:00+00:00,34.33,51.14
server_5,2026-06-12 20:00:00+00:00,35.46,53.39
server_5,2026-06-12 21:00:00+00:00,35.89,47.03
server_5,2026-06-12 22:00:00+00:00,33.21,52.12
server_5,2026-06-12 23:00:00+00:00,27.01,52.85
server_5,2026-06-13 00:00:00+00:00,30.91,52.17
server_5,2026-06-13 01:00:00+00:00,31.39,55.59
server_5,2026-06-13 02:00:00+00:00,33.13,50.89
server_5,2026-06-13 03:00:00+00:00,33.57,50.71
server_5,2026-06-13 04:00:00+00:00,32.27,47.63
server_5,2026-06-13 05:00:00+00:00,28.53,49.16
server_5,2026-06-13 06:00:00+00:00,27.43,58.26
server_5,2026-06-13 07:00:00+00:00,31.33,52.87
server_5,2026-06-13 08:00:00+00:00,28.02,48.26
server_5,2026-06-13 09:00:00+00:00,33.69,48.57
server_5,2026-06-13 10:00:00+00:00,27.62,44.07
server_5,2026-06-13 11:00:00+00:00,34.95,49.71
server_5,2026-06-13 12:00:00+00:00,35.56,56.28
server_5,2026-06-13 13:00:00+00:00,34.9,51.31
server_5,2026-06-13 14:00:00+00:00,33.1,48.55
server_5,2026-06-13 15:00:00+00:00,29.61,47.77
server_5,2026-06-13 16:00:00+00:00,32.21,54.67
server_5,2026-06-13 17:00:00+00:00,30.6,51.18
server_5,2026-06-13 18:00:00+00:00,32.78,49.76
server_5,2026-06-13 19:00:00+00:00,28.04,49.38
server_5,2026-06-13 20:00:00+00:00,31.13,60.52
server_5,2026-06-13 21:00:00+00:00,26.77,55.05
server_5,2026-06-13 22:00:00+00:00,31.2,57.59
server_5,2026-06-13 23:00:00+00:00,24.41,42.33
server_5,2026-06-14 00:00:00+00:00,35.24,52.53
server_5,2026-06-14 01:00:00+00:00,29.65,48.6
server_5,2026-06-14 02:00:00+00:00,23.01,51.03
server_5,2026-06-14 03:00:00+00:00,28.21,54.91
server_5,2026-06-14 04:00:00+00:00,27.81,51.84
server_5,2026-06-14 05:00:00+00:00,28.36,47.24
server_5,2026-06-14 06:00:00+00:00,29.09,48.34
server_5,2026-06-14 07:00:00+00:00,28.34,53.2
server_5,2026-06-14 08:00:00+00:00,27.96,53.47
server_5,2026-06-14 09:00:00+00:00,27.1,50.85
server_5,2026-06-14 10:00:00+00:00,33.94,53.2
server_5,2026-06-14 11:00:00+00:00,36.54,53.79
server_5,2026-06-14 12:00:00+00:00,34.13,53.82
server_5,2026-06-14 13:00:00+00:00,35.37,56.04
server_5,2026-06-14 14:00:00+00:00,32.6,54.73
server_5,2026-06-14 15:00:00+00:00,34.94,53.12
server_5,2026-06-14 16:00:00+00:00,34.11,52.54
server_5,2026-06-14 17:00:00+00:00,31.33,51.42
server_5,2026-06-14 18:00:00+00:00,30.99,48.53
server_5,2026-06-14 19:00:00+00:00,30.77,48.4
server_5,2026-06-14 20:00:00+00:00,27.36,52.55
server_5,2026-06-14 21:00:00+00:00,32.98,49.49
server_5,2026-06-14 22:00:00+00:00,29.48,54.37
server_5,2026-06-14 23:00:00+00:00,34.19,52.56
server_5,2026-06-15 00:00:00+00:00,33.05,55.65
server_5,2026-06-15 01:00:00+00:00,36.93,56.27
server_5,2026-06-15 02:00:00+00:00,34.94,56.4
server_5,2026-06-15 03:00:00+00:00,32.57,50.29
server_5,2026-06-15 04:00:00+00:00,30.19,53.0
server_5,2026-06-15 05:00:00+00:00,30.25,54.34
server_5,2026-06-15 06:00:00+00:00,33.33,46.26
server_5,2026-06-15 07:00:00+00:00,32.36,58.93
server_5,2026-06-15 08:00:00+00:00,30.53,60.55
server_5,2026-06-15 09:00:00+00:00,34.08,56.52
server_5,2026-06-15 10:00:00+00:00,35.52,56.45
server_5,2026-06-15 11:00:00+00:00,40.53,57.34
server_5,2026-06-15 12:00:00+00:00,38.22,52.88
server_5,2026-06-15 13:00:00+00:00,44.35,55.88
server_5,2026-06-15 14:00:00+00:00,43.1,59.74
server_5,2026-06-15 15:00:00+00:00,43.65,52.19
server_5,2026-06-15 16:00:00+00:00,40.87,50.86
server_5,2026-06-15 17:00:00+00:00,35.21,51.53
server_5,2026-06-15 18:00:00+00:00,31.59,54.48
server_5,2026-06-15 19:00:00+00:00,36.46,50.1
server_5,2026-06-15 20:00:00+00:00,31.27,50.84
server_5,2026-06-15 21:00:00+00:00,33.87,52.23
server_5,2026-06-15 22:00:00+00:00,31.05,47.62
server_5,2026-06-15 23:00:00+00:00,27.35,40.61
server_5,2026-06-16 00:00:00+00:00,28.93,46.82
server_5,2026-06-16 01:00:00+00:00,33.01,53.4
server_5,2026-06-16 02:00:00+00:00,33.75,54.56
server_5,2026-06-16 03:00:00+00:00,33.02,54.34
server_5,2026-06-16 04:00:00+00:00,34.86,55.44
server_5,2026-06-16 05:00:00+00:00,32.98,49.84
server_5,2026-06-16 06:00:00+00:00,30.06,47.96
server_5,2026-06-16 07:00:00+00:00,33.49,54.02
server_5,2026-06-16 08:00:00+00:00,32.42,51.3
server_5,2026-06-16 09:00:00+00:00,30.56,55.12
server_5,2026-06-16 10:00:00+00:00,36.6,55.14
server_5,2026-06-16 11:00:00+00:00,38.63,59.45
server_5,2026-06-16 12:00:00+00:00,39.15,52.64
server_5,2026-06-16 13:00:00+00:00,41.4,59.56
server_5,2026-06-16 14:00:00+00:00,45.38,64.82
server_5,2026-06-16 15:00:00+00:00,44.11,56.45
server_5,2026-06-16 16:00:00+00:00,38.9,56.41
server_5,2026-06-16 17:00:00+00:00,35.56,49.53
server_5,2026-06-16 18:00:00+00:00,28.42,54.32
server_5,2026-06-16 19:00:00+00:00,36.3,58.02
server_5,2026-06-16 20:00:00+00:00,34.59,50.93
server_5,2026-06-16 21:00:00+00:00,33.88,55.0
server_5,2026-06-16 22:00:00+00:00,26.31,51.13
server_5,2026-06-16 23:00:00+00:00,32.1,53.6
server_5,2026-06-17 00:00:00+00:00,31.68,55.14
server_5,2026-06-17 01:00:00+00:00,33.71,54.67
server_5,2026-06-17 02:00:00+00:00,30.87,51.05
server_5,2026-06-17 03:00:00+00:00,31.42,55.13
server_5,2026-06-17 04:00:00+00:00,33.55,56.99
server_5,2026-06-17 05:00:00+00:00,30.07,49.11
server_5,2026-06-17 06:00:00+00:00,30.56,51.49
server_5,2026-06-17 07:00:00+00:00,32.48,45.09
server_5,2026-06-17 08:00:00+00:00,35.35,55.51
server_5,2026-06-17 09:00:00+00:00,34.02,57.6
server_5,2026-06-17 10:00:00+00:00,38.11,53.11
server_5,2026-06-17 11:00:00+00:00,38.59,54.84
server_5,2026-06-17 12:00:00+00:00,44.4,55.46
server_5,2026-06-17 13:00:00+00:00,37.5,52.39
server_5,2026-06-17 14:00:00+00:00,46.9,58.14
server_5,2026-06-17 15:00:00+00:00,46.04,53.78
server_5,2026-06-17 16:00:00+00:00,39.57,53.71
server_5,2026-06-17 17:00:00+00:00,37.5,50.31
server_5,2026-06-17 18:00:00+00:00,31.91,54.32
server_5,2026-06-17 19:00:00+00:00,31.48,52.77
server_5,2026-06-17 20:00:00+00:00,30.47,49.74
server_5,2026-06-17 21:00:00+00:00,31.88,52.11
server_5,2026-06-17 22:00:00+00:00,33.39,51.6
server_5,2026-06-17 23:00:00+00:00,33.05,56.94
server_5,2026-06-18 00:00:00+00:00,36.97,51.97
server_5,2026-06-18 01:00:00+00:00,32.25,54.63
server_5,2026-06-18 02:00:00+00:00,28.28,47.88
server_5,2026-06-18 03:00:00+00:00,36.11,56.7
server_5,2026-06-18 04:00:00+00:00,28.95,55.08
server_5,2026-06-18 05:00:00+00:00,30.6,55.85
server_5,2026-06-18 06:00:00+00:00,32.68,58.12
server_5,2026-06-18 07:00:00+00:00,33.04,53.53
server_5,2026-06-18 08:00:00+00:00,28.39,55.69
server_5,2026-06-18 09:00:00+00:00,30.13,57.84
server_5,2026-06-18 10:00:00+00:00,31.72,47.41
server_5,2026-06-18 11:00:00+00:00,39.98,52.38
server_5,2026-06-18 12:00:00+00:00,43.62,50.08
server_5,2026-06-18 13:00:00+00:00,38.79,58.62
server_5,2026-06-18 14:00:00+00:00,44.34,50.28
server_5,2026-06-18 15:00:00+00:00,42.99,48.73
server_5,2026-06-18 16:00:00+00:00,36.78,49.28
server_5,2026-06-18 17:00:00+00:00,30.46,44.51
server_5,2026-06-18 18:00:00+00:00,29.32,52.15
server_5,2026-06-18 19:00:00+00:00,30.51,47.14
server_5,2026-06-18 20:00:00+00:00,35.85,46.59
server_5,2026-06-18 21:00:00+00:00,31.7,51.73
server_5,2026-06-18 22:00:00+00:00,29.48,51.19
server_5,2026-06-18 23:00:00+00:00,32.37,44.65
server_5,2026-06-19 00:00:00+00:00,28.76,48.01
server_5,2026-06-19 01:00:00+00:00,33.29,52.15
server_5,2026-06-19 02:00:00+00:00,29.56,49.72
server_5,2026-06-19 03:00:00+00:00,29.92,49.95
server_5,2026-06-19 04:00:00+00:00,32.94,57.05
server_5,2026-06-19 05:00:00+00:00,36.38,62.12
server_5,2026-06-19 06:00:00+00:00,37.49,52.67
server_5,2026-06-19 07:00:00+00:00,29.4,45.8
server_5,2026-06-19 08:00:00+00:00,30.51,50.54
server_5,2026-06-19 09:00:00+00:00,33.29,53.23
server_5,2026-06-19 10:00:00+00:00,38.34,54.01
server_5,2026-06-19 11:00:00+00:00,33.02,54.8
server_5,2026-06-19 12:00:00+00:00,40.88,63.96
server_5,2026-06-19 13:00:00+00:00,40.63,48.17
server_5,2026-06-19 14:00:00+00:00,37.04,51.73
server_5,2026-06-19 15:00:00+00:00,37.32,60.03
server_5,2026-06-19 16:00:00+00:00,37.01,51.66
server_5,2026-06-19 17:00:00+00:00,35.57,56.41
server_5,2026-06-19 18:00:00+00:00,34.52,55.41
server_5,2026-06-19 19:00:00+00:00,32.89,57.26
server_5,2026-06-19 20:00:00+00:00,34.37,60.48
server_5,2026-06-19 21:00:00+00:00,32.07,53.36
server_5,2026-06-19 22:00:00+00:00,30.24,44.4
server_5,2026-06-19 23:00:00+00:00,31.54,49.04
server_5,2026-06-20 00:00:00+00:00,31.74,60.65
server_5,2026-06-20 01:00:00+00:00,32.58,46.55
server_5,2026-06-20 02:00:00+00:00,29.63,53.16
server_5,2026-06-20 03:00:00+00:00,27.68,40.43
server_5,2026-06-20 04:00:00+00:00,30.84,46.19
server_5,2026-06-20 05:00:00+00:00,31.19,55.27
server_5,2026-06-20 06:00:00+00:00,33.08,52.52
server_5,2026-06-20 07:00:00+00:00,28.3,49.2
server_5,2026-06-20 08:00:00+00:00,28.33,47.46
server_5,2026-06-20 09:00:00+00:00,31.89,43.98
server_5,2026-06-20 10:00:00+00:00,30.86,54.38
server_5,2026-06-20 11:00:00+00:00,32.41,51.01
server_5,2026-06-20 12:00:00+00:00,37.9,47.98
server_5,2026-06-20 13:00:00+00:00,31.99,52.12
server_5,2026-06-20 14:00:00+00:00,40.56,57.32
server_5,2026-06-20 15:00:00+00:00,33.23,51.63
server_5,2026-06-20 16:00:00+00:00,35.7,53.76
server_5,2026-06-20 17:00:00+00:00,31.61,52.02
server_5,2026-06-20 18:00:00+00:00,30.68,48.71
server_5,2026-06-20 19:00:00+00:00,29.34,51.29
server_5,2026-06-20 20:00:00+00:00,32.14,54.99
server_5,2026-06-20 21:00:00+00:00,29.13,55.13
server_5,2026-06-20 22:00:00+00:00,28.57,53.96
server_5,2026-06-20 23:00:00+00:00,34.53,50.19
server_5,2026-06-21 00:00:00+00:00,30.07,53.87
server_5,2026-06-21 01:00:00+00:00,28.31,52.57
server_5,2026-06-21 02:00:00+00:00,26.27,47.16
server_5,2026-06-21 03:00:00+00:00,34.66,51.08
server_5,2026-06-21 04:00:00+00:00,28.62,53.54
server_5,2026-06-21 05:00:00+00:00,35.15,58.61
server_5,2026-06-21 06:00:00+00:00,31.0,44.4
server_5,2026-06-21 07:00:00+00:00,30.36,57.99
server_5,2026-06-21 08:00:00+00:00,30.42,56.11
server_5,2026-06-21 09:00:00+00:00,35.54,54.04
server_5,2026-06-21 10:00:00+00:00,26.4,49.08
server_5,2026-06-21 11:00:00+00:00,34.07,54.29
server_5,2026-06-21 12:00:00+00:00,34.1,50.17
server_5,2026-06-21 13:00:00+00:00,34.88,52.3
server_5,2026-06-21 14:00:00+00:00,35.79,47.43
server_5,2026-06-21 15:00:00+00:00,34.1,45.77
server_5,2026-06-21 16:00:00+00:00,34.01,62.03
server_5,2026-06-21 17:00:00+00:00,31.82,52.19
server_5,2026-06-21 18:00:00+00:00,26.72,50.97
server_5,2026-06-21 19:00:00+00:00,30.95,51.51
server_5,2026-06-21 20:00:00+00:00,31.79,48.62
server_5,2026-06-21 21:00:00+00:00,28.64,49.6
server_5,2026-06-21 22:00:00+00:00,34.67,53.3
server_5,2026-06-21 23:00:00+00:00,33.34,51.68
server_5,2026-06-22 00:00:00+00:00,34.11,49.73
server_5,2026-06-22 01:00:00+00:00,34.08,54.65
server_5,2026-06-22 02:00:00+00:00,32.08,52.78
server_5,2026-06-22 03:00:00+00:00,34.85,54.57
server_5,2026-06-22 04:00:00+00:00,35.93,56.19
server_5,2026-06-22 05:00:00+00:00,34.02,52.02
server_5,2026-06-22 06:00:00+00:00,30.57,50.83
server_5,2026-06-22 07:00:00+00:00,31.9,57.9
server_5,2026-06-22 08:00:00+00:00,33.43,48.73
server_5,2026-06-22 09:00:00+00:00,34.09,45.24
server_5,2026-06-22 10:00:00+00:00,35.23,55.35
server_5,2026-06-22 11:00:00+00:00,37.01,51.24
server_5,2026-06-22 12:00:00+00:00,44.62,52.11
server_5,2026-06-22 13:00:00+00:00,39.17,58.05
server_5,2026-06-22 14:00:00+00:00,39.49,54.04
server_5,2026-06-22 15:00:00+00:00,37.34,48.82
server_5,2026-06-22 16:00:00+00:00,36.07,61.16
server_5,2026-06-22 17:00:00+00:00,38.54,47.85
server_5,2026-06-22 18:00:00+00:00,35.2,52.77
server_5,2026-06-22 19:00:00+00:00,31.81,44.38
server_5,2026-06-22 20:00:00+00:00,33.24,53.52
server_5,2026-06-22 21:00:00+00:00,31.97,49.43
server_5,2026-06-22 22:00:00+00:00,29.02,54.23
server_5,2026-06-22 23:00:00+00:00,37.55,53.87
server_5,2026-06-23 00:00:00+00:00,35.44,58.61
server_5,2026-06-23 01:00:00+00:00,32.89,50.59
server_5,2026-06-23 02:00:00+00:00,29.86,44.83
server_5,2026-06-23 03:00:00+00:00,31.44,52.75
server_5,2026-06-23 04:00:00+00:00,30.27,50.38
server_5,2026-06-23 05:00:00+00:00,32.24,44.81
server_5,2026-06-23 06:00:00+00:00,32.77,48.05
server_5,2026-06-23 07:00:00+00:00,31.15,48.75
server_5,2026-06-23 08:00:00+00:00,28.36,56.95
server_5,2026-06-23 09:00:00+00:00,37.33,56.7
server_5,2026-06-23 10:00:00+00:00,36.01,52.01
server_5,2026-06-23 11:00:00+00:00,39.57,56.53
server_5,2026-06-23 12:00:00+00:00,39.6,46.5
server_5,2026-06-23 13:00:00+00:00,37.94,51.82
server_5,2026-06-23 14:00:00+00:00,41.64,56.98
server_5,2026-06-23 15:00:00+00:00,39.85,55.41
server_5,2026-06-23 16:00:00+00:00,40.2,52.71
server_5,2026-06-23 17:00:00+00:00,37.69,53.84
server_5,2026-06-23 18:00:00+00:00,33.91,54.02
server_5,2026-06-23 19:00:00+00:00,34.47,52.83
server_5,2026-06-23 20:00:00+00:00,36.51,57.02
server_5,2026-06-23 21:00:00+00:00,32.97,53.62
server_5,2026-06-23 22:00:00+00:00,34.75,55.01
server_5,2026-06-23 23:00:00+00:00,33.23,59.29
server_5,2026-06-24 00:00:00+00:00,27.25,53.65
server_5,2026-06-24 01:00:00+00:00,31.61,58.83
server_5,2026-06-24 02:00:00+00:00,29.83,48.55
server_5,2026-06-24 03:00:00+00:00,32.58,45.83
server_5,2026-06-24 04:00:00+00:00,30.02,50.75
server_5,2026-06-24 05:00:00+00:00,33.51,51.63
server_5,2026-06-24 06:00:00+00:00,34.45,58.7
server_5,2026-06-24 07:00:00+00:00,35.01,48.53
server_5,2026-06-24 08:00:00+00:00,36.05,53.1
server_5,2026-06-24 09:00:00+00:00,27.81,52.15
server_5,2026-06-24 10:00:00+00:00,32.42,52.55
server_5,2026-06-24 11:00:00+00:00,45.75,56.13
server_5,2026-06-24 12:00:00+00:00,43.18,57.35
server_5,2026-06-24 13:00:00+00:00,42.41,59.96
server_5,2026-06-24 14:00:00+00:00,41.93,61.62
server_5,2026-06-24 15:00:00+00:00,40.52,55.11
server_5,2026-06-24 16:00:00+00:00,33.59,49.29
server_5,2026-06-24 17:00:00+00:00,33.49,58.66
server_5,2026-06-24 18:00:00+00:00,31.72,47.59
server_5,2026-06-24 19:00:00+00:00,30.21,58.54
server_5,2026-06-24 20:00:00+00:00,30.54,56.86
server_5,2026-06-24 21:00:00+00:00,38.4,60.2
server_5,2026-06-24 22:00:00+00:00,31.37,54.52
server_5,2026-06-24 23:00:00+00:00,32.7,43.79
server_5,2026-06-25 00:00:00+00:00,32.61,48.06
server_5,2026-06-25 01:00:00+00:00,33.47,53.74
server_5,2026-06-25 02:00:00+00:00,30.81,48.88
server_5,2026-06-25 03:00:00+00:00,35.12,51.83
server_5,2026-06-25 04:00:00+00:00,33.11,54.84
server_5,2026-06-25 05:00:00+00:00,28.78,50.19
server_5,2026-06-25 06:00:00+00:00,31.73,47.03
server_5,2026-06-25 07:00:00+00:00,31.57,55.39
server_5,2026-06-25 08:00:00+00:00,31.45,53.87
server_5,2026-06-25 09:00:00+00:00,33.27,51.45
server_5,2026-06-25 10:00:00+00:00,37.01,56.6
server_5,2026-06-25 11:00:00+00:00,39.72,55.08
server_5,2026-06-25 12:00:00+00:00,41.51,60.65
server_5,2026-06-25 13:00:00+00:00,42.06,56.13
server_5,2026-06-25 14:00:00+00:00,36.47,58.86
server_5,2026-06-25 15:00:00+00:00,42.6,48.22
server_5,2026-06-25 16:00:00+00:00,39.65,56.51
server_5,2026-06-25 17:00:00+00:00,32.96,50.74
server_5,2026-06-25 18:00:00+00:00,32.7,48.81
server_5,2026-06-25 19:00:00+00:00,33.62,57.2
server_5,2026-06-25 20:00:00+00:00,34.93,56.58
server_5,2026-06-25 21:00:00+00:00,33.28,44.42
server_5,2026-06-25 22:00:00+00:00,32.8,55.14
server_5,2026-06-25 23:00:00+00:00,34.37,55.21
server_5,2026-06-26 00:00:00+00:00,31.23,48.84
server_5,2026-06-26 01:00:00+00:00,33.03,49.02
server_5,2026-06-26 02:00:00+00:00,30.45,45.09
server_5,2026-06-26 03:00:00+00:00,34.78,51.62
server_5,2026-06-26 04:00:00+00:00,27.98,49.88
server_5,2026-06-26 05:00:00+00:00,34.04,55.9
server_5,2026-06-26 06:00:00+00:00,32.04,53.09
server_5,2026-06-26 07:00:00+00:00,34.41,48.61
server_5,2026-06-26 08:00:00+00:00,30.05,52.27
server_5,2026-06-26 09:00:00+00:00,32.22,51.06
server_5,2026-06-26 10:00:00+00:00,35.57,49.51
server_5,2026-06-26 11:00:00+00:00,39.51,48.27
server_5,2026-06-26 12:00:00+00:00,38.04,56.61
server_5,2026-06-26 13:00:00+00:00,43.44,57.79
server_5,2026-06-26 14:00:00+00:00,37.23,56.06
server_5,2026-06-26 15:00:00+00:00,38.99,51.53
server_5,2026-06-26 16:00:00+00:00,34.52,53.57
server_5,2026-06-26 17:00:00+00:00,37.49,48.42
server_5,2026-06-26 18:00:00+00:00,33.0,48.4
server_5,2026-06-26 19:00:00+00:00,33.14,52.53
server_5,2026-06-26 20:00:00+00:00,35.68,54.34
server_5,2026-06-26 21:00:00+00:00,31.21,45.21
server_5,2026-06-26 22:00:00+00:00,33.52,48.3
server_5,2026-06-26 23:00:00+00:00,32.17,50.6
server_5,2026-06-27 00:00:00+00:00,29.78,55.06
server_5,2026-06-27 01:00:00+00:00,33.27,49.19
server_5,2026-06-27 02:00:00+00:00,35.2,53.68
server_5,2026-06-27 03:00:00+00:00,28.92,51.9
server_5,2026-06-27 04:00:00+00:00,32.08,51.03
server_5,2026-06-27 05:00:00+00:00,30.8,52.65
server_5,2026-06-27 06:00:00+00:00,30.83,46.21
server_5,2026-06-27 07:00:00+00:00,30.62,48.89
server_5,2026-06-27 08:00:00+00:00,29.17,56.75
server_5,2026-06-27 09:00:00+00:00,21.04,54.18
server_5,2026-06-27 10:00:00+00:00,35.72,56.67
server_5,2026-06-27 11:00:00+00:00,31.8,56.33
server_5,2026-06-27 12:00:00+00:00,34.16,45.45
server_5,2026-06-27 13:00:00+00:00,34.87,49.21
server_5,2026-06-27 14:00:00+00:00,33.46,51.27
server_5,2026-06-27 15:00:00+00:00,35.36,62.84
server_5,2026-06-27 16:00:00+00:00,33.42,51.25
server_5,2026-06-27 17:00:00+00:00,30.09,54.31
server_5,2026-06-27 18:00:00+00:00,30.37,52.94
server_5,2026-06-27 19:00:00+00:00,29.92,52.7
server_5,2026-06-27 20:00:00+00:00,32.32,52.02
server_5,2026-06-27 21:00:00+00:00,26.65,45.33
server_5,2026-06-27 22:00:00+00:00,27.99,39.79
server_5,2026-06-27 23:00:00+00:00,31.81,57.06
server_5,2026-06-28 00:00:00+00:00,28.4,48.27
server_5,2026-06-28 01:00:00+00:00,27.74,43.04
server_5,2026-06-28 02:00:00+00:00,28.52,52.54
server_5,2026-06-28 03:00:00+00:00,29.75,52.89
server_5,2026-06-28 04:00:00+00:00,29.76,54.29
server_5,2026-06-28 05:00:00+00:00,29.48,55.58
server_5,2026-06-28 06:00:00+00:00,27.43,46.72
server_5,2026-06-28 07:00:00+00:00,31.93,48.48
server_5,2026-06-28 08:00:00+00:00,33.32,51.19
server_5,2026-06-28 09:00:00+00:00,25.22,52.91
server_5,2026-06-28 10:00:00+00:00,28.0,42.19
server_5,2026-06-28 11:00:00+00:00,36.04,53.93
server_5,2026-06-28 12:00:00+00:00,38.69,58.07
server_5,2026-06-28 13:00:00+00:00,30.09,54.9
server_5,2026-06-28 14:00:00+00:00,37.46,56.74
server_5,2026-06-28 15:00:00+00:00,38.86,58.65
server_5,2026-06-28 16:00:00+00:00,31.38,40.79
server_5,2026-06-28 17:00:00+00:00,35.83,59.79
server_5,2026-06-28 18:00:00+00:00,29.56,52.47
server_5,2026-06-28 19:00:00+00:00,30.79,56.91
server_5,2026-06-28 20:00:00+00:00,28.2,45.97
server_5,2026-06-28 21:00:00+00:00,32.5,45.16
server_5,2026-06-28 22:00:00+00:00,32.09,59.18
server_5,2026-06-28 23:00:00+00:00,34.31,49.1
server_5,2026-06-29 00:00:00+00:00,35.6,52.02
server_5,2026-06-29 01:00:00+00:00,31.98,54.1
server_5,2026-06-29 02:00:00+00:00,39.77,57.81
server_5,2026-06-29 03:00:00+00:00,35.38,57.5
server_5,2026-06-29 04:00:00+00:00,33.35,53.37
server_5,2026-06-29 05:00:00+00:00,29.51,46.91
server_5,2026-06-29 06:00:00+00:00,28.17,53.49
server_5,2026-06-29 07:00:00+00:00,28.39,53.63
server_5,2026-06-29 08:00:00+00:00,29.67,43.92
server_5,2026-06-29 09:00:00+00:00,35.44,58.88
server_5,2026-06-29 10:00:00+00:00,36.64,43.67
server_5,2026-06-29 11:00:00+00:00,36.89,57.85
server_5,2026-06-29 12:00:00+00:00,40.32,52.38
server_5,2026-06-29 13:00:00+00:00,41.2,58.04
server_5,2026-06-29 14:00:00+00:00,43.85,58.19
server_5,2026-06-29 15:00:00+00:00,38.46,54.11
server_5,2026-06-29 16:00:00+00:00,39.3,56.36
server_5,2026-06-29 17:00:00+00:00,36.17,53.11
server_5,2026-06-29 18:00:00+00:00,29.88,54.11
server_5,2026-06-29 19:00:00+00:00,35.97,62.13
server_5,2026-06-29 20:00:00+00:00,31.26,46.38
server_5,2026-06-29 21:00:00+00:00,29.52,38.38
server_5,2026-06-29 22:00:00+00:00,34.13,51.08
server_5,2026-06-29 23:00:00+00:00,32.14,50.11
server_5,2026-06-30 00:00:00+00:00,33.02,50.85
server_5,2026-06-30 01:00:00+00:00,29.04,47.26
server_5,2026-06-30 02:00:00+00:00,34.03,56.2
server_5,2026-06-30 03:00:00+00:00,37.43,48.38
server_5,2026-06-30 04:00:00+00:00,28.84,52.7
server_5,2026-06-30 05:00:00+00:00,32.89,54.86
server_5,2026-06-30 06:00:00+00:00,30.04,52.58
server_5,2026-06-30 07:00:00+00:00,38.72,56.3
server_5,2026-06-30 08:00:00+00:00,35.1,56.88
server_5,2026-06-30 09:00:00+00:00,32.71,52.46
server_5,2026-06-30 10:00:00+00:00,32.35,50.74
server_5,2026-06-30 11:00:00+00:00,35.96,55.33
server_5,2026-06-30 12:00:00+00:00,42.53,58.09
server_5,2026-06-30 13:00:00+00:00,38.44,57.81
server_5,2026-06-30 14:00:00+00:00,38.52,47.43
server_5,2026-06-30 15:00:00+00:00,40.68,54.3
server_5,2026-06-30 16:00:00+00:00,38.76,50.11
server_5,2026-06-30 17:00:00+00:00,36.37,55.77
server_5,2026-06-30 18:00:00+00:00,30.9,54.52
server_5,2026-06-30 19:00:00+00:00,34.3,51.71
server_5,2026-06-30 20:00:00+00:00,29.85,48.33
server_5,2026-06-30 21:00:00+00:00,33.57,54.94
server_5,2026-06-30 22:00:00+00:00,32.54,51.65
server_5,2026-06-30 23:00:00+00:00,33.5,58.23
server_5,2026-07-01 00:00:00+00:00,34.95,60.13
server_5,2026-07-01 01:00:00+00:00,30.86,55.6
server_5,2026-07-01 02:00:00+00:00,30.35,52.35
server_5,2026-07-01 03:00:00+00:00,27.78,57.82
server_5,2026-07-01 04:00:00+00:00,26.95,51.2
server_5,2026-07-01 05:00:00+00:00,31.56,49.93
server_5,2026-07-01 06:00:00+00:00,31.73,49.2
server_5,2026-07-01 07:00:00+00:00,29.28,48.24
server_5,2026-07-01 08:00:00+00:00,29.82,51.21
server_5,2026-07-01 09:00:00+00:00,35.81,55.19
server_5,2026-07-01 10:00:00+00:00,37.61,48.3
server_5,2026-07-01 11:00:00+00:00,35.27,51.35
server_5,2026-07-01 12:00:00+00:00,39.55,55.5
server_5,2026-07-01 13:00:00+00:00,42.86,58.38
server_5,2026-07-01 14:00:00+00:00,40.28,54.79
server_5,2026-07-01 15:00:00+00:00,38.64,55.3
server_5,2026-07-01 16:00:00+00:00,37.58,49.0
server_5,2026-07-01 17:00:00+00:00,38.15,50.5
server_5,2026-07-01 18:00:00+00:00,34.95,52.79
server_5,2026-07-01 19:00:00+00:00,30.16,53.4
server_5,2026-07-01 20:00:00+00:00,33.15,53.33
server_5,2026-07-01 21:00:00+00:00,31.98,48.6
server_5,2026-07-01 22:00:00+00:00,29.48,50.17
server_5,2026-07-01 23:00:00+00:00,31.26,57.79
server_5,2026-07-02 00:00:00+00:00,28.84,53.07
server_5,2026-07-02 01:00:00+00:00,34.91,52.37
server_5,2026-07-02 02:00:00+00:00,35.88,49.26
server_5,2026-07-02 03:00:00+00:00,30.97,48.79
server_5,2026-07-02 04:00:00+00:00,30.38,51.46
server_5,2026-07-02 05:00:00+00:00,34.64,54.03
server_5,2026-07-02 06:00:00+00:00,35.04,55.33
server_5,2026-07-02 07:00:00+00:00,29.21,52.58
server_5,2026-07-02 08:00:00+00:00,31.63,50.39
server_5,2026-07-02 09:00:00+00:00,31.85,49.9
server_5,2026-07-02 10:00:00+00:00,33.49,60.71
server_5,2026-07-02 11:00:00+00:00,39.39,52.36
server_5,2026-07-02 12:00:00+00:00,38.91,49.25
server_5,2026-07-02 13:00:00+00:00,40.5,48.42
server_5,2026-07-02 14:00:00+00:00,41.59,53.95
server_5,2026-07-02 15:00:00+00:00,36.94,57.49
server_5,2026-07-02 16:00:00+00:00,33.29,50.15
server_5,2026-07-02 17:00:00+00:00,37.72,59.91
server_5,2026-07-02 18:00:00+00:00,30.15,51.32
server_5,2026-07-02 19:00:00+00:00,37.34,58.31
server_5,2026-07-02 20:00:00+00:00,36.93,50.69
server_5,2026-07-02 21:00:00+00:00,30.73,48.59
server_5,2026-07-02 22:00:00+00:00,37.85,54.41
server_5,2026-07-02 23:00:00+00:00,34.34,54.75
server_5,2026-07-03 00:00:00+00:00,30.39,50.72
server_5,2026-07-03 01:00:00+00:00,25.55,50.91
server_5,2026-07-03 02:00:00+00:00,33.72,54.96
server_5,2026-07-03 03:00:00+00:00,32.08,46.35
server_5,2026-07-03 04:00:00+00:00,33.08,51.01
server_5,2026-07-03 05:00:00+00:00,31.43,49.73
server_5,2026-07-03 06:00:00+00:00,29.14,49.12
server_5,2026-07-03 07:00:00+00:00,30.93,53.25
server_5,2026-07-03 08:00:00+00:00,33.77,50.6
server_5,2026-07-03 09:00:00+00:00,31.11,43.67
server_5,2026-07-03 10:00:00+00:00,34.52,51.94
server_5,2026-07-03 11:00:00+00:00,34.63,48.66
server_5,2026-07-03 12:00:00+00:00,40.89,57.1
server_5,2026-07-03 13:00:00+00:00,39.07,57.7
server_5,2026-07-03 14:00:00+00:00,44.14,47.55
server_5,2026-07-03 15:00:00+00:00,38.83,51.29
server_5,2026-07-03 16:00:00+00:00,37.69,55.4
server_5,2026-07-03 17:00:00+00:00,40.83,49.46
server_5,2026-07-03 18:00:00+00:00,31.23,54.86
server_5,2026-07-03 19:00:00+00:00,30.9,55.81
server_5,2026-07-03 20:00:00+00:00,33.46,51.86
server_5,2026-07-03 21:00:00+00:00,27.54,47.34
server_5,2026-07-03 22:00:00+00:00,35.13,43.85
server_5,2026-07-03 23:00:00+00:00,34.48,56.13
server_5,2026-07-04 00:00:00+00:00,31.31,59.77
server_5,2026-07-04 01:00:00+00:00,21.56,55.53
server_5,2026-07-04 02:00:00+00:00,29.35,50.29
server_5,2026-07-04 03:00:00+00:00,26.82,45.82
server_5,2026-07-04 04:00:00+00:00,32.81,55.63
server_5,2026-07-04 05:00:00+00:00,32.63,51.71
server_5,2026-07-04 06:00:00+00:00,30.97,53.55
server_5,2026-07-04 07:00:00+00:00,26.99,51.46
server_5,2026-07-04 08:00:00+00:00,33.74,52.98
server_5,2026-07-04 09:00:00+00:00,29.34,55.18
server_5,2026-07-04 10:00:00+00:00,36.39,57.8
server_5,2026-07-04 11:00:00+00:00,34.2,50.68
server_5,2026-07-04 12:00:00+00:00,36.03,49.72
server_5,2026-07-04 13:00:00+00:00,34.27,42.8
server_5,2026-07-04 14:00:00+00:00,38.93,53.04
server_5,2026-07-04 15:00:00+00:00,36.28,49.13
server_5,2026-07-04 16:00:00+00:00,37.14,55.48
server_5,2026-07-04 17:00:00+00:00,32.32,50.77
server_5,2026-07-04 18:00:00+00:00,29.88,50.35
server_5,2026-07-04 19:00:00+00:00,31.49,55.07
server_5,2026-07-04 20:00:00+00:00,33.61,54.15
server_5,2026-07-04 21:00:00+00:00,32.54,51.72
server_5,2026-07-04 22:00:00+00:00,30.35,58.17
server_5,2026-07-04 23:00:00+00:00,25.36,52.63
server_5,2026-07-05 00:00:00+00:00,32.03,50.35
server_5,2026-07-05 01:00:00+00:00,26.4,48.56
server_5,2026-07-05 02:00:00+00:00,30.09,54.48
server_5,2026-07-05 03:00:00+00:00,29.71,52.01
server_5,2026-07-05 04:00:00+00:00,26.46,45.57
server_5,2026-07-05 05:00:00+00:00,30.93,55.2
server_5,2026-07-05 06:00:00+00:00,35.39,58.21
server_5,2026-07-05 07:00:00+00:00,29.22,55.75
server_5,2026-07-05 08:00:00+00:00,31.91,58.14
server_5,2026-07-05 09:00:00+00:00,35.89,61.64
server_5,2026-07-05 10:00:00+00:00,34.04,59.63
server_5,2026-07-05 11:00:00+00:00,31.92,53.34
server_5,2026-07-05 12:00:00+00:00,35.36,52.34
server_5,2026-07-05 13:00:00+00:00,36.62,46.3
server_5,2026-07-05 14:00:00+00:00,39.0,54.49
server_5,2026-07-05 15:00:00+00:00,37.8,56.11
server_5,2026-07-05 16:00:00+00:00,26.61,50.29
server_5,2026-07-05 17:00:00+00:00,29.74,43.66
server_5,2026-07-05 18:00:00+00:00,29.82,50.09
server_5,2026-07-05 19:00:00+00:00,27.46,52.99
server_5,2026-07-05 20:00:00+00:00,20.75,43.96
server_5,2026-07-05 21:00:00+00:00,28.19,51.33
server_5,2026-07-05 22:00:00+00:00,29.99,53.02
server_5,2026-07-05 23:00:00+00:00,28.69,55.31
server_5,2026-07-06 00:00:00+00:00,29.51,57.98
server_5,2026-07-06 01:00:00+00:00,32.1,50.52
server_5,2026-07-06 02:00:00+00:00,32.86,53.04
server_5,2026-07-06 03:00:00+00:00,30.83,52.45
server_5,2026-07-06 04:00:00+00:00,35.43,55.8
server_5,2026-07-06 05:00:00+00:00,32.14,54.2
server_5,2026-07-06 06:00:00+00:00,29.82,56.94
server_5,2026-07-06 07:00:00+00:00,29.19,41.69
server_5,2026-07-06 08:00:00+00:00,31.47,53.49
server_5,2026-07-06 09:00:00+00:00,34.78,54.92
server_5,2026-07-06 10:00:00+00:00,33.36,51.54
server_5,2026-07-06 11:00:00+00:00,39.92,45.72
server_5,2026-07-06 12:00:00+00:00,40.9,54.87
server_5,2026-07-06 13:00:00+00:00,46.83,54.35
server_5,2026-07-06 14:00:00+00:00,42.82,62.5
server_5,2026-07-06 15:00:00+00:00,38.91,55.92
server_5,2026-07-06 16:00:00+00:00,40.27,51.71
server_5,2026-07-06 17:00:00+00:00,37.35,45.66
server_5,2026-07-06 18:00:00+00:00,31.01,54.02
server_5,2026-07-06 19:00:00+00:00,29.09,53.77
server_5,2026-07-06 20:00:00+00:00,33.34,51.61
server_5,2026-07-06 21:00:00+00:00,32.16,54.47
server_5,2026-07-06 22:00:00+00:00,28.21,49.28
server_5,2026-07-06 23:00:00+00:00,32.64,56.49
server_5,2026-07-07 00:00:00+00:00,30.41,55.41
server_5,2026-07-07 01:00:00+00:00,28.21,44.12
server_5,2026-07-07 02:00:00+00:00,31.12,46.11
server_5,2026-07-07 03:00:00+00:00,35.21,61.25
server_5,2026-07-07 04:00:00+00:00,35.02,56.79
server_5,2026-07-07 05:00:00+00:00,34.37,47.78
server_5,2026-07-07 06:00:00+00:00,32.67,45.95
server_5,2026-07-07 07:00:00+00:00,33.49,53.35
server_5,2026-07-07 08:00:00+00:00,32.25,47.52
server_5,2026-07-07 09:00:00+00:00,29.24,49.77
server_5,2026-07-07 10:00:00+00:00,33.16,52.22
server_5,2026-07-07 11:00:00+00:00,36.91,53.36
server_5,2026-07-07 12:00:00+00:00,44.16,60.76
server_5,2026-07-07 13:00:00+00:00,44.54,63.73
server_5,2026-07-07 14:00:00+00:00,39.15,52.59
server_5,2026-07-07 15:00:00+00:00,40.79,50.56
server_5,2026-07-07 16:00:00+00:00,37.42,55.45
server_5,2026-07-07 17:00:00+00:00,35.03,59.59
server_5,2026-07-07 18:00:00+00:00,30.66,49.92
server_5,2026-07-07 19:00:00+00:00,35.51,56.63
server_5,2026-07-07 20:00:00+00:00,31.95,48.63
server_5,2026-07-07 21:00:00+00:00,32.54,52.27
server_5,2026-07-07 22:00:00+00:00,32.56,47.55
server_5,2026-07-07 23:00:00+00:00,29.43,51.14
server_5,2026-07-08 00:00:00+00:00,32.27,51.63
server_5,2026-07-08 01:00:00+00:00,34.66,55.36
server_5,2026-07-08 02:00:00+00:00,35.68,60.4
server_5,2026-07-08 03:00:00+00:00,29.13,49.44
server_5,2026-07-08 04:00:00+00:00,28.2,42.67
server_5,2026-07-08 05:00:00+00:00,32.16,51.25
server_5,2026-07-08 06:00:00+00:00,34.77,54.17
server_5,2026-07-08 07:00:00+00:00,32.9,53.12
server_5,2026-07-08 08:00:00+00:00,33.7,51.97
server_5,2026-07-08 09:00:00+00:00,28.6,56.76
server_5,2026-07-08 10:00:00+00:00,33.99,53.24
server_5,2026-07-08 11:00:00+00:00,32.94,51.91
server_5,2026-07-08 12:00:00+00:00,40.3,51.8
server_5,2026-07-08 13:00:00+00:00,36.44,46.57
server_5,2026-07-08 14:00:00+00:00,45.18,57.93
server_5,2026-07-08 15:00:00+00:00,44.55,57.37
server_5,2026-07-08 16:00:00+00:00,38.78,50.14
server_5,2026-07-08 17:00:00+00:00,31.64,51.7
server_5,2026-07-08 18:00:00+00:00,32.94,51.75
server_5,2026-07-08 19:00:00+00:00,36.65,51.13
server_5,2026-07-08 20:00:00+00:00,33.19,49.24
server_5,2026-07-08 21:00:00+00:00,34.96,54.66
server_5,2026-07-08 22:00:00+00:00,30.79,50.67
server_5,2026-07-08 23:00:00+00:00,29.82,48.87
server_5,2026-07-09 00:00:00+00:00,31.82,48.49
server_5,2026-07-09 01:00:00+00:00,27.18,49.79
server_5,2026-07-09 02:00:00+00:00,37.66,57.68
server_5,2026-07-09 03:00:00+00:00,32.35,52.95
server_5,2026-07-09 04:00:00+00:00,34.17,51.81
server_5,2026-07-09 05:00:00+00:00,30.85,52.83
server_5,2026-07-09 06:00:00+00:00,28.14,56.11
server_5,2026-07-09 07:00:00+00:00,35.56,55.21
server_5,2026-07-09 08:00:00+00:00,29.19,52.06
server_5,2026-07-09 09:00:00+00:00,32.87,54.86
server_5,2026-07-09 10:00:00+00:00,36.53,52.95
server_5,2026-07-09 11:00:00+00:00,38.61,55.05
server_5,2026-07-09 12:00:00+00:00,38.7,52.39
server_5,2026-07-09 13:00:00+00:00,41.47,49.11
server_5,2026-07-09 14:00:00+00:00,39.47,55.99
server_5,2026-07-09 15:00:00+00:00,42.68,57.13
server_5,2026-07-09 16:00:00+00:00,39.86,53.6
server_5,2026-07-09 17:00:00+00:00,35.37,57.32
server_5,2026-07-09 18:00:00+00:00,30.58,48.62
server_5,2026-07-09 19:00:00+00:00,37.27,46.76
server_5,2026-07-09 20:00:00+00:00,28.74,48.07
server_5,2026-07-09 21:00:00+00:00,28.14,44.48
server_5,2026-07-09 22:00:00+00:00,31.79,53.28
server_5,2026-07-09 23:00:00+00:00,31.35,48.77
server_5,2026-07-10 00:00:00+00:00,34.74,56.9
server_5,2026-07-10 01:00:00+00:00,33.62,56.42
server_5,2026-07-10 02:00:00+00:00,32.07,48.33
server_5,2026-07-10 03:00:00+00:00,33.25,49.21
server_5,2026-07-10 04:00:00+00:00,33.21,54.56
server_5,2026-07-10 05:00:00+00:00,37.26,57.76
server_5,2026-07-10 06:00:00+00:00,32.63,44.17
server_5,2026-07-10 07:00:00+00:00,30.3,52.53
server_5,2026-07-10 08:00:00+00:00,32.5,43.38
server_5,2026-07-10 09:00:00+00:00,25.45,47.51
server_5,2026-07-10 10:00:00+00:00,35.34,57.54
server_5,2026-07-10 11:00:00+00:00,41.16,67.25
server_5,2026-07-10 12:00:00+00:00,42.17,54.6
server_5,2026-07-10 13:00:00+00:00,42.59,50.72
server_5,2026-07-10 14:00:00+00:00,43.47,53.96
server_5,2026-07-10 15:00:00+00:00,43.42,56.26
server_5,2026-07-10 16:00:00+00:00,41.99,52.82
server_5,2026-07-10 17:00:00+00:00,36.54,49.89
server_5,2026-07-10 18:00:00+00:00,31.21,50.02
server_5,2026-07-10 19:00:00+00:00,26.22,51.56
server_5,2026-07-10 20:00:00+00:00,34.45,52.18
server_5,2026-07-10 21:00:00+00:00,33.29,48.92
server_5,2026-07-10 22:00:00+00:00,32.38,49.45
server_5,2026-07-10 23:00:00+00:00,30.28,49.74
server_5,2026-07-11 00:00:00+00:00,32.41,48.15
server_5,2026-07-11 01:00:00+00:00,29.36,48.25
server_5,2026-07-11 02:00:00+00:00,29.91,53.84
server_5,2026-07-11 03:00:00+00:00,29.86,50.33
server_5,2026-07-11 04:00:00+00:00,31.12,44.68
server_5,2026-07-11 05:00:00+00:00,27.13,54.39
server_5,2026-07-11 06:00:00+00:00,31.41,53.46
server_5,2026-07-11 07:00:00+00:00,28.2,45.14
server_5,2026-07-11 08:00:00+00:00,28.29,49.24
server_5,2026-07-11 09:00:00+00:00,32.21,48.91
server_5,2026-07-11 10:00:00+00:00,29.39,53.8
server_5,2026-07-11 11:00:00+00:00,35.74,51.82
server_5,2026-07-11 12:00:00+00:00,35.02,52.76
server_5,2026-07-11 13:00:00+00:00,31.3,51.0
server_5,2026-07-11 14:00:00+00:00,38.83,48.47
server_5,2026-07-11 15:00:00+00:00,35.54,58.86
server_5,2026-07-11 16:00:00+00:00,34.52,55.53
server_5,2026-07-11 17:00:00+00:00,34.4,49.85
server_5,2026-07-11 18:00:00+00:00,33.75,53.38
server_5,2026-07-11 19:00:00+00:00,30.5,55.37
server_5,2026-07-11 20:00:00+00:00,31.54,52.06
server_5,2026-07-11 21:00:00+00:00,30.93,57.85
server_5,2026-07-11 22:00:00+00:00,29.14,62.67
server_5,2026-07-11 23:00:00+00:00,26.04,49.41
server_5,2026-07-12 00:00:00+00:00,30.54,49.16
server_5,2026-07-12 01:00:00+00:00,33.45,48.55
server_5,2026-07-12 02:00:00+00:00,31.46,42.96
server_5,2026-07-12 03:00:00+00:00,27.33,55.36
server_5,2026-07-12 04:00:00+00:00,32.74,50.85
server_5,2026-07-12 05:00:00+00:00,29.23,54.53
server_5,2026-07-12 06:00:00+00:00,24.77,53.78
server_5,2026-07-12 07:00:00+00:00,32.54,47.87
server_5,2026-07-12 08:00:00+00:00,27.64,46.75
server_5,2026-07-12 09:00:00+00:00,34.45,59.84
server_5,2026-07-12 10:00:00+00:00,34.75,52.68
server_5,2026-07-12 11:00:00+00:00,32.97,49.7
server_5,2026-07-12 12:00:00+00:00,35.91,49.19
server_5,2026-07-12 13:00:00+00:00,41.48,54.75
server_5,2026-07-12 14:00:00+00:00,37.92,60.1
server_5,2026-07-12 15:00:00+00:00,35.36,55.92
server_5,2026-07-12 16:00:00+00:00,40.76,55.79
server_5,2026-07-12 17:00:00+00:00,32.18,58.42
server_5,2026-07-12 18:00:00+00:00,31.45,57.39
server_5,2026-07-12 19:00:00+00:00,27.66,51.82
server_5,2026-07-12 20:00:00+00:00,25.81,60.94
server_5,2026-07-12 21:00:00+00:00,29.28,50.06
server_5,2026-07-12 22:00:00+00:00,30.1,55.73
server_5,2026-07-12 23:00:00+00:00,30.82,50.02
server_5,2026-07-13 00:00:00+00:00,28.45,54.37
server_5,2026-07-13 01:00:00+00:00,33.65,51.58
server_5,2026-07-13 02:00:00+00:00,29.92,53.12
server_5,2026-07-13 03:00:00+00:00,33.52,62.09
server_5,2026-07-13 04:00:00+00:00,34.34,56.63
server_5,2026-07-13 05:00:00+00:00,31.01,53.56
server_5,2026-07-13 06:00:00+00:00,29.59,48.06
server_5,2026-07-13 07:00:00+00:00,35.86,54.1
server_5,2026-07-13 08:00:00+00:00,34.18,48.73
server_5,2026-07-13 09:00:00+00:00,32.38,55.68
server_5,2026-07-13 10:00:00+00:00,39.09,57.93
server_5,2026-07-13 11:00:00+00:00,38.64,53.6
server_5,2026-07-13 12:00:00+00:00,39.11,61.14
server_5,2026-07-13 13:00:00+00:00,39.34,60.66
server_5,2026-07-13 14:00:00+00:00,41.58,55.95
server_5,2026-07-13 15:00:00+00:00,42.59,57.97
server_5,2026-07-13 16:00:00+00:00,41.9,53.11
server_5,2026-07-13 17:00:00+00:00,35.48,52.13
server_5,2026-07-13 18:00:00+00:00,35.03,48.75
server_5,2026-07-13 19:00:00+00:00,31.46,49.9
server_5,2026-07-13 20:00:00+00:00,30.05,50.9
server_5,2026-07-13 21:00:00+00:00,28.73,44.22
server_5,2026-07-13 22:00:00+00:00,30.73,53.86
server_5,2026-07-13 23:00:00+00:00,28.83,54.98
server_5,2026-07-14 00:00:00+00:00,37.02,53.73
server_5,2026-07-14 01:00:00+00:00,33.1,41.6
server_5,2026-07-14 02:00:00+00:00,31.76,50.9
server_5,2026-07-14 03:00:00+00:00,36.31,47.93
server_5,2026-07-14 04:00:00+00:00,28.74,48.42
server_5,2026-07-14 05:00:00+00:00,31.66,57.69
server_5,2026-07-14 06:00:00+00:00,37.0,44.01
server_5,2026-07-14 07:00:00+00:00,31.64,48.61
server_5,2026-07-14 08:00:00+00:00,38.12,57.46
server_5,2026-07-14 09:00:00+00:00,33.96,49.88
server_5,2026-07-14 10:00:00+00:00,38.69,51.23
server_5,2026-07-14 11:00:00+00:00,41.77,63.55
server_5,2026-07-14 12:00:00+00:00,40.66,56.55
server_5,2026-07-14 13:00:00+00:00,40.63,58.76
server_5,2026-07-14 14:00:00+00:00,41.56,57.32
server_5,2026-07-14 15:00:00+00:00,38.19,54.81
server_5,2026-07-14 16:00:00+00:00,38.26,59.25
server_5,2026-07-14 17:00:00+00:00,35.41,60.81
server_5,2026-07-14 18:00:00+00:00,36.22,46.74
server_5,2026-07-14 19:00:00+00:00,33.48,52.38
server_5,2026-07-14 20:00:00+00:00,37.91,53.89
server_5,2026-07-14 21:00:00+00:00,26.6,48.39
server_5,2026-07-14 22:00:00+00:00,28.96,54.86
server_5,2026-07-14 23:00:00+00:00,31.11,52.72
server_5,2026-07-15 00:00:00+00:00,35.73,61.01
server_5,2026-07-15 01:00:00+00:00,31.73,56.31
server_5,2026-07-15 02:00:00+00:00,28.33,56.17
server_5,2026-07-15 03:00:00+00:00,31.39,46.99
server_5,2026-07-15 04:00:00+00:00,29.01,47.73
server_5,2026-07-15 05:00:00+00:00,28.52,47.89
server_5,2026-07-15 06:00:00+00:00,37.0,59.04
server_5,2026-07-15 07:00:00+00:00,31.12,47.82
server_5,2026-07-15 08:00:00+00:00,32.43,48.4
server_5,2026-07-15 09:00:00+00:00,31.77,47.43
server_5,2026-07-15 10:00:00+00:00,34.79,63.99
server_5,2026-07-15 11:00:00+00:00,36.33,52.95
server_5,2026-07-15 12:00:00+00:00,39.88,56.88
server_5,2026-07-15 13:00:00+00:00,42.69,51.18
server_5,2026-07-15 14:00:00+00:00,45.39,60.53
server_5,2026-07-15 15:00:00+00:00,43.03,48.77
server_5,2026-07-15 16:00:00+00:00,35.38,49.27
server_5,2026-07-15 17:00:00+00:00,37.89,51.14
server_5,2026-07-15 18:00:00+00:00,33.19,53.29
server_5,2026-07-15 19:00:00+00:00,30.44,48.28
server_5,2026-07-15 20:00:00+00:00,32.46,58.26
server_5,2026-07-15 21:00:00+00:00,33.43,54.51
server_5,2026-07-15 22:00:00+00:00,32.12,49.28
server_5,2026-07-15 23:00:00+00:00,33.2,56.41
server_5,2026-07-16 00:00:00+00:00,29.84,49.67
server_5,2026-07-16 01:00:00+00:00,36.98,51.38
server_5,2026-07-16 02:00:00+00:00,27.18,53.9
server_5,2026-07-16 03:00:00+00:00,33.44,42.69
server_5,2026-07-16 04:00:00+00:00,32.92,55.26
server_5,2026-07-16 05:00:00+00:00,33.61,49.71
server_5,2026-07-16 06:00:00+00:00,30.23,48.52
server_5,2026-07-16 07:00:00+00:00,34.92,60.86
server_5,2026-07-16 08:00:00+00:00,31.73,49.78
server_5,2026-07-16 09:00:00+00:00,29.03,54.79
server_5,2026-07-16 10:00:00+00:00,32.68,53.36
server_5,2026-07-16 11:00:00+00:00,38.74,55.89
server_5,2026-07-16 12:00:00+00:00,36.67,52.63
server_5,2026-07-16 13:00:00+00:00,46.35,55.81
server_5,2026-07-16 14:00:00+00:00,44.47,62.48
server_5,2026-07-16 15:00:00+00:00,45.23,60.35
server_5,2026-07-16 16:00:00+00:00,42.73,53.76
server_5,2026-07-16 17:00:00+00:00,34.54,48.71
server_5,2026-07-16 18:00:00+00:00,29.83,48.9
server_5,2026-07-16 19:00:00+00:00,25.31,53.58
server_5,2026-07-16 20:00:00+00:00,30.98,56.36
server_5,2026-07-16 21:00:00+00:00,36.41,55.76
server_5,2026-07-16 22:00:00+00:00,29.93,44.81
server_5,2026-07-16 23:00:00+00:00,31.48,54.83
server_5,2026-07-17 00:00:00+00:00,30.61,56.73
server_5,2026-07-17 01:00:00+00:00,32.94,53.02
server_5,2026-07-17 02:00:00+00:00,35.22,61.04
server_5,2026-07-17 03:00:00+00:00,28.15,45.37
server_5,2026-07-17 04:00:00+00:00,28.63,53.56
server_5,2026-07-17 05:00:00+00:00,35.72,49.22
server_5,2026-07-17 06:00:00+00:00,33.83,56.88
server_5,2026-07-17 07:00:00+00:00,31.35,54.22
server_5,2026-07-17 08:00:00+00:00,36.27,60.7
server_5,2026-07-17 09:00:00+00:00,28.59,52.8
server_5,2026-07-17 10:00:00+00:00,37.75,52.4
server_5,2026-07-17 11:00:00+00:00,38.26,52.23
server_5,2026-07-17 12:00:00+00:00,42.18,54.56
server_5,2026-07-17 13:00:00+00:00,35.88,51.32
server_5,2026-07-17 14:00:00+00:00,41.2,60.61
server_5,2026-07-17 15:00:00+00:00,42.5,60.78
server_5,2026-07-17 16:00:00+00:00,38.27,48.21
server_5,2026-07-17 17:00:00+00:00,38.56,54.45
server_5,2026-07-17 18:00:00+00:00,35.05,53.32
server_5,2026-07-17 19:00:00+00:00,29.6,48.04
server_5,2026-07-17 20:00:00+00:00,34.06,54.47
server_5,2026-07-17 21:00:00+00:00,29.52,56.97
server_5,2026-07-17 22:00:00+00:00,32.14,55.61
server_5,2026-07-17 23:00:00+00:00,33.64,57.96
server_6,2026-04-19 00:00:00+00:00,4.2,22.43
server_6,2026-04-19 01:00:00+00:00,6.09,28.3
server_6,2026-04-19 02:00:00+00:00,4.09,15.98
server_6,2026-04-19 03:00:00+00:00,6.6,28.6
server_6,2026-04-19 04:00:00+00:00,6.82,28.85
server_6,2026-04-19 05:00:00+00:00,8.4,27.27
server_6,2026-04-19 06:00:00+00:00,9.28,28.08
server_6,2026-04-19 07:00:00+00:00,7.72,22.9
server_6,2026-04-19 08:00:00+00:00,3.85,32.09
server_6,2026-04-19 09:00:00+00:00,2.62,24.77
server_6,2026-04-19 10:00:00+00:00,9.18,24.53
server_6,2026-04-19 11:00:00+00:00,13.29,32.03
server_6,2026-04-19 12:00:00+00:00,10.7,29.39
server_6,2026-04-19 13:00:00+00:00,7.6,26.43
server_6,2026-04-19 14:00:00+00:00,16.63,29.16
server_6,2026-04-19 15:00:00+00:00,11.99,29.37
server_6,2026-04-19 16:00:00+00:00,9.96,34.07
server_6,2026-04-19 17:00:00+00:00,4.96,28.81
server_6,2026-04-19 18:00:00+00:00,6.04,27.18
server_6,2026-04-19 19:00:00+00:00,7.72,31.31
server_6,2026-04-19 20:00:00+00:00,7.26,27.85
server_6,2026-04-19 21:00:00+00:00,4.3,28.31
server_6,2026-04-19 22:00:00+00:00,5.86,27.85
server_6,2026-04-19 23:00:00+00:00,4.46,29.12
server_6,2026-04-20 00:00:00+00:00,12.16,27.68
server_6,2026-04-20 01:00:00+00:00,10.24,24.23
server_6,2026-04-20 02:00:00+00:00,6.69,31.17
server_6,2026-04-20 03:00:00+00:00,5.08,33.0
server_6,2026-04-20 04:00:00+00:00,8.69,23.88
server_6,2026-04-20 05:00:00+00:00,6.77,28.29
server_6,2026-04-20 06:00:00+00:00,6.95,25.84
server_6,2026-04-20 07:00:00+00:00,5.16,30.54
server_6,2026-04-20 08:00:00+00:00,5.47,28.1
server_6,2026-04-20 09:00:00+00:00,8.41,41.45
server_6,2026-04-20 10:00:00+00:00,10.75,27.76
server_6,2026-04-20 11:00:00+00:00,20.67,38.58
server_6,2026-04-20 12:00:00+00:00,18.15,38.09
server_6,2026-04-20 13:00:00+00:00,14.97,32.57
server_6,2026-04-20 14:00:00+00:00,14.01,30.25
server_6,2026-04-20 15:00:00+00:00,17.66,31.76
server_6,2026-04-20 16:00:00+00:00,13.44,29.94
server_6,2026-04-20 17:00:00+00:00,14.75,34.9
server_6,2026-04-20 18:00:00+00:00,8.7,24.76
server_6,2026-04-20 19:00:00+00:00,3.04,25.62
server_6,2026-04-20 20:00:00+00:00,5.45,25.98
server_6,2026-04-20 21:00:00+00:00,6.31,20.5
server_6,2026-04-20 22:00:00+00:00,9.11,31.82
server_6,2026-04-20 23:00:00+00:00,5.37,31.33
server_6,2026-04-21 00:00:00+00:00,8.38,25.6
server_6,2026-04-21 01:00:00+00:00,4.66,30.95
server_6,2026-04-21 02:00:00+00:00,8.02,21.67
server_6,2026-04-21 03:00:00+00:00,8.93,28.42
server_6,2026-04-21 04:00:00+00:00,11.65,28.77
server_6,2026-04-21 05:00:00+00:00,8.61,28.57
server_6,2026-04-21 06:00:00+00:00,5.96,27.62
server_6,2026-04-21 07:00:00+00:00,11.73,29.0
server_6,2026-04-21 08:00:00+00:00,7.54,26.29
server_6,2026-04-21 09:00:00+00:00,9.93,28.24
server_6,2026-04-21 10:00:00+00:00,9.89,34.11
server_6,2026-04-21 11:00:00+00:00,14.65,28.01
server_6,2026-04-21 12:00:00+00:00,14.66,39.35
server_6,2026-04-21 13:00:00+00:00,18.65,29.19
server_6,2026-04-21 14:00:00+00:00,19.86,33.11
server_6,2026-04-21 15:00:00+00:00,15.42,32.88
server_6,2026-04-21 16:00:00+00:00,13.05,28.6
server_6,2026-04-21 17:00:00+00:00,12.31,35.04
server_6,2026-04-21 18:00:00+00:00,5.94,29.46
server_6,2026-04-21 19:00:00+00:00,4.21,25.85
server_6,2026-04-21 20:00:00+00:00,8.88,33.79
server_6,2026-04-21 21:00:00+00:00,7.73,23.84
server_6,2026-04-21 22:00:00+00:00,7.68,25.63
server_6,2026-04-21 23:00:00+00:00,9.3,30.71
server_6,2026-04-22 00:00:00+00:00,9.65,31.78
server_6,2026-04-22 01:00:00+00:00,7.6,29.15
server_6,2026-04-22 02:00:00+00:00,5.19,26.51
server_6,2026-04-22 03:00:00+00:00,6.4,26.44
server_6,2026-04-22 04:00:00+00:00,9.46,33.04
server_6,2026-04-22 05:00:00+00:00,8.34,29.08
server_6,2026-04-22 06:00:00+00:00,6.63,24.03
server_6,2026-04-22 07:00:00+00:00,6.04,23.59
server_6,2026-04-22 08:00:00+00:00,9.54,34.59
server_6,2026-04-22 09:00:00+00:00,7.45,24.93
server_6,2026-04-22 10:00:00+00:00,13.3,30.95
server_6,2026-04-22 11:00:00+00:00,16.63,36.42
server_6,2026-04-22 12:00:00+00:00,15.88,32.93
server_6,2026-04-22 13:00:00+00:00,20.22,29.25
server_6,2026-04-22 14:00:00+00:00,18.19,27.51
server_6,2026-04-22 15:00:00+00:00,17.33,38.74
server_6,2026-04-22 16:00:00+00:00,8.96,24.17
server_6,2026-04-22 17:00:00+00:00,8.99,26.13
server_6,2026-04-22 18:00:00+00:00,5.71,28.69
server_6,2026-04-22 19:00:00+00:00,7.2,26.85
server_6,2026-04-22 20:00:00+00:00,8.29,30.4
server_6,2026-04-22 21:00:00+00:00,8.39,22.26
server_6,2026-04-22 22:00:00+00:00,8.71,27.41
server_6,2026-04-22 23:00:00+00:00,6.29,30.11
server_6,2026-04-23 00:00:00+00:00,9.73,31.33
server_6,2026-04-23 01:00:00+00:00,12.52,27.29
server_6,2026-04-23 02:00:00+00:00,7.12,23.6
server_6,2026-04-23 03:00:00+00:00,6.34,28.27
server_6,2026-04-23 04:00:00+00:00,6.29,22.15
server_6,2026-04-23 05:00:00+00:00,8.21,33.21
server_6,2026-04-23 06:00:00+00:00,6.69,28.17
server_6,2026-04-23 07:00:00+00:00,3.67,23.7
server_6,2026-04-23 08:00:00+00:00,4.36,22.51
server_6,2026-04-23 09:00:00+00:00,10.55,26.36
server_6,2026-04-23 10:00:00+00:00,14.62,24.07
server_6,2026-04-23 11:00:00+00:00,18.43,33.63
server_6,2026-04-23 12:00:00+00:00,17.23,28.02
server_6,2026-04-23 13:00:00+00:00,15.37,32.18
server_6,2026-04-23 14:00:00+00:00,16.75,33.21
server_6,2026-04-23 15:00:00+00:00,12.93,33.59
server_6,2026-04-23 16:00:00+00:00,10.6,29.92
server_6,2026-04-23 17:00:00+00:00,12.06,33.92
server_6,2026-04-23 18:00:00+00:00,9.35,34.02
server_6,2026-04-23 19:00:00+00:00,12.9,30.75
server_6,2026-04-23 20:00:00+00:00,7.79,29.2
server_6,2026-04-23 21:00:00+00:00,4.61,24.58
server_6,2026-04-23 22:00:00+00:00,7.7,23.94
server_6,2026-04-23 23:00:00+00:00,7.29,32.88
server_6,2026-04-24 00:00:00+00:00,6.77,29.99
server_6,2026-04-24 01:00:00+00:00,8.86,31.05
server_6,2026-04-24 02:00:00+00:00,4.96,24.57
server_6,2026-04-24 03:00:00+00:00,8.33,34.61
server_6,2026-04-24 04:00:00+00:00,9.63,27.66
server_6,2026-04-24 05:00:00+00:00,11.55,26.03
server_6,2026-04-24 06:00:00+00:00,8.78,25.98
server_6,2026-04-24 07:00:00+00:00,10.61,35.2
server_6,2026-04-24 08:00:00+00:00,6.89,23.17
server_6,2026-04-24 09:00:00+00:00,7.24,24.73
server_6,2026-04-24 10:00:00+00:00,14.79,41.97
server_6,2026-04-24 11:00:00+00:00,11.0,32.81
server_6,2026-04-24 12:00:00+00:00,15.65,27.75
server_6,2026-04-24 13:00:00+00:00,20.67,28.11
server_6,2026-04-24 14:00:00+00:00,17.32,24.57
server_6,2026-04-24 15:00:00+00:00,15.95,31.17
server_6,2026-04-24 16:00:00+00:00,13.76,32.93
server_6,2026-04-24 17:00:00+00:00,11.71,35.37
server_6,2026-04-24 18:00:00+00:00,10.72,21.37
server_6,2026-04-24 19:00:00+00:00,10.31,23.51
server_6,2026-04-24 20:00:00+00:00,8.03,27.53
server_6,2026-04-24 21:00:00+00:00,10.73,40.11
server_6,2026-04-24 22:00:00+00:00,8.85,31.84
server_6,2026-04-24 23:00:00+00:00,10.15,30.24
server_6,2026-04-25 00:00:00+00:00,3.43,21.5
server_6,2026-04-25 01:00:00+00:00,10.35,20.34
server_6,2026-04-25 02:00:00+00:00,6.55,27.65
server_6,2026-04-25 03:00:00+00:00,1.0,25.15
server_6,2026-04-25 04:00:00+00:00,10.15,27.68
server_6,2026-04-25 05:00:00+00:00,6.01,25.78
server_6,2026-04-25 06:00:00+00:00,5.01,23.96
server_6,2026-04-25 07:00:00+00:00,4.49,22.86
server_6,2026-04-25 08:00:00+00:00,7.1,33.24
server_6,2026-04-25 09:00:00+00:00,3.78,22.98
server_6,2026-04-25 10:00:00+00:00,6.44,26.35
server_6,2026-04-25 11:00:00+00:00,8.15,27.9
server_6,2026-04-25 12:00:00+00:00,10.03,31.54
server_6,2026-04-25 13:00:00+00:00,10.13,25.34
server_6,2026-04-25 14:00:00+00:00,13.55,33.85
server_6,2026-04-25 15:00:00+00:00,11.44,26.89
server_6,2026-04-25 16:00:00+00:00,10.52,28.23
server_6,2026-04-25 17:00:00+00:00,9.41,35.07
server_6,2026-04-25 18:00:00+00:00,5.77,23.34
server_6,2026-04-25 19:00:00+00:00,3.45,29.29
server_6,2026-04-25 20:00:00+00:00,10.51,32.9
server_6,2026-04-25 21:00:00+00:00,8.32,29.35
server_6,2026-04-25 22:00:00+00:00,10.03,28.24
server_6,2026-04-25 23:00:00+00:00,8.59,36.71
server_6,2026-04-26 00:00:00+00:00,4.85,26.84
server_6,2026-04-26 01:00:00+00:00,1.0,26.37
server_6,2026-04-26 02:00:00+00:00,2.93,24.88
server_6,2026-04-26 03:00:00+00:00,7.59,28.46
server_6,2026-04-26 04:00:00+00:00,5.75,31.07
server_6,2026-04-26 05:00:00+00:00,4.95,25.83
server_6,2026-04-26 06:00:00+00:00,1.0,17.12
server_6,2026-04-26 07:00:00+00:00,5.97,29.34
server_6,2026-04-26 08:00:00+00:00,3.3,22.04
server_6,2026-04-26 09:00:00+00:00,4.19,29.63
server_6,2026-04-26 10:00:00+00:00,10.01,28.7
server_6,2026-04-26 11:00:00+00:00,6.96,31.41
server_6,2026-04-26 12:00:00+00:00,8.43,24.36
server_6,2026-04-26 13:00:00+00:00,11.88,27.22
server_6,2026-04-26 14:00:00+00:00,13.6,28.6
server_6,2026-04-26 15:00:00+00:00,9.76,22.69
server_6,2026-04-26 16:00:00+00:00,13.2,34.27
server_6,2026-04-26 17:00:00+00:00,4.68,20.34
server_6,2026-04-26 18:00:00+00:00,2.36,30.42
server_6,2026-04-26 19:00:00+00:00,2.15,27.65
server_6,2026-04-26 20:00:00+00:00,1.87,25.06
server_6,2026-04-26 21:00:00+00:00,6.84,28.97
server_6,2026-04-26 22:00:00+00:00,3.56,27.72
server_6,2026-04-26 23:00:00+00:00,2.47,24.46
server_6,2026-04-27 00:00:00+00:00,8.95,29.52
server_6,2026-04-27 01:00:00+00:00,10.06,31.65
server_6,2026-04-27 02:00:00+00:00,10.63,25.14
server_6,2026-04-27 03:00:00+00:00,10.19,30.15
server_6,2026-04-27 04:00:00+00:00,5.7,16.69
server_6,2026-04-27 05:00:00+00:00,8.69,20.52
server_6,2026-04-27 06:00:00+00:00,9.24,30.69
server_6,2026-04-27 07:00:00+00:00,6.81,25.91
server_6,2026-04-27 08:00:00+00:00,8.41,24.73
server_6,2026-04-27 09:00:00+00:00,4.87,26.69
server_6,2026-04-27 10:00:00+00:00,9.85,27.06
server_6,2026-04-27 11:00:00+00:00,15.36,26.62
server_6,2026-04-27 12:00:00+00:00,20.43,25.79
server_6,2026-04-27 13:00:00+00:00,20.73,24.58
server_6,2026-04-27 14:00:00+00:00,19.5,34.98
server_6,2026-04-27 15:00:00+00:00,16.86,29.41
server_6,2026-04-27 16:00:00+00:00,14.24,34.06
server_6,2026-04-27 17:00:00+00:00,7.8,26.2
server_6,2026-04-27 18:00:00+00:00,5.91,28.69
server_6,2026-04-27 19:00:00+00:00,5.99,26.8
server_6,2026-04-27 20:00:00+00:00,9.44,28.68
server_6,2026-04-27 21:00:00+00:00,10.36,29.2
server_6,2026-04-27 22:00:00+00:00,9.84,26.86
server_6,2026-04-27 23:00:00+00:00,10.96,24.12
server_6,2026-04-28 00:00:00+00:00,8.18,31.13
server_6,2026-04-28 01:00:00+00:00,5.54,33.51
server_6,2026-04-28 02:00:00+00:00,7.88,34.59
server_6,2026-04-28 03:00:00+00:00,6.19,25.15
server_6,2026-04-28 04:00:00+00:00,9.64,25.64
server_6,2026-04-28 05:00:00+00:00,7.1,25.47
server_6,2026-04-28 06:00:00+00:00,7.75,27.21
server_6,2026-04-28 07:00:00+00:00,9.73,28.4
server_6,2026-04-28 08:00:00+00:00,6.15,23.36
server_6,2026-04-28 09:00:00+00:00,10.41,22.92
server_6,2026-04-28 10:00:00+00:00,8.05,28.22
server_6,2026-04-28 11:00:00+00:00,15.19,16.4
server_6,2026-04-28 12:00:00+00:00,16.43,30.55
server_6,2026-04-28 13:00:00+00:00,19.92,28.39
server_6,2026-04-28 14:00:00+00:00,14.41,33.36
server_6,2026-04-28 15:00:00+00:00,12.83,33.88
server_6,2026-04-28 16:00:00+00:00,16.3,35.19
server_6,2026-04-28 17:00:00+00:00,10.44,27.47
server_6,2026-04-28 18:00:00+00:00,7.77,23.38
server_6,2026-04-28 19:00:00+00:00,6.35,24.16
server_6,2026-04-28 20:00:00+00:00,10.28,29.95
server_6,2026-04-28 21:00:00+00:00,8.75,21.68
server_6,2026-04-28 22:00:00+00:00,8.6,33.78
server_6,2026-04-28 23:00:00+00:00,5.08,25.65
server_6,2026-04-29 00:00:00+00:00,9.25,30.44
server_6,2026-04-29 01:00:00+00:00,5.52,20.01
server_6,2026-04-29 02:00:00+00:00,6.35,23.72
server_6,2026-04-29 03:00:00+00:00,4.59,19.18
server_6,2026-04-29 04:00:00+00:00,7.61,31.95
server_6,2026-04-29 05:00:00+00:00,10.66,28.29
server_6,2026-04-29 06:00:00+00:00,8.57,30.48
server_6,2026-04-29 07:00:00+00:00,6.9,27.87
server_6,2026-04-29 08:00:00+00:00,8.27,29.97
server_6,2026-04-29 09:00:00+00:00,8.26,26.74
server_6,2026-04-29 10:00:00+00:00,11.59,28.44
server_6,2026-04-29 11:00:00+00:00,14.87,30.04
server_6,2026-04-29 12:00:00+00:00,14.06,31.74
server_6,2026-04-29 13:00:00+00:00,18.11,33.27
server_6,2026-04-29 14:00:00+00:00,13.46,41.16
server_6,2026-04-29 15:00:00+00:00,18.1,38.26
server_6,2026-04-29 16:00:00+00:00,11.67,22.17
server_6,2026-04-29 17:00:00+00:00,14.36,29.66
server_6,2026-04-29 18:00:00+00:00,1.89,24.24
server_6,2026-04-29 19:00:00+00:00,12.19,34.59
server_6,2026-04-29 20:00:00+00:00,3.9,25.3
server_6,2026-04-29 21:00:00+00:00,5.0,28.81
server_6,2026-04-29 22:00:00+00:00,8.75,18.91
server_6,2026-04-29 23:00:00+00:00,9.55,22.49
server_6,2026-04-30 00:00:00+00:00,7.29,36.12
server_6,2026-04-30 01:00:00+00:00,10.23,28.98
server_6,2026-04-30 02:00:00+00:00,6.01,23.31
server_6,2026-04-30 03:00:00+00:00,7.0,28.62
server_6,2026-04-30 04:00:00+00:00,7.24,23.52
server_6,2026-04-30 05:00:00+00:00,6.65,26.4
server_6,2026-04-30 06:00:00+00:00,3.16,20.5
server_6,2026-04-30 07:00:00+00:00,7.94,24.82
server_6,2026-04-30 08:00:00+00:00,7.71,26.23
server_6,2026-04-30 09:00:00+00:00,10.7,33.43
server_6,2026-04-30 10:00:00+00:00,8.21,29.93
server_6,2026-04-30 11:00:00+00:00,12.83,32.24
server_6,2026-04-30 12:00:00+00:00,19.67,31.98
server_6,2026-04-30 13:00:00+00:00,18.58,34.99
server_6,2026-04-30 14:00:00+00:00,19.22,28.43
server_6,2026-04-30 15:00:00+00:00,17.79,28.5
server_6,2026-04-30 16:00:00+00:00,15.57,32.28
server_6,2026-04-30 17:00:00+00:00,15.97,29.67
server_6,2026-04-30 18:00:00+00:00,8.23,28.02
server_6,2026-04-30 19:00:00+00:00,5.47,26.46
server_6,2026-04-30 20:00:00+00:00,9.6,33.57
server_6,2026-04-30 21:00:00+00:00,6.58,32.73
server_6,2026-04-30 22:00:00+00:00,7.73,25.4
server_6,2026-04-30 23:00:00+00:00,8.93,21.28
server_6,2026-05-01 00:00:00+00:00,5.95,24.44
server_6,2026-05-01 01:00:00+00:00,6.72,23.97
server_6,2026-05-01 02:00:00+00:00,9.19,31.74
server_6,2026-05-01 03:00:00+00:00,6.63,31.2
server_6,2026-05-01 04:00:00+00:00,10.43,24.73
server_6,2026-05-01 05:00:00+00:00,5.53,24.12
server_6,2026-05-01 06:00:00+00:00,5.53,21.22
server_6,2026-05-01 07:00:00+00:00,12.77,30.21
server_6,2026-05-01 08:00:00+00:00,4.17,26.48
server_6,2026-05-01 09:00:00+00:00,7.93,31.13
server_6,2026-05-01 10:00:00+00:00,16.05,32.81
server_6,2026-05-01 11:00:00+00:00,14.36,32.67
server_6,2026-05-01 12:00:00+00:00,20.03,26.04
server_6,2026-05-01 13:00:00+00:00,19.48,29.51
server_6,2026-05-01 14:00:00+00:00,17.83,35.24
server_6,2026-05-01 15:00:00+00:00,16.33,28.76
server_6,2026-05-01 16:00:00+00:00,9.13,21.89
server_6,2026-05-01 17:00:00+00:00,10.62,32.15
server_6,2026-05-01 18:00:00+00:00,8.58,25.89
server_6,2026-05-01 19:00:00+00:00,8.58,32.45
server_6,2026-05-01 20:00:00+00:00,14.16,30.08
server_6,2026-05-01 21:00:00+00:00,8.7,27.14
server_6,2026-05-01 22:00:00+00:00,9.58,34.0
server_6,2026-05-01 23:00:00+00:00,10.91,23.81
server_6,2026-05-02 00:00:00+00:00,7.35,33.51
server_6,2026-05-02 01:00:00+00:00,5.78,24.67
server_6,2026-05-02 02:00:00+00:00,5.8,27.88
server_6,2026-05-02 03:00:00+00:00,5.12,27.68
server_6,2026-05-02 04:00:00+00:00,7.11,25.98
server_6,2026-05-02 05:00:00+00:00,5.57,24.1
server_6,2026-05-02 06:00:00+00:00,7.56,26.37
server_6,2026-05-02 07:00:00+00:00,3.48,22.36
server_6,2026-05-02 08:00:00+00:00,6.37,35.28
server_6,2026-05-02 09:00:00+00:00,9.88,26.73
server_6,2026-05-02 10:00:00+00:00,7.32,32.4
server_6,2026-05-02 11:00:00+00:00,14.14,34.26
server_6,2026-05-02 12:00:00+00:00,11.17,30.56
server_6,2026-05-02 13:00:00+00:00,11.28,28.6
server_6,2026-05-02 14:00:00+00:00,11.71,30.07
server_6,2026-05-02 15:00:00+00:00,9.98,30.98
server_6,2026-05-02 16:00:00+00:00,4.58,27.21
server_6,2026-05-02 17:00:00+00:00,10.08,22.46
server_6,2026-05-02 18:00:00+00:00,11.48,21.95
server_6,2026-05-02 19:00:00+00:00,7.2,33.76
server_6,2026-05-02 20:00:00+00:00,7.35,17.23
server_6,2026-05-02 21:00:00+00:00,5.54,27.92
server_6,2026-05-02 22:00:00+00:00,8.89,27.37
server_6,2026-05-02 23:00:00+00:00,5.9,27.91
server_6,2026-05-03 00:00:00+00:00,6.67,22.97
server_6,2026-05-03 01:00:00+00:00,2.09,27.33
server_6,2026-05-03 02:00:00+00:00,4.68,27.66
server_6,2026-05-03 03:00:00+00:00,6.92,38.67
server_6,2026-05-03 04:00:00+00:00,8.27,28.61
server_6,2026-05-03 05:00:00+00:00,8.34,33.51
server_6,2026-05-03 06:00:00+00:00,2.05,19.92
server_6,2026-05-03 07:00:00+00:00,2.31,30.09
server_6,2026-05-03 08:00:00+00:00,7.46,28.72
server_6,2026-05-03 09:00:00+00:00,4.13,27.73
server_6,2026-05-03 10:00:00+00:00,10.12,29.88
server_6,2026-05-03 11:00:00+00:00,5.46,33.94
server_6,2026-05-03 12:00:00+00:00,10.52,29.9
server_6,2026-05-03 13:00:00+00:00,11.33,26.03
server_6,2026-05-03 14:00:00+00:00,12.62,27.15
server_6,2026-05-03 15:00:00+00:00,8.19,31.33
server_6,2026-05-03 16:00:00+00:00,4.62,28.61
server_6,2026-05-03 17:00:00+00:00,8.31,21.99
server_6,2026-05-03 18:00:00+00:00,7.32,29.82
server_6,2026-05-03 19:00:00+00:00,8.52,23.85
server_6,2026-05-03 20:00:00+00:00,5.1,28.74
server_6,2026-05-03 21:00:00+00:00,7.94,24.76
server_6,2026-05-03 22:00:00+00:00,7.21,26.6
server_6,2026-05-03 23:00:00+00:00,9.31,26.28
server_6,2026-05-04 00:00:00+00:00,7.86,34.03
server_6,2026-05-04 01:00:00+00:00,3.68,28.09
server_6,2026-05-04 02:00:00+00:00,7.83,32.99
server_6,2026-05-04 03:00:00+00:00,8.22,39.66
server_6,2026-05-04 04:00:00+00:00,9.3,28.64
server_6,2026-05-04 05:00:00+00:00,4.17,32.67
server_6,2026-05-04 06:00:00+00:00,7.22,24.93
server_6,2026-05-04 07:00:00+00:00,10.17,33.78
server_6,2026-05-04 08:00:00+00:00,7.74,24.68
server_6,2026-05-04 09:00:00+00:00,7.24,27.66
server_6,2026-05-04 10:00:00+00:00,16.19,33.01
server_6,2026-05-04 11:00:00+00:00,11.75,32.09
server_6,2026-05-04 12:00:00+00:00,19.74,27.02
server_6,2026-05-04 13:00:00+00:00,20.4,28.87
server_6,2026-05-04 14:00:00+00:00,17.29,33.7
server_6,2026-05-04 15:00:00+00:00,16.58,29.53
server_6,2026-05-04 16:00:00+00:00,14.34,24.63
server_6,2026-05-04 17:00:00+00:00,11.88,29.07
server_6,2026-05-04 18:00:00+00:00,6.51,27.0
server_6,2026-05-04 19:00:00+00:00,6.93,28.33
server_6,2026-05-04 20:00:00+00:00,7.11,29.81
server_6,2026-05-04 21:00:00+00:00,7.19,29.58
server_6,2026-05-04 22:00:00+00:00,7.22,24.66
server_6,2026-05-04 23:00:00+00:00,2.4,24.4
server_6,2026-05-05 00:00:00+00:00,8.24,31.8
server_6,2026-05-05 01:00:00+00:00,6.68,25.37
server_6,2026-05-05 02:00:00+00:00,3.33,24.79
server_6,2026-05-05 03:00:00+00:00,7.12,21.68
server_6,2026-05-05 04:00:00+00:00,7.05,27.55
server_6,2026-05-05 05:00:00+00:00,11.19,30.5
server_6,2026-05-05 06:00:00+00:00,6.65,19.63
server_6,2026-05-05 07:00:00+00:00,9.67,24.3
server_6,2026-05-05 08:00:00+00:00,11.46,23.52
server_6,2026-05-05 09:00:00+00:00,6.43,30.6
server_6,2026-05-05 10:00:00+00:00,11.3,21.51
server_6,2026-05-05 11:00:00+00:00,18.75,31.45
server_6,2026-05-05 12:00:00+00:00,17.23,34.1
server_6,2026-05-05 13:00:00+00:00,18.78,32.53
server_6,2026-05-05 14:00:00+00:00,16.83,29.33
server_6,2026-05-05 15:00:00+00:00,18.38,33.02
server_6,2026-05-05 16:00:00+00:00,14.33,34.36
server_6,2026-05-05 17:00:00+00:00,6.84,27.16
server_6,2026-05-05 18:00:00+00:00,7.11,18.73
server_6,2026-05-05 19:00:00+00:00,5.04,31.56
server_6,2026-05-05 20:00:00+00:00,8.28,29.7
server_6,2026-05-05 21:00:00+00:00,5.71,27.07
server_6,2026-05-05 22:00:00+00:00,9.2,20.5
server_6,2026-05-05 23:00:00+00:00,8.11,26.85
server_6,2026-05-06 00:00:00+00:00,4.88,23.41
server_6,2026-05-06 01:00:00+00:00,6.77,22.7
server_6,2026-05-06 02:00:00+00:00,9.55,28.0
server_6,2026-05-06 03:00:00+00:00,10.87,26.86
server_6,2026-05-06 04:00:00+00:00,5.74,25.33
server_6,2026-05-06 05:00:00+00:00,5.26,30.0
server_6,2026-05-06 06:00:00+00:00,12.88,30.73
server_6,2026-05-06 07:00:00+00:00,7.98,26.01
server_6,2026-05-06 08:00:00+00:00,8.23,25.59
server_6,2026-05-06 09:00:00+00:00,6.15,25.53
server_6,2026-05-06 10:00:00+00:00,11.96,28.4
server_6,2026-05-06 11:00:00+00:00,18.72,34.09
server_6,2026-05-06 12:00:00+00:00,17.3,27.08
server_6,2026-05-06 13:00:00+00:00,20.51,38.21
server_6,2026-05-06 14:00:00+00:00,17.92,33.81
server_6,2026-05-06 15:00:00+00:00,14.1,19.18
server_6,2026-05-06 16:00:00+00:00,12.72,29.99
server_6,2026-05-06 17:00:00+00:00,8.63,32.38
server_6,2026-05-06 18:00:00+00:00,8.54,29.75
server_6,2026-05-06 19:00:00+00:00,11.06,27.42
server_6,2026-05-06 20:00:00+00:00,8.4,27.9
server_6,2026-05-06 21:00:00+00:00,7.23,28.44
server_6,2026-05-06 22:00:00+00:00,6.03,30.39
server_6,2026-05-06 23:00:00+00:00,8.89,22.65
server_6,2026-05-07 00:00:00+00:00,4.9,24.5
server_6,2026-05-07 01:00:00+00:00,5.16,33.56
server_6,2026-05-07 02:00:00+00:00,10.25,28.92
server_6,2026-05-07 03:00:00+00:00,7.31,33.87
server_6,2026-05-07 04:00:00+00:00,7.26,39.68
server_6,2026-05-07 05:00:00+00:00,7.58,25.88
server_6,2026-05-07 06:00:00+00:00,9.81,23.85
server_6,2026-05-07 07:00:00+00:00,8.41,27.08
server_6,2026-05-07 08:00:00+00:00,6.14,31.75
server_6,2026-05-07 09:00:00+00:00,6.23,32.34
server_6,2026-05-07 10:00:00+00:00,10.93,38.11
server_6,2026-05-07 11:00:00+00:00,15.18,30.37
server_6,2026-05-07 12:00:00+00:00,16.57,32.95
server_6,2026-05-07 13:00:00+00:00,17.54,28.49
server_6,2026-05-07 14:00:00+00:00,17.96,21.46
server_6,2026-05-07 15:00:00+00:00,16.57,30.84
server_6,2026-05-07 16:00:00+00:00,12.48,24.95
server_6,2026-05-07 17:00:00+00:00,14.19,32.74
server_6,2026-05-07 18:00:00+00:00,6.79,20.05
server_6,2026-05-07 19:00:00+00:00,8.32,25.16
server_6,2026-05-07 20:00:00+00:00,2.85,27.27
server_6,2026-05-07 21:00:00+00:00,7.46,29.3
server_6,2026-05-07 22:00:00+00:00,5.25,26.85
server_6,2026-05-07 23:00:00+00:00,5.55,34.61
server_6,2026-05-08 00:00:00+00:00,14.06,36.4
server_6,2026-05-08 01:00:00+00:00,8.62,25.48
server_6,2026-05-08 02:00:00+00:00,11.07,35.51
server_6,2026-05-08 03:00:00+00:00,10.14,35.8
server_6,2026-05-08 04:00:00+00:00,10.46,28.36
server_6,2026-05-08 05:00:00+00:00,7.5,28.01
server_6,2026-05-08 06:00:00+00:00,12.02,29.2
server_6,2026-05-08 07:00:00+00:00,10.12,26.16
server_6,2026-05-08 08:00:00+00:00,8.1,25.85
server_6,2026-05-08 09:00:00+00:00,8.66,33.51
server_6,2026-05-08 10:00:00+00:00,11.08,30.83
server_6,2026-05-08 11:00:00+00:00,14.56,28.08
server_6,2026-05-08 12:00:00+00:00,16.55,27.29
server_6,2026-05-08 13:00:00+00:00,18.8,28.75
server_6,2026-05-08 14:00:00+00:00,22.2,32.31
server_6,2026-05-08 15:00:00+00:00,13.65,33.63
server_6,2026-05-08 16:00:00+00:00,17.28,27.81
server_6,2026-05-08 17:00:00+00:00,10.5,32.48
server_6,2026-05-08 18:00:00+00:00,11.17,29.9
server_6,2026-05-08 19:00:00+00:00,7.17,28.28
server_6,2026-05-08 20:00:00+00:00,9.03,32.46
server_6,2026-05-08 21:00:00+00:00,7.6,31.23
server_6,2026-05-08 22:00:00+00:00,3.67,20.87
server_6,2026-05-08 23:00:00+00:00,12.35,25.19
server_6,2026-05-09 00:00:00+00:00,3.64,25.56
server_6,2026-05-09 01:00:00+00:00,6.21,28.8
server_6,2026-05-09 02:00:00+00:00,3.37,31.84
server_6,2026-05-09 03:00:00+00:00,2.66,26.39
server_6,2026-05-09 04:00:00+00:00,5.49,33.94
server_6,2026-05-09 05:00:00+00:00,4.52,23.95
server_6,2026-05-09 06:00:00+00:00,3.08,24.13
server_6,2026-05-09 07:00:00+00:00,5.91,26.05
server_6,2026-05-09 08:00:00+00:00,2.3,22.73
server_6,2026-05-09 09:00:00+00:00,6.31,32.05
server_6,2026-05-09 10:00:00+00:00,7.56,16.77
server_6,2026-05-09 11:00:00+00:00,3.33,24.35
server_6,2026-05-09 12:00:00+00:00,9.46,33.1
server_6,2026-05-09 13:00:00+00:00,12.59,28.36
server_6,2026-05-09 14:00:00+00:00,8.76,32.56
server_6,2026-05-09 15:00:00+00:00,12.04,38.21
server_6,2026-05-09 16:00:00+00:00,10.62,29.24
server_6,2026-05-09 17:00:00+00:00,5.34,31.74
server_6,2026-05-09 18:00:00+00:00,5.97,36.97
server_6,2026-05-09 19:00:00+00:00,8.06,29.63
server_6,2026-05-09 20:00:00+00:00,3.81,26.34
server_6,2026-05-09 21:00:00+00:00,5.49,30.73
server_6,2026-05-09 22:00:00+00:00,8.88,33.04
server_6,2026-05-09 23:00:00+00:00,3.86,26.39
server_6,2026-05-10 00:00:00+00:00,7.15,25.77
server_6,2026-05-10 01:00:00+00:00,3.3,33.23
server_6,2026-05-10 02:00:00+00:00,5.6,26.08
server_6,2026-05-10 03:00:00+00:00,7.12,32.47
server_6,2026-05-10 04:00:00+00:00,1.0,26.6
server_6,2026-05-10 05:00:00+00:00,4.66,34.14
server_6,2026-05-10 06:00:00+00:00,7.07,24.28
server_6,2026-05-10 07:00:00+00:00,6.56,24.09
server_6,2026-05-10 08:00:00+00:00,4.69,30.26
server_6,2026-05-10 09:00:00+00:00,3.24,21.81
server_6,2026-05-10 10:00:00+00:00,9.45,28.97
server_6,2026-05-10 11:00:00+00:00,8.73,34.45
server_6,2026-05-10 12:00:00+00:00,12.13,22.3
server_6,2026-05-10 13:00:00+00:00,12.37,31.14
server_6,2026-05-10 14:00:00+00:00,10.3,33.65
server_6,2026-05-10 15:00:00+00:00,13.44,29.8
server_6,2026-05-10 16:00:00+00:00,8.05,24.31
server_6,2026-05-10 17:00:00+00:00,10.86,27.95
server_6,2026-05-10 18:00:00+00:00,9.3,25.1
server_6,2026-05-10 19:00:00+00:00,8.63,28.5
server_6,2026-05-10 20:00:00+00:00,5.55,26.04
server_6,2026-05-10 21:00:00+00:00,12.37,27.48
server_6,2026-05-10 22:00:00+00:00,6.38,29.3
server_6,2026-05-10 23:00:00+00:00,6.6,33.83
server_6,2026-05-11 00:00:00+00:00,7.94,29.29
server_6,2026-05-11 01:00:00+00:00,5.18,32.39
server_6,2026-05-11 02:00:00+00:00,11.24,35.45
server_6,2026-05-11 03:00:00+00:00,6.57,25.15
server_6,2026-05-11 04:00:00+00:00,10.3,29.9
server_6,2026-05-11 05:00:00+00:00,10.9,27.31
server_6,2026-05-11 06:00:00+00:00,9.51,22.6
server_6,2026-05-11 07:00:00+00:00,6.27,28.82
server_6,2026-05-11 08:00:00+00:00,7.15,23.49
server_6,2026-05-11 09:00:00+00:00,1.31,27.59
server_6,2026-05-11 10:00:00+00:00,11.13,22.87
server_6,2026-05-11 11:00:00+00:00,16.43,31.64
server_6,2026-05-11 12:00:00+00:00,16.07,24.54
server_6,2026-05-11 13:00:00+00:00,16.37,33.63
server_6,2026-05-11 14:00:00+00:00,17.1,29.61
server_6,2026-05-11 15:00:00+00:00,19.7,30.14
server_6,2026-05-11 16:00:00+00:00,14.29,34.71
server_6,2026-05-11 17:00:00+00:00,16.06,29.54
server_6,2026-05-11 18:00:00+00:00,6.57,27.94
server_6,2026-05-11 19:00:00+00:00,8.54,27.4
server_6,2026-05-11 20:00:00+00:00,6.92,29.65
server_6,2026-05-11 21:00:00+00:00,13.19,33.99
server_6,2026-05-11 22:00:00+00:00,8.45,31.5
server_6,2026-05-11 23:00:00+00:00,13.32,28.0
server_6,2026-05-12 00:00:00+00:00,6.95,32.47
server_6,2026-05-12 01:00:00+00:00,11.82,25.67
server_6,2026-05-12 02:00:00+00:00,8.3,25.13
server_6,2026-05-12 03:00:00+00:00,10.09,28.22
server_6,2026-05-12 04:00:00+00:00,4.95,31.12
server_6,2026-05-12 05:00:00+00:00,8.87,23.62
server_6,2026-05-12 06:00:00+00:00,5.33,30.63
server_6,2026-05-12 07:00:00+00:00,8.64,28.01
server_6,2026-05-12 08:00:00+00:00,4.2,24.94
server_6,2026-05-12 09:00:00+00:00,7.76,32.31
server_6,2026-05-12 10:00:00+00:00,14.16,26.95
server_6,2026-05-12 11:00:00+00:00,15.8,39.87
server_6,2026-05-12 12:00:00+00:00,13.58,29.24
server_6,2026-05-12 13:00:00+00:00,13.1,30.39
server_6,2026-05-12 14:00:00+00:00,19.09,38.05
server_6,2026-05-12 15:00:00+00:00,20.61,33.12
server_6,2026-05-12 16:00:00+00:00,12.02,34.16
server_6,2026-05-12 17:00:00+00:00,16.66,23.22
server_6,2026-05-12 18:00:00+00:00,7.98,26.22
server_6,2026-05-12 19:00:00+00:00,3.1,27.87
server_6,2026-05-12 20:00:00+00:00,4.1,30.96
server_6,2026-05-12 21:00:00+00:00,9.92,31.75
server_6,2026-05-12 22:00:00+00:00,8.32,30.82
server_6,2026-05-12 23:00:00+00:00,11.71,33.54
server_6,2026-05-13 00:00:00+00:00,5.0,28.85
server_6,2026-05-13 01:00:00+00:00,8.3,19.53
server_6,2026-05-13 02:00:00+00:00,8.02,33.77
server_6,2026-05-13 03:00:00+00:00,7.64,24.52
server_6,2026-05-13 04:00:00+00:00,7.04,28.92
server_6,2026-05-13 05:00:00+00:00,7.09,28.41
server_6,2026-05-13 06:00:00+00:00,8.44,28.34
server_6,2026-05-13 07:00:00+00:00,8.76,23.84
server_6,2026-05-13 08:00:00+00:00,8.63,20.47
server_6,2026-05-13 09:00:00+00:00,11.01,25.05
server_6,2026-05-13 10:00:00+00:00,8.42,31.45
server_6,2026-05-13 11:00:00+00:00,9.9,22.88
server_6,2026-05-13 12:00:00+00:00,19.2,28.4
server_6,2026-05-13 13:00:00+00:00,15.49,32.29
server_6,2026-05-13 14:00:00+00:00,16.9,27.01
server_6,2026-05-13 15:00:00+00:00,15.13,28.32
server_6,2026-05-13 16:00:00+00:00,12.84,30.02
server_6,2026-05-13 17:00:00+00:00,7.77,29.05
server_6,2026-05-13 18:00:00+00:00,6.58,23.31
server_6,2026-05-13 19:00:00+00:00,9.62,29.13
server_6,2026-05-13 20:00:00+00:00,7.99,29.59
server_6,2026-05-13 21:00:00+00:00,9.26,23.35
server_6,2026-05-13 22:00:00+00:00,6.76,28.43
server_6,2026-05-13 23:00:00+00:00,10.26,25.92
server_6,2026-05-14 00:00:00+00:00,6.73,28.05
server_6,2026-05-14 01:00:00+00:00,2.73,29.05
server_6,2026-05-14 02:00:00+00:00,8.79,27.57
server_6,2026-05-14 03:00:00+00:00,9.92,32.33
server_6,2026-05-14 04:00:00+00:00,6.6,30.67
server_6,2026-05-14 05:00:00+00:00,11.0,32.68
server_6,2026-05-14 06:00:00+00:00,5.87,28.87
server_6,2026-05-14 07:00:00+00:00,9.68,32.99
server_6,2026-05-14 08:00:00+00:00,12.36,31.07
server_6,2026-05-14 09:00:00+00:00,8.09,21.36
server_6,2026-05-14 10:00:00+00:00,10.85,25.83
server_6,2026-05-14 11:00:00+00:00,14.16,29.31
server_6,2026-05-14 12:00:00+00:00,20.73,32.11
server_6,2026-05-14 13:00:00+00:00,18.86,33.23
server_6,2026-05-14 14:00:00+00:00,23.21,30.1
server_6,2026-05-14 15:00:00+00:00,17.36,39.31
server_6,2026-05-14 16:00:00+00:00,12.79,29.27
server_6,2026-05-14 17:00:00+00:00,9.96,28.66
server_6,2026-05-14 18:00:00+00:00,8.15,25.37
server_6,2026-05-14 19:00:00+00:00,2.9,22.2
server_6,2026-05-14 20:00:00+00:00,6.81,27.08
server_6,2026-05-14 21:00:00+00:00,6.87,27.71
server_6,2026-05-14 22:00:00+00:00,8.6,27.86
server_6,2026-05-14 23:00:00+00:00,12.85,36.32
server_6,2026-05-15 00:00:00+00:00,8.14,27.54
server_6,2026-05-15 01:00:00+00:00,3.19,25.97
server_6,2026-05-15 02:00:00+00:00,5.72,30.46
server_6,2026-05-15 03:00:00+00:00,8.66,27.55
server_6,2026-05-15 04:00:00+00:00,8.23,30.24
server_6,2026-05-15 05:00:00+00:00,12.06,24.31
server_6,2026-05-15 06:00:00+00:00,10.4,23.76
server_6,2026-05-15 07:00:00+00:00,10.33,29.3
server_6,2026-05-15 08:00:00+00:00,7.46,26.88
server_6,2026-05-15 09:00:00+00:00,10.75,25.73
server_6,2026-05-15 10:00:00+00:00,9.18,28.9
server_6,2026-05-15 11:00:00+00:00,16.85,31.93
server_6,2026-05-15 12:00:00+00:00,15.95,27.94
server_6,2026-05-15 13:00:00+00:00,14.23,28.1
server_6,2026-05-15 14:00:00+00:00,19.33,32.83
server_6,2026-05-15 15:00:00+00:00,20.15,28.17
server_6,2026-05-15 16:00:00+00:00,13.41,27.48
server_6,2026-05-15 17:00:00+00:00,15.33,32.7
server_6,2026-05-15 18:00:00+00:00,3.86,26.46
server_6,2026-05-15 19:00:00+00:00,5.01,25.04
server_6,2026-05-15 20:00:00+00:00,7.63,24.26
server_6,2026-05-15 21:00:00+00:00,7.07,23.62
server_6,2026-05-15 22:00:00+00:00,6.33,26.89
server_6,2026-05-15 23:00:00+00:00,8.33,36.22
server_6,2026-05-16 00:00:00+00:00,4.68,29.1
server_6,2026-05-16 01:00:00+00:00,5.1,21.65
server_6,2026-05-16 02:00:00+00:00,6.7,30.37
server_6,2026-05-16 03:00:00+00:00,4.33,23.68
server_6,2026-05-16 04:00:00+00:00,5.73,27.19
server_6,2026-05-16 05:00:00+00:00,4.39,24.38
server_6,2026-05-16 06:00:00+00:00,2.99,34.34
server_6,2026-05-16 07:00:00+00:00,7.91,23.43
server_6,2026-05-16 08:00:00+00:00,10.27,30.05
server_6,2026-05-16 09:00:00+00:00,8.66,25.49
server_6,2026-05-16 10:00:00+00:00,8.71,31.2
server_6,2026-05-16 11:00:00+00:00,7.93,29.15
server_6,2026-05-16 12:00:00+00:00,10.05,33.73
server_6,2026-05-16 13:00:00+00:00,14.06,32.99
server_6,2026-05-16 14:00:00+00:00,5.71,24.43
server_6,2026-05-16 15:00:00+00:00,9.85,40.31
server_6,2026-05-16 16:00:00+00:00,11.37,31.4
server_6,2026-05-16 17:00:00+00:00,5.04,24.76
server_6,2026-05-16 18:00:00+00:00,7.06,28.49
server_6,2026-05-16 19:00:00+00:00,6.94,30.15
server_6,2026-05-16 20:00:00+00:00,2.36,28.4
server_6,2026-05-16 21:00:00+00:00,6.22,29.36
server_6,2026-05-16 22:00:00+00:00,4.46,30.63
server_6,2026-05-16 23:00:00+00:00,7.04,31.14
server_6,2026-05-17 00:00:00+00:00,7.67,24.5
server_6,2026-05-17 01:00:00+00:00,7.0,36.08
server_6,2026-05-17 02:00:00+00:00,6.18,35.24
server_6,2026-05-17 03:00:00+00:00,6.72,30.76
server_6,2026-05-17 04:00:00+00:00,3.06,26.43
server_6,2026-05-17 05:00:00+00:00,5.92,27.5
server_6,2026-05-17 06:00:00+00:00,4.01,25.31
server_6,2026-05-17 07:00:00+00:00,8.58,27.43
server_6,2026-05-17 08:00:00+00:00,7.71,19.15
server_6,2026-05-17 09:00:00+00:00,7.7,34.02
server_6,2026-05-17 10:00:00+00:00,12.16,34.17
server_6,2026-05-17 11:00:00+00:00,8.71,21.54
server_6,2026-05-17 12:00:00+00:00,9.39,32.05
server_6,2026-05-17 13:00:00+00:00,10.53,28.86
server_6,2026-05-17 14:00:00+00:00,7.41,27.0
server_6,2026-05-17 15:00:00+00:00,6.95,29.61
server_6,2026-05-17 16:00:00+00:00,11.09,22.11
server_6,2026-05-17 17:00:00+00:00,4.39,26.69
server_6,2026-05-17 18:00:00+00:00,3.31,26.68
server_6,2026-05-17 19:00:00+00:00,5.75,27.53
server_6,2026-05-17 20:00:00+00:00,4.97,21.47
server_6,2026-05-17 21:00:00+00:00,8.21,29.86
server_6,2026-05-17 22:00:00+00:00,6.15,31.59
server_6,2026-05-17 23:00:00+00:00,4.0,28.23
server_6,2026-05-18 00:00:00+00:00,10.43,27.93
server_6,2026-05-18 01:00:00+00:00,9.82,39.39
server_6,2026-05-18 02:00:00+00:00,4.47,23.07
server_6,2026-05-18 03:00:00+00:00,8.63,31.31
server_6,2026-05-18 04:00:00+00:00,6.21,28.35
server_6,2026-05-18 05:00:00+00:00,6.15,35.4
server_6,2026-05-18 06:00:00+00:00,12.67,31.18
server_6,2026-05-18 07:00:00+00:00,8.31,30.51
server_6,2026-05-18 08:00:00+00:00,7.46,29.83
server_6,2026-05-18 09:00:00+00:00,8.21,23.84
server_6,2026-05-18 10:00:00+00:00,13.61,26.49
server_6,2026-05-18 11:00:00+00:00,12.67,28.53
server_6,2026-05-18 12:00:00+00:00,15.33,34.4
server_6,2026-05-18 13:00:00+00:00,19.49,32.95
server_6,2026-05-18 14:00:00+00:00,14.06,29.29
server_6,2026-05-18 15:00:00+00:00,19.14,37.39
server_6,2026-05-18 16:00:00+00:00,10.41,20.92
server_6,2026-05-18 17:00:00+00:00,10.81,23.8
server_6,2026-05-18 18:00:00+00:00,4.0,16.61
server_6,2026-05-18 19:00:00+00:00,5.36,31.91
server_6,2026-05-18 20:00:00+00:00,11.24,28.75
server_6,2026-05-18 21:00:00+00:00,10.61,32.78
server_6,2026-05-18 22:00:00+00:00,10.88,28.57
server_6,2026-05-18 23:00:00+00:00,4.38,30.82
server_6,2026-05-19 00:00:00+00:00,5.37,26.57
server_6,2026-05-19 01:00:00+00:00,8.85,29.94
server_6,2026-05-19 02:00:00+00:00,9.79,29.68
server_6,2026-05-19 03:00:00+00:00,6.0,28.65
server_6,2026-05-19 04:00:00+00:00,6.55,34.23
server_6,2026-05-19 05:00:00+00:00,5.17,20.51
server_6,2026-05-19 06:00:00+00:00,12.15,29.18
server_6,2026-05-19 07:00:00+00:00,6.81,28.38
server_6,2026-05-19 08:00:00+00:00,8.08,28.22
server_6,2026-05-19 09:00:00+00:00,8.21,26.48
server_6,2026-05-19 10:00:00+00:00,14.18,28.03
server_6,2026-05-19 11:00:00+00:00,12.05,35.54
server_6,2026-05-19 12:00:00+00:00,19.58,31.77
server_6,2026-05-19 13:00:00+00:00,14.65,40.08
server_6,2026-05-19 14:00:00+00:00,20.76,34.58
server_6,2026-05-19 15:00:00+00:00,12.37,28.37
server_6,2026-05-19 16:00:00+00:00,14.17,32.37
server_6,2026-05-19 17:00:00+00:00,15.48,31.06
server_6,2026-05-19 18:00:00+00:00,9.74,33.98
server_6,2026-05-19 19:00:00+00:00,9.05,23.7
server_6,2026-05-19 20:00:00+00:00,5.38,19.88
server_6,2026-05-19 21:00:00+00:00,6.16,28.8
server_6,2026-05-19 22:00:00+00:00,11.36,32.52
server_6,2026-05-19 23:00:00+00:00,9.18,29.56
server_6,2026-05-20 00:00:00+00:00,10.23,31.47
server_6,2026-05-20 01:00:00+00:00,8.18,30.17
server_6,2026-05-20 02:00:00+00:00,7.3,21.83
server_6,2026-05-20 03:00:00+00:00,9.92,29.8
server_6,2026-05-20 04:00:00+00:00,8.65,33.49
server_6,2026-05-20 05:00:00+00:00,7.58,28.54
server_6,2026-05-20 06:00:00+00:00,4.46,21.52
server_6,2026-05-20 07:00:00+00:00,10.38,27.5
server_6,2026-05-20 08:00:00+00:00,9.1,30.61
server_6,2026-05-20 09:00:00+00:00,6.48,34.65
server_6,2026-05-20 10:00:00+00:00,14.37,22.4
server_6,2026-05-20 11:00:00+00:00,15.04,31.91
server_6,2026-05-20 12:00:00+00:00,17.32,27.53
server_6,2026-05-20 13:00:00+00:00,20.06,34.25
server_6,2026-05-20 14:00:00+00:00,19.52,34.38
server_6,2026-05-20 15:00:00+00:00,17.39,30.36
server_6,2026-05-20 16:00:00+00:00,13.96,32.61
server_6,2026-05-20 17:00:00+00:00,16.38,35.49
server_6,2026-05-20 18:00:00+00:00,6.17,26.7
server_6,2026-05-20 19:00:00+00:00,9.86,23.3
server_6,2026-05-20 20:00:00+00:00,7.79,33.63
server_6,2026-05-20 21:00:00+00:00,9.14,31.71
server_6,2026-05-20 22:00:00+00:00,11.08,31.33
server_6,2026-05-20 23:00:00+00:00,7.22,24.96
server_6,2026-05-21 00:00:00+00:00,9.5,32.47
server_6,2026-05-21 01:00:00+00:00,8.66,36.4
server_6,2026-05-21 02:00:00+00:00,6.4,26.95
server_6,2026-05-21 03:00:00+00:00,11.15,29.48
server_6,2026-05-21 04:00:00+00:00,9.78,24.36
server_6,2026-05-21 05:00:00+00:00,6.91,24.74
server_6,2026-05-21 06:00:00+00:00,10.76,24.67
server_6,2026-05-21 07:00:00+00:00,5.92,27.8
server_6,2026-05-21 08:00:00+00:00,7.93,26.61
server_6,2026-05-21 09:00:00+00:00,6.93,29.12
server_6,2026-05-21 10:00:00+00:00,13.3,26.29
server_6,2026-05-21 11:00:00+00:00,13.23,29.16
server_6,2026-05-21 12:00:00+00:00,18.56,27.88
server_6,2026-05-21 13:00:00+00:00,19.33,32.72
server_6,2026-05-21 14:00:00+00:00,16.91,24.59
server_6,2026-05-21 15:00:00+00:00,21.23,33.24
server_6,2026-05-21 16:00:00+00:00,12.56,28.48
server_6,2026-05-21 17:00:00+00:00,7.9,28.69
server_6,2026-05-21 18:00:00+00:00,10.14,22.14
server_6,2026-05-21 19:00:00+00:00,2.63,28.74
server_6,2026-05-21 20:00:00+00:00,11.73,28.11
server_6,2026-05-21 21:00:00+00:00,8.25,28.96
server_6,2026-05-21 22:00:00+00:00,4.43,19.27
server_6,2026-05-21 23:00:00+00:00,5.63,22.2
server_6,2026-05-22 00:00:00+00:00,3.91,25.01
server_6,2026-05-22 01:00:00+00:00,8.96,33.84
server_6,2026-05-22 02:00:00+00:00,4.68,28.95
server_6,2026-05-22 03:00:00+00:00,9.26,28.96
server_6,2026-05-22 04:00:00+00:00,7.24,24.04
server_6,2026-05-22 05:00:00+00:00,6.81,23.16
server_6,2026-05-22 06:00:00+00:00,9.27,29.55
server_6,2026-05-22 07:00:00+00:00,9.56,31.35
server_6,2026-05-22 08:00:00+00:00,10.86,29.84
server_6,2026-05-22 09:00:00+00:00,6.42,34.28
server_6,2026-05-22 10:00:00+00:00,11.35,26.44
server_6,2026-05-22 11:00:00+00:00,12.84,30.41
server_6,2026-05-22 12:00:00+00:00,17.07,24.4
server_6,2026-05-22 13:00:00+00:00,15.9,31.61
server_6,2026-05-22 14:00:00+00:00,16.79,36.95
server_6,2026-05-22 15:00:00+00:00,15.61,26.5
server_6,2026-05-22 16:00:00+00:00,15.16,33.87
server_6,2026-05-22 17:00:00+00:00,11.43,34.96
server_6,2026-05-22 18:00:00+00:00,9.27,25.68
server_6,2026-05-22 19:00:00+00:00,7.73,29.77
server_6,2026-05-22 20:00:00+00:00,6.55,33.81
server_6,2026-05-22 21:00:00+00:00,8.48,29.09
server_6,2026-05-22 22:00:00+00:00,5.71,30.34
server_6,2026-05-22 23:00:00+00:00,9.42,21.4
server_6,2026-05-23 00:00:00+00:00,5.29,29.44
server_6,2026-05-23 01:00:00+00:00,6.51,29.55
server_6,2026-05-23 02:00:00+00:00,6.55,22.19
server_6,2026-05-23 03:00:00+00:00,10.0,24.84
server_6,2026-05-23 04:00:00+00:00,6.95,30.05
server_6,2026-05-23 05:00:00+00:00,6.18,26.15
server_6,2026-05-23 06:00:00+00:00,4.27,31.14
server_6,2026-05-23 07:00:00+00:00,8.01,29.24
server_6,2026-05-23 08:00:00+00:00,5.32,27.29
server_6,2026-05-23 09:00:00+00:00,2.19,25.28
server_6,2026-05-23 10:00:00+00:00,7.39,28.96
server_6,2026-05-23 11:00:00+00:00,10.01,31.92
server_6,2026-05-23 12:00:00+00:00,8.72,30.39
server_6,2026-05-23 13:00:00+00:00,11.12,27.4
server_6,2026-05-23 14:00:00+00:00,11.24,34.09
server_6,2026-05-23 15:00:00+00:00,10.62,31.55
server_6,2026-05-23 16:00:00+00:00,12.62,31.16
server_6,2026-05-23 17:00:00+00:00,4.6,27.18
server_6,2026-05-23 18:00:00+00:00,11.08,31.08
server_6,2026-05-23 19:00:00+00:00,5.92,19.94
server_6,2026-05-23 20:00:00+00:00,7.45,28.77
server_6,2026-05-23 21:00:00+00:00,6.32,33.97
server_6,2026-05-23 22:00:00+00:00,1.68,26.67
server_6,2026-05-23 23:00:00+00:00,3.36,26.71
server_6,2026-05-24 00:00:00+00:00,4.69,24.46
server_6,2026-05-24 01:00:00+00:00,8.48,30.14
server_6,2026-05-24 02:00:00+00:00,2.54,25.31
server_6,2026-05-24 03:00:00+00:00,3.86,31.79
server_6,2026-05-24 04:00:00+00:00,6.41,23.99
server_6,2026-05-24 05:00:00+00:00,7.18,25.9
server_6,2026-05-24 06:00:00+00:00,7.11,25.28
server_6,2026-05-24 07:00:00+00:00,3.54,33.78
server_6,2026-05-24 08:00:00+00:00,2.01,25.14
server_6,2026-05-24 09:00:00+00:00,7.35,25.58
server_6,2026-05-24 10:00:00+00:00,11.46,20.85
server_6,2026-05-24 11:00:00+00:00,8.67,24.59
server_6,2026-05-24 12:00:00+00:00,7.9,30.08
server_6,2026-05-24 13:00:00+00:00,10.34,30.92
server_6,2026-05-24 14:00:00+00:00,12.4,26.94
server_6,2026-05-24 15:00:00+00:00,10.18,26.38
server_6,2026-05-24 16:00:00+00:00,13.05,37.21
server_6,2026-05-24 17:00:00+00:00,10.19,39.55
server_6,2026-05-24 18:00:00+00:00,6.46,32.06
server_6,2026-05-24 19:00:00+00:00,1.11,31.83
server_6,2026-05-24 20:00:00+00:00,4.27,33.78
server_6,2026-05-24 21:00:00+00:00,4.63,35.68
server_6,2026-05-24 22:00:00+00:00,4.13,25.44
server_6,2026-05-24 23:00:00+00:00,6.48,23.95
server_6,2026-05-25 00:00:00+00:00,8.53,35.52
server_6,2026-05-25 01:00:00+00:00,3.81,22.68
server_6,2026-05-25 02:00:00+00:00,10.01,24.59
server_6,2026-05-25 03:00:00+00:00,8.04,23.99
server_6,2026-05-25 04:00:00+00:00,8.89,27.79
server_6,2026-05-25 05:00:00+00:00,9.86,20.71
server_6,2026-05-25 06:00:00+00:00,6.08,21.6
server_6,2026-05-25 07:00:00+00:00,11.15,26.61
server_6,2026-05-25 08:00:00+00:00,7.65,23.09
server_6,2026-05-25 09:00:00+00:00,11.78,33.57
server_6,2026-05-25 10:00:00+00:00,9.19,28.44
server_6,2026-05-25 11:00:00+00:00,18.02,33.82
server_6,2026-05-25 12:00:00+00:00,14.4,32.11
server_6,2026-05-25 13:00:00+00:00,24.22,32.85
server_6,2026-05-25 14:00:00+00:00,15.47,34.57
server_6,2026-05-25 15:00:00+00:00,19.3,33.76
server_6,2026-05-25 16:00:00+00:00,13.52,28.66
server_6,2026-05-25 17:00:00+00:00,13.21,23.09
server_6,2026-05-25 18:00:00+00:00,7.9,30.05
server_6,2026-05-25 19:00:00+00:00,5.27,22.0
server_6,2026-05-25 20:00:00+00:00,1.01,27.07
server_6,2026-05-25 21:00:00+00:00,14.27,30.51
server_6,2026-05-25 22:00:00+00:00,8.18,22.62
server_6,2026-05-25 23:00:00+00:00,1.0,26.58
server_6,2026-05-26 00:00:00+00:00,8.76,29.03
server_6,2026-05-26 01:00:00+00:00,9.72,29.38
server_6,2026-05-26 02:00:00+00:00,6.21,27.96
server_6,2026-05-26 03:00:00+00:00,6.23,24.77
server_6,2026-05-26 04:00:00+00:00,7.95,30.35
server_6,2026-05-26 05:00:00+00:00,11.01,26.3
server_6,2026-05-26 06:00:00+00:00,8.25,23.79
server_6,2026-05-26 07:00:00+00:00,11.66,31.98
server_6,2026-05-26 08:00:00+00:00,10.83,32.74
server_6,2026-05-26 09:00:00+00:00,7.43,30.22
server_6,2026-05-26 10:00:00+00:00,7.49,26.99
server_6,2026-05-26 11:00:00+00:00,13.86,22.29
server_6,2026-05-26 12:00:00+00:00,17.98,37.42
server_6,2026-05-26 13:00:00+00:00,18.0,23.68
server_6,2026-05-26 14:00:00+00:00,19.43,34.35
server_6,2026-05-26 15:00:00+00:00,18.82,40.23
server_6,2026-05-26 16:00:00+00:00,15.76,31.31
server_6,2026-05-26 17:00:00+00:00,10.73,30.12
server_6,2026-05-26 18:00:00+00:00,9.3,29.97
server_6,2026-05-26 19:00:00+00:00,13.59,30.75
server_6,2026-05-26 20:00:00+00:00,4.28,36.1
server_6,2026-05-26 21:00:00+00:00,9.22,25.05
server_6,2026-05-26 22:00:00+00:00,12.58,25.73
server_6,2026-05-26 23:00:00+00:00,5.06,25.66
server_6,2026-05-27 00:00:00+00:00,10.5,35.84
server_6,2026-05-27 01:00:00+00:00,10.84,26.69
server_6,2026-05-27 02:00:00+00:00,4.31,28.43
server_6,2026-05-27 03:00:00+00:00,9.78,32.91
server_6,2026-05-27 04:00:00+00:00,7.32,30.88
server_6,2026-05-27 05:00:00+00:00,7.85,32.02
server_6,2026-05-27 06:00:00+00:00,7.19,33.39
server_6,2026-05-27 07:00:00+00:00,11.28,30.38
server_6,2026-05-27 08:00:00+00:00,7.72,26.07
server_6,2026-05-27 09:00:00+00:00,6.84,28.18
server_6,2026-05-27 10:00:00+00:00,10.3,27.45
server_6,2026-05-27 11:00:00+00:00,13.58,40.04
server_6,2026-05-27 12:00:00+00:00,13.96,27.96
server_6,2026-05-27 13:00:00+00:00,16.67,32.97
server_6,2026-05-27 14:00:00+00:00,18.14,25.55
server_6,2026-05-27 15:00:00+00:00,17.67,31.92
server_6,2026-05-27 16:00:00+00:00,17.44,30.15
server_6,2026-05-27 17:00:00+00:00,12.02,32.11
server_6,2026-05-27 18:00:00+00:00,6.81,30.39
server_6,2026-05-27 19:00:00+00:00,5.47,32.78
server_6,2026-05-27 20:00:00+00:00,8.74,33.61
server_6,2026-05-27 21:00:00+00:00,7.71,27.63
server_6,2026-05-27 22:00:00+00:00,7.79,24.15
server_6,2026-05-27 23:00:00+00:00,8.66,24.92
server_6,2026-05-28 00:00:00+00:00,9.3,29.67
server_6,2026-05-28 01:00:00+00:00,8.67,28.87
server_6,2026-05-28 02:00:00+00:00,7.57,28.88
server_6,2026-05-28 03:00:00+00:00,6.0,25.16
server_6,2026-05-28 04:00:00+00:00,6.47,33.21
server_6,2026-05-28 05:00:00+00:00,10.12,22.85
server_6,2026-05-28 06:00:00+00:00,6.94,25.27
server_6,2026-05-28 07:00:00+00:00,4.63,22.51
server_6,2026-05-28 08:00:00+00:00,10.9,28.18
server_6,2026-05-28 09:00:00+00:00,5.64,32.16
server_6,2026-05-28 10:00:00+00:00,11.51,28.08
server_6,2026-05-28 11:00:00+00:00,15.66,31.09
server_6,2026-05-28 12:00:00+00:00,16.67,33.69
server_6,2026-05-28 13:00:00+00:00,11.65,27.94
server_6,2026-05-28 14:00:00+00:00,18.82,33.32
server_6,2026-05-28 15:00:00+00:00,19.98,33.19
server_6,2026-05-28 16:00:00+00:00,16.39,26.41
server_6,2026-05-28 17:00:00+00:00,6.11,25.48
server_6,2026-05-28 18:00:00+00:00,13.32,31.28
server_6,2026-05-28 19:00:00+00:00,4.69,31.97
server_6,2026-05-28 20:00:00+00:00,5.3,32.18
server_6,2026-05-28 21:00:00+00:00,9.95,37.07
server_6,2026-05-28 22:00:00+00:00,9.13,30.34
server_6,2026-05-28 23:00:00+00:00,8.2,26.42
server_6,2026-05-29 00:00:00+00:00,6.58,27.25
server_6,2026-05-29 01:00:00+00:00,11.33,28.71
server_6,2026-05-29 02:00:00+00:00,7.9,26.33
server_6,2026-05-29 03:00:00+00:00,4.09,28.16
server_6,2026-05-29 04:00:00+00:00,11.08,30.8
server_6,2026-05-29 05:00:00+00:00,8.55,23.5
server_6,2026-05-29 06:00:00+00:00,10.79,33.33
server_6,2026-05-29 07:00:00+00:00,9.43,21.15
server_6,2026-05-29 08:00:00+00:00,13.98,29.2
server_6,2026-05-29 09:00:00+00:00,7.23,32.33
server_6,2026-05-29 10:00:00+00:00,11.46,31.64
server_6,2026-05-29 11:00:00+00:00,16.23,29.45
server_6,2026-05-29 12:00:00+00:00,15.9,38.64
server_6,2026-05-29 13:00:00+00:00,19.85,30.39
server_6,2026-05-29 14:00:00+00:00,10.48,20.86
server_6,2026-05-29 15:00:00+00:00,16.48,32.78
server_6,2026-05-29 16:00:00+00:00,14.17,23.05
server_6,2026-05-29 17:00:00+00:00,11.07,25.75
server_6,2026-05-29 18:00:00+00:00,5.81,29.72
server_6,2026-05-29 19:00:00+00:00,10.27,26.95
server_6,2026-05-29 20:00:00+00:00,6.74,29.88
server_6,2026-05-29 21:00:00+00:00,8.5,23.54
server_6,2026-05-29 22:00:00+00:00,7.91,31.4
server_6,2026-05-29 23:00:00+00:00,9.25,21.67
server_6,2026-05-30 00:00:00+00:00,9.58,33.83
server_6,2026-05-30 01:00:00+00:00,6.49,25.57
server_6,2026-05-30 02:00:00+00:00,8.1,34.16
server_6,2026-05-30 03:00:00+00:00,6.36,24.06
server_6,2026-05-30 04:00:00+00:00,4.73,34.56
server_6,2026-05-30 05:00:00+00:00,5.65,23.35
server_6,2026-05-30 06:00:00+00:00,5.29,19.88
server_6,2026-05-30 07:00:00+00:00,7.42,27.97
server_6,2026-05-30 08:00:00+00:00,6.27,32.33
server_6,2026-05-30 09:00:00+00:00,4.01,29.77
server_6,2026-05-30 10:00:00+00:00,7.33,32.42
server_6,2026-05-30 11:00:00+00:00,5.72,30.44
server_6,2026-05-30 12:00:00+00:00,10.3,25.52
server_6,2026-05-30 13:00:00+00:00,11.42,32.26
server_6,2026-05-30 14:00:00+00:00,15.94,31.15
server_6,2026-05-30 15:00:00+00:00,14.13,27.31
server_6,2026-05-30 16:00:00+00:00,6.95,28.35
server_6,2026-05-30 17:00:00+00:00,8.39,27.91
server_6,2026-05-30 18:00:00+00:00,6.55,33.16
server_6,2026-05-30 19:00:00+00:00,5.42,25.04
server_6,2026-05-30 20:00:00+00:00,5.58,24.91
server_6,2026-05-30 21:00:00+00:00,5.12,24.2
server_6,2026-05-30 22:00:00+00:00,10.68,36.53
server_6,2026-05-30 23:00:00+00:00,4.96,24.37
server_6,2026-05-31 00:00:00+00:00,6.85,32.79
server_6,2026-05-31 01:00:00+00:00,1.0,21.42
server_6,2026-05-31 02:00:00+00:00,8.06,30.05
server_6,2026-05-31 03:00:00+00:00,8.96,29.39
server_6,2026-05-31 04:00:00+00:00,3.37,31.31
server_6,2026-05-31 05:00:00+00:00,4.72,31.21
server_6,2026-05-31 06:00:00+00:00,7.13,28.02
server_6,2026-05-31 07:00:00+00:00,6.05,25.17
server_6,2026-05-31 08:00:00+00:00,7.17,34.21
server_6,2026-05-31 09:00:00+00:00,5.28,24.5
server_6,2026-05-31 10:00:00+00:00,12.54,20.52
server_6,2026-05-31 11:00:00+00:00,7.86,20.52
server_6,2026-05-31 12:00:00+00:00,17.49,24.86
server_6,2026-05-31 13:00:00+00:00,14.52,32.67
server_6,2026-05-31 14:00:00+00:00,13.5,38.78
server_6,2026-05-31 15:00:00+00:00,8.16,19.9
server_6,2026-05-31 16:00:00+00:00,11.81,26.2
server_6,2026-05-31 17:00:00+00:00,9.39,28.84
server_6,2026-05-31 18:00:00+00:00,1.0,31.73
server_6,2026-05-31 19:00:00+00:00,2.49,22.92
server_6,2026-05-31 20:00:00+00:00,6.89,29.98
server_6,2026-05-31 21:00:00+00:00,5.67,26.18
server_6,2026-05-31 22:00:00+00:00,4.71,37.28
server_6,2026-05-31 23:00:00+00:00,8.7,28.82
server_6,2026-06-01 00:00:00+00:00,5.79,28.65
server_6,2026-06-01 01:00:00+00:00,6.86,27.94
server_6,2026-06-01 02:00:00+00:00,6.38,25.78
server_6,2026-06-01 03:00:00+00:00,9.28,32.25
server_6,2026-06-01 04:00:00+00:00,3.7,21.86
server_6,2026-06-01 05:00:00+00:00,6.76,19.56
server_6,2026-06-01 06:00:00+00:00,3.69,25.89
server_6,2026-06-01 07:00:00+00:00,7.22,30.99
server_6,2026-06-01 08:00:00+00:00,9.81,26.31
server_6,2026-06-01 09:00:00+00:00,9.85,29.39
server_6,2026-06-01 10:00:00+00:00,9.6,23.68
server_6,2026-06-01 11:00:00+00:00,15.76,34.97
server_6,2026-06-01 12:00:00+00:00,16.2,33.48
server_6,2026-06-01 13:00:00+00:00,21.25,32.72
server_6,2026-06-01 14:00:00+00:00,17.52,32.01
server_6,2026-06-01 15:00:00+00:00,9.23,22.86
server_6,2026-06-01 16:00:00+00:00,16.66,25.64
server_6,2026-06-01 17:00:00+00:00,10.27,28.31
server_6,2026-06-01 18:00:00+00:00,7.31,29.82
server_6,2026-06-01 19:00:00+00:00,8.84,30.55
server_6,2026-06-01 20:00:00+00:00,4.44,25.3
server_6,2026-06-01 21:00:00+00:00,8.19,31.05
server_6,2026-06-01 22:00:00+00:00,9.34,34.15
server_6,2026-06-01 23:00:00+00:00,8.91,27.96
server_6,2026-06-02 00:00:00+00:00,6.5,28.71
server_6,2026-06-02 01:00:00+00:00,10.48,28.04
server_6,2026-06-02 02:00:00+00:00,5.51,26.62
server_6,2026-06-02 03:00:00+00:00,6.44,28.13
server_6,2026-06-02 04:00:00+00:00,7.66,34.69
server_6,2026-06-02 05:00:00+00:00,8.74,31.92
server_6,2026-06-02 06:00:00+00:00,7.19,31.02
server_6,2026-06-02 07:00:00+00:00,11.07,27.26
server_6,2026-06-02 08:00:00+00:00,8.74,24.67
server_6,2026-06-02 09:00:00+00:00,8.19,29.62
server_6,2026-06-02 10:00:00+00:00,12.07,34.4
server_6,2026-06-02 11:00:00+00:00,16.26,37.78
server_6,2026-06-02 12:00:00+00:00,17.26,21.43
server_6,2026-06-02 13:00:00+00:00,13.32,39.65
server_6,2026-06-02 14:00:00+00:00,20.57,34.07
server_6,2026-06-02 15:00:00+00:00,16.96,34.77
server_6,2026-06-02 16:00:00+00:00,16.14,23.89
server_6,2026-06-02 17:00:00+00:00,10.41,27.89
server_6,2026-06-02 18:00:00+00:00,3.43,29.69
server_6,2026-06-02 19:00:00+00:00,2.3,21.31
server_6,2026-06-02 20:00:00+00:00,5.64,15.62
server_6,2026-06-02 21:00:00+00:00,9.29,29.79
server_6,2026-06-02 22:00:00+00:00,11.24,28.94
server_6,2026-06-02 23:00:00+00:00,8.75,34.03
server_6,2026-06-03 00:00:00+00:00,5.37,26.44
server_6,2026-06-03 01:00:00+00:00,6.04,26.97
server_6,2026-06-03 02:00:00+00:00,11.4,31.98
server_6,2026-06-03 03:00:00+00:00,4.72,30.99
server_6,2026-06-03 04:00:00+00:00,13.25,27.0
server_6,2026-06-03 05:00:00+00:00,12.69,33.42
server_6,2026-06-03 06:00:00+00:00,13.34,27.78
server_6,2026-06-03 07:00:00+00:00,8.95,28.4
server_6,2026-06-03 08:00:00+00:00,7.15,30.38
server_6,2026-06-03 09:00:00+00:00,8.89,31.69
server_6,2026-06-03 10:00:00+00:00,13.69,31.27
server_6,2026-06-03 11:00:00+00:00,12.8,25.36
server_6,2026-06-03 12:00:00+00:00,13.91,22.59
server_6,2026-06-03 13:00:00+00:00,17.14,30.45
server_6,2026-06-03 14:00:00+00:00,15.92,34.66
server_6,2026-06-03 15:00:00+00:00,19.76,33.92
server_6,2026-06-03 16:00:00+00:00,12.89,30.68
server_6,2026-06-03 17:00:00+00:00,11.66,29.25
server_6,2026-06-03 18:00:00+00:00,10.46,30.1
server_6,2026-06-03 19:00:00+00:00,11.2,25.14
server_6,2026-06-03 20:00:00+00:00,8.52,31.3
server_6,2026-06-03 21:00:00+00:00,8.96,31.72
server_6,2026-06-03 22:00:00+00:00,5.46,25.69
server_6,2026-06-03 23:00:00+00:00,10.56,30.64
server_6,2026-06-04 00:00:00+00:00,11.16,22.24
server_6,2026-06-04 01:00:00+00:00,3.32,27.08
server_6,2026-06-04 02:00:00+00:00,12.41,29.01
server_6,2026-06-04 03:00:00+00:00,6.25,32.42
server_6,2026-06-04 04:00:00+00:00,9.49,27.73
server_6,2026-06-04 05:00:00+00:00,8.19,31.54
server_6,2026-06-04 06:00:00+00:00,7.85,26.38
server_6,2026-06-04 07:00:00+00:00,7.48,18.67
server_6,2026-06-04 08:00:00+00:00,5.52,26.23
server_6,2026-06-04 09:00:00+00:00,9.31,29.25
server_6,2026-06-04 10:00:00+00:00,10.71,29.55
server_6,2026-06-04 11:00:00+00:00,11.15,29.77
server_6,2026-06-04 12:00:00+00:00,14.07,28.1
server_6,2026-06-04 13:00:00+00:00,14.62,29.02
server_6,2026-06-04 14:00:00+00:00,16.54,26.48
server_6,2026-06-04 15:00:00+00:00,17.87,23.47
server_6,2026-06-04 16:00:00+00:00,12.65,29.2
server_6,2026-06-04 17:00:00+00:00,13.86,27.07
server_6,2026-06-04 18:00:00+00:00,7.7,32.22
server_6,2026-06-04 19:00:00+00:00,7.28,19.02
server_6,2026-06-04 20:00:00+00:00,8.04,29.18
server_6,2026-06-04 21:00:00+00:00,11.49,37.71
server_6,2026-06-04 22:00:00+00:00,4.57,26.07
server_6,2026-06-04 23:00:00+00:00,12.14,29.44
server_6,2026-06-05 00:00:00+00:00,10.4,30.55
server_6,2026-06-05 01:00:00+00:00,7.95,30.0
server_6,2026-06-05 02:00:00+00:00,10.96,27.4
server_6,2026-06-05 03:00:00+00:00,7.19,23.68
server_6,2026-06-05 04:00:00+00:00,8.71,30.86
server_6,2026-06-05 05:00:00+00:00,6.65,19.89
server_6,2026-06-05 06:00:00+00:00,10.42,32.17
server_6,2026-06-05 07:00:00+00:00,6.23,25.81
server_6,2026-06-05 08:00:00+00:00,7.87,27.97
server_6,2026-06-05 09:00:00+00:00,9.7,26.49
server_6,2026-06-05 10:00:00+00:00,14.04,35.84
server_6,2026-06-05 11:00:00+00:00,12.37,30.53
server_6,2026-06-05 12:00:00+00:00,18.54,30.4
server_6,2026-06-05 13:00:00+00:00,15.39,29.19
server_6,2026-06-05 14:00:00+00:00,12.47,28.97
server_6,2026-06-05 15:00:00+00:00,14.79,39.96
server_6,2026-06-05 16:00:00+00:00,16.51,25.71
server_6,2026-06-05 17:00:00+00:00,11.39,33.52
server_6,2026-06-05 18:00:00+00:00,6.66,29.8
server_6,2026-06-05 19:00:00+00:00,8.14,34.21
server_6,2026-06-05 20:00:00+00:00,8.06,30.54
server_6,2026-06-05 21:00:00+00:00,9.55,28.56
server_6,2026-06-05 22:00:00+00:00,3.97,30.67
server_6,2026-06-05 23:00:00+00:00,7.74,28.83
server_6,2026-06-06 00:00:00+00:00,6.31,30.43
server_6,2026-06-06 01:00:00+00:00,2.59,31.82
server_6,2026-06-06 02:00:00+00:00,2.55,26.46
server_6,2026-06-06 03:00:00+00:00,5.09,25.28
server_6,2026-06-06 04:00:00+00:00,6.02,24.73
server_6,2026-06-06 05:00:00+00:00,6.03,29.11
server_6,2026-06-06 06:00:00+00:00,4.61,23.3
server_6,2026-06-06 07:00:00+00:00,4.51,25.38
server_6,2026-06-06 08:00:00+00:00,5.01,23.08
server_6,2026-06-06 09:00:00+00:00,6.75,29.59
server_6,2026-06-06 10:00:00+00:00,10.99,26.04
server_6,2026-06-06 11:00:00+00:00,3.98,21.45
server_6,2026-06-06 12:00:00+00:00,12.32,25.07
server_6,2026-06-06 13:00:00+00:00,11.14,26.81
server_6,2026-06-06 14:00:00+00:00,12.73,27.73
server_6,2026-06-06 15:00:00+00:00,13.73,31.01
server_6,2026-06-06 16:00:00+00:00,7.65,27.23
server_6,2026-06-06 17:00:00+00:00,10.24,30.27
server_6,2026-06-06 18:00:00+00:00,2.86,28.01
server_6,2026-06-06 19:00:00+00:00,6.32,30.37
server_6,2026-06-06 20:00:00+00:00,5.39,19.46
server_6,2026-06-06 21:00:00+00:00,6.12,22.83
server_6,2026-06-06 22:00:00+00:00,3.53,28.65
server_6,2026-06-06 23:00:00+00:00,7.09,28.53
server_6,2026-06-07 00:00:00+00:00,9.97,32.6
server_6,2026-06-07 01:00:00+00:00,3.57,20.27
server_6,2026-06-07 02:00:00+00:00,6.47,25.57
server_6,2026-06-07 03:00:00+00:00,8.14,26.86
server_6,2026-06-07 04:00:00+00:00,5.26,27.71
server_6,2026-06-07 05:00:00+00:00,9.4,28.63
server_6,2026-06-07 06:00:00+00:00,4.93,28.8
server_6,2026-06-07 07:00:00+00:00,5.71,26.74
server_6,2026-06-07 08:00:00+00:00,3.52,31.92
server_6,2026-06-07 09:00:00+00:00,6.32,34.18
server_6,2026-06-07 10:00:00+00:00,7.89,23.49
server_6,2026-06-07 11:00:00+00:00,11.13,29.27
server_6,2026-06-07 12:00:00+00:00,9.17,31.6
server_6,2026-06-07 13:00:00+00:00,9.71,30.94
server_6,2026-06-07 14:00:00+00:00,12.57,27.97
server_6,2026-06-07 15:00:00+00:00,14.26,31.21
server_6,2026-06-07 16:00:00+00:00,11.11,22.75
server_6,2026-06-07 17:00:00+00:00,12.5,29.5
server_6,2026-06-07 18:00:00+00:00,7.39,21.94
server_6,2026-06-07 19:00:00+00:00,7.3,29.79
server_6,2026-06-07 20:00:00+00:00,7.7,23.43
server_6,2026-06-07 21:00:00+00:00,9.72,29.25
server_6,2026-06-07 22:00:00+00:00,9.09,29.66
server_6,2026-06-07 23:00:00+00:00,3.29,26.65
server_6,2026-06-08 00:00:00+00:00,10.0,26.17
server_6,2026-06-08 01:00:00+00:00,8.66,27.39
server_6,2026-06-08 02:00:00+00:00,7.51,32.55
server_6,2026-06-08 03:00:00+00:00,3.57,24.75
server_6,2026-06-08 04:00:00+00:00,4.15,26.74
server_6,2026-06-08 05:00:00+00:00,7.09,25.45
server_6,2026-06-08 06:00:00+00:00,4.34,30.8
server_6,2026-06-08 07:00:00+00:00,7.14,28.01
server_6,2026-06-08 08:00:00+00:00,9.79,25.57
server_6,2026-06-08 09:00:00+00:00,6.55,27.52
server_6,2026-06-08 10:00:00+00:00,11.63,28.31
server_6,2026-06-08 11:00:00+00:00,11.75,34.88
server_6,2026-06-08 12:00:00+00:00,17.41,31.11
server_6,2026-06-08 13:00:00+00:00,19.12,26.36
server_6,2026-06-08 14:00:00+00:00,14.29,32.2
server_6,2026-06-08 15:00:00+00:00,14.78,37.52
server_6,2026-06-08 16:00:00+00:00,11.26,33.93
server_6,2026-06-08 17:00:00+00:00,12.69,25.23
server_6,2026-06-08 18:00:00+00:00,8.41,27.07
server_6,2026-06-08 19:00:00+00:00,7.88,27.83
server_6,2026-06-08 20:00:00+00:00,7.68,27.81
server_6,2026-06-08 21:00:00+00:00,8.81,29.81
server_6,2026-06-08 22:00:00+00:00,8.86,26.92
server_6,2026-06-08 23:00:00+00:00,6.76,23.9
server_6,2026-06-09 00:00:00+00:00,6.41,31.25
server_6,2026-06-09 01:00:00+00:00,7.85,23.45
server_6,2026-06-09 02:00:00+00:00,7.53,24.63
server_6,2026-06-09 03:00:00+00:00,13.15,25.28
server_6,2026-06-09 04:00:00+00:00,7.04,30.11
server_6,2026-06-09 05:00:00+00:00,8.72,28.68
server_6,2026-06-09 06:00:00+00:00,9.16,31.94
server_6,2026-06-09 07:00:00+00:00,11.5,26.08
server_6,2026-06-09 08:00:00+00:00,5.97,22.28
server_6,2026-06-09 09:00:00+00:00,11.35,27.4
server_6,2026-06-09 10:00:00+00:00,11.05,28.34
server_6,2026-06-09 11:00:00+00:00,20.68,33.27
server_6,2026-06-09 12:00:00+00:00,17.57,24.62
server_6,2026-06-09 13:00:00+00:00,14.78,32.29
server_6,2026-06-09 14:00:00+00:00,17.36,27.7
server_6,2026-06-09 15:00:00+00:00,20.0,29.61
server_6,2026-06-09 16:00:00+00:00,14.63,35.02
server_6,2026-06-09 17:00:00+00:00,11.27,20.41
server_6,2026-06-09 18:00:00+00:00,9.8,29.92
server_6,2026-06-09 19:00:00+00:00,7.14,28.97
server_6,2026-06-09 20:00:00+00:00,7.47,24.54
server_6,2026-06-09 21:00:00+00:00,5.64,25.39
server_6,2026-06-09 22:00:00+00:00,12.32,34.4
server_6,2026-06-09 23:00:00+00:00,4.94,34.78
server_6,2026-06-10 00:00:00+00:00,8.42,32.41
server_6,2026-06-10 01:00:00+00:00,9.2,35.96
server_6,2026-06-10 02:00:00+00:00,7.97,25.22
server_6,2026-06-10 03:00:00+00:00,4.87,20.58
server_6,2026-06-10 04:00:00+00:00,5.5,26.92
server_6,2026-06-10 05:00:00+00:00,9.31,31.68
server_6,2026-06-10 06:00:00+00:00,6.05,19.9
server_6,2026-06-10 07:00:00+00:00,2.82,22.48
server_6,2026-06-10 08:00:00+00:00,8.97,25.08
server_6,2026-06-10 09:00:00+00:00,5.82,28.66
server_6,2026-06-10 10:00:00+00:00,13.0,30.66
server_6,2026-06-10 11:00:00+00:00,13.92,26.97
server_6,2026-06-10 12:00:00+00:00,16.04,31.53
server_6,2026-06-10 13:00:00+00:00,17.98,26.91
server_6,2026-06-10 14:00:00+00:00,15.0,28.74
server_6,2026-06-10 15:00:00+00:00,14.6,25.25
server_6,2026-06-10 16:00:00+00:00,13.78,29.42
server_6,2026-06-10 17:00:00+00:00,8.56,24.99
server_6,2026-06-10 18:00:00+00:00,9.78,31.39
server_6,2026-06-10 19:00:00+00:00,7.23,27.63
server_6,2026-06-10 20:00:00+00:00,4.38,25.82
server_6,2026-06-10 21:00:00+00:00,6.6,34.58
server_6,2026-06-10 22:00:00+00:00,8.25,29.62
server_6,2026-06-10 23:00:00+00:00,6.88,26.14
server_6,2026-06-11 00:00:00+00:00,9.0,26.01
server_6,2026-06-11 01:00:00+00:00,9.44,23.78
server_6,2026-06-11 02:00:00+00:00,14.0,29.84
server_6,2026-06-11 03:00:00+00:00,10.88,30.24
server_6,2026-06-11 04:00:00+00:00,3.91,18.91
server_6,2026-06-11 05:00:00+00:00,7.1,22.23
server_6,2026-06-11 06:00:00+00:00,7.33,25.7
server_6,2026-06-11 07:00:00+00:00,9.44,24.11
server_6,2026-06-11 08:00:00+00:00,5.67,27.36
server_6,2026-06-11 09:00:00+00:00,6.67,28.26
server_6,2026-06-11 10:00:00+00:00,8.31,27.62
server_6,2026-06-11 11:00:00+00:00,12.92,31.92
server_6,2026-06-11 12:00:00+00:00,15.25,28.2
server_6,2026-06-11 13:00:00+00:00,17.07,30.99
server_6,2026-06-11 14:00:00+00:00,14.88,26.4
server_6,2026-06-11 15:00:00+00:00,19.12,33.03
server_6,2026-06-11 16:00:00+00:00,15.61,30.97
server_6,2026-06-11 17:00:00+00:00,7.8,23.14
server_6,2026-06-11 18:00:00+00:00,8.06,27.4
server_6,2026-06-11 19:00:00+00:00,4.09,26.48
server_6,2026-06-11 20:00:00+00:00,11.36,30.3
server_6,2026-06-11 21:00:00+00:00,12.04,30.68
server_6,2026-06-11 22:00:00+00:00,7.86,25.07
server_6,2026-06-11 23:00:00+00:00,5.87,30.31
server_6,2026-06-12 00:00:00+00:00,6.34,29.51
server_6,2026-06-12 01:00:00+00:00,6.87,24.7
server_6,2026-06-12 02:00:00+00:00,7.73,23.34
server_6,2026-06-12 03:00:00+00:00,11.43,26.61
server_6,2026-06-12 04:00:00+00:00,10.39,22.95
server_6,2026-06-12 05:00:00+00:00,10.43,29.68
server_6,2026-06-12 06:00:00+00:00,8.43,32.88
server_6,2026-06-12 07:00:00+00:00,5.12,32.68
server_6,2026-06-12 08:00:00+00:00,6.07,22.97
server_6,2026-06-12 09:00:00+00:00,8.15,31.2
server_6,2026-06-12 10:00:00+00:00,8.42,28.48
server_6,2026-06-12 11:00:00+00:00,15.19,20.93
server_6,2026-06-12 12:00:00+00:00,18.67,30.41
server_6,2026-06-12 13:00:00+00:00,19.21,30.15
server_6,2026-06-12 14:00:00+00:00,19.11,36.73
server_6,2026-06-12 15:00:00+00:00,11.99,25.91
server_6,2026-06-12 16:00:00+00:00,17.76,33.67
server_6,2026-06-12 17:00:00+00:00,7.5,27.4
server_6,2026-06-12 18:00:00+00:00,7.62,22.08
server_6,2026-06-12 19:00:00+00:00,9.55,26.33
server_6,2026-06-12 20:00:00+00:00,8.9,34.44
server_6,2026-06-12 21:00:00+00:00,4.81,26.19
server_6,2026-06-12 22:00:00+00:00,5.25,30.66
server_6,2026-06-12 23:00:00+00:00,8.72,31.66
server_6,2026-06-13 00:00:00+00:00,7.28,25.95
server_6,2026-06-13 01:00:00+00:00,3.23,21.2
server_6,2026-06-13 02:00:00+00:00,6.98,23.04
server_6,2026-06-13 03:00:00+00:00,2.21,31.78
server_6,2026-06-13 04:00:00+00:00,7.56,28.45
server_6,2026-06-13 05:00:00+00:00,3.79,19.59
server_6,2026-06-13 06:00:00+00:00,6.2,30.71
server_6,2026-06-13 07:00:00+00:00,5.78,20.08
server_6,2026-06-13 08:00:00+00:00,8.9,25.01
server_6,2026-06-13 09:00:00+00:00,6.61,27.84
server_6,2026-06-13 10:00:00+00:00,6.38,37.52
server_6,2026-06-13 11:00:00+00:00,10.43,32.12
server_6,2026-06-13 12:00:00+00:00,16.12,28.91
server_6,2026-06-13 13:00:00+00:00,13.27,29.96
server_6,2026-06-13 14:00:00+00:00,11.27,32.82
server_6,2026-06-13 15:00:00+00:00,8.68,33.93
server_6,2026-06-13 16:00:00+00:00,7.99,27.01
server_6,2026-06-13 17:00:00+00:00,9.58,27.68
server_6,2026-06-13 18:00:00+00:00,3.79,23.2
server_6,2026-06-13 19:00:00+00:00,6.01,29.96
server_6,2026-06-13 20:00:00+00:00,9.59,32.66
server_6,2026-06-13 21:00:00+00:00,6.38,19.68
server_6,2026-06-13 22:00:00+00:00,3.3,24.77
server_6,2026-06-13 23:00:00+00:00,11.44,24.35
server_6,2026-06-14 00:00:00+00:00,10.41,29.45
server_6,2026-06-14 01:00:00+00:00,7.25,22.79
server_6,2026-06-14 02:00:00+00:00,9.19,23.14
server_6,2026-06-14 03:00:00+00:00,5.33,31.56
server_6,2026-06-14 04:00:00+00:00,7.81,27.27
server_6,2026-06-14 05:00:00+00:00,4.94,26.69
server_6,2026-06-14 06:00:00+00:00,2.61,27.84
server_6,2026-06-14 07:00:00+00:00,12.48,33.45
server_6,2026-06-14 08:00:00+00:00,2.48,24.39
server_6,2026-06-14 09:00:00+00:00,6.74,25.98
server_6,2026-06-14 10:00:00+00:00,8.6,26.64
server_6,2026-06-14 11:00:00+00:00,10.83,33.31
server_6,2026-06-14 12:00:00+00:00,10.54,28.62
server_6,2026-06-14 13:00:00+00:00,11.22,27.96
server_6,2026-06-14 14:00:00+00:00,11.76,30.88
server_6,2026-06-14 15:00:00+00:00,11.96,36.71
server_6,2026-06-14 16:00:00+00:00,9.53,28.83
server_6,2026-06-14 17:00:00+00:00,7.71,26.82
server_6,2026-06-14 18:00:00+00:00,2.7,33.92
server_6,2026-06-14 19:00:00+00:00,11.03,34.38
server_6,2026-06-14 20:00:00+00:00,7.34,32.51
server_6,2026-06-14 21:00:00+00:00,6.52,25.48
server_6,2026-06-14 22:00:00+00:00,4.44,24.35
server_6,2026-06-14 23:00:00+00:00,3.49,19.09
server_6,2026-06-15 00:00:00+00:00,10.15,32.61
server_6,2026-06-15 01:00:00+00:00,7.6,28.17
server_6,2026-06-15 02:00:00+00:00,9.55,21.34
server_6,2026-06-15 03:00:00+00:00,4.62,31.62
server_6,2026-06-15 04:00:00+00:00,11.87,28.0
server_6,2026-06-15 05:00:00+00:00,10.25,27.93
server_6,2026-06-15 06:00:00+00:00,7.8,21.88
server_6,2026-06-15 07:00:00+00:00,9.17,30.38
server_6,2026-06-15 08:00:00+00:00,9.85,30.66
server_6,2026-06-15 09:00:00+00:00,4.66,26.64
server_6,2026-06-15 10:00:00+00:00,15.61,28.99
server_6,2026-06-15 11:00:00+00:00,15.64,41.18
server_6,2026-06-15 12:00:00+00:00,14.9,25.6
server_6,2026-06-15 13:00:00+00:00,15.11,27.6
server_6,2026-06-15 14:00:00+00:00,20.32,35.14
server_6,2026-06-15 15:00:00+00:00,17.19,27.16
server_6,2026-06-15 16:00:00+00:00,15.63,26.32
server_6,2026-06-15 17:00:00+00:00,11.49,33.75
server_6,2026-06-15 18:00:00+00:00,5.49,29.54
server_6,2026-06-15 19:00:00+00:00,9.27,30.38
server_6,2026-06-15 20:00:00+00:00,7.51,28.55
server_6,2026-06-15 21:00:00+00:00,7.95,25.21
server_6,2026-06-15 22:00:00+00:00,13.94,29.07
server_6,2026-06-15 23:00:00+00:00,10.17,28.44
server_6,2026-06-16 00:00:00+00:00,10.32,32.2
server_6,2026-06-16 01:00:00+00:00,14.8,32.08
server_6,2026-06-16 02:00:00+00:00,8.96,24.63
server_6,2026-06-16 03:00:00+00:00,8.3,31.26
server_6,2026-06-16 04:00:00+00:00,6.3,20.69
server_6,2026-06-16 05:00:00+00:00,6.87,26.32
server_6,2026-06-16 06:00:00+00:00,2.88,21.64
server_6,2026-06-16 07:00:00+00:00,9.98,25.26
server_6,2026-06-16 08:00:00+00:00,4.83,34.6
server_6,2026-06-16 09:00:00+00:00,10.26,22.91
server_6,2026-06-16 10:00:00+00:00,11.31,25.88
server_6,2026-06-16 11:00:00+00:00,14.75,32.4
server_6,2026-06-16 12:00:00+00:00,16.55,29.11
server_6,2026-06-16 13:00:00+00:00,21.31,33.28
server_6,2026-06-16 14:00:00+00:00,20.87,38.22
server_6,2026-06-16 15:00:00+00:00,16.59,33.62
server_6,2026-06-16 16:00:00+00:00,12.18,27.59
server_6,2026-06-16 17:00:00+00:00,13.73,29.47
server_6,2026-06-16 18:00:00+00:00,5.56,29.27
server_6,2026-06-16 19:00:00+00:00,4.11,29.18
server_6,2026-06-16 20:00:00+00:00,9.25,28.52
server_6,2026-06-16 21:00:00+00:00,11.05,30.51
server_6,2026-06-16 22:00:00+00:00,6.99,29.09
server_6,2026-06-16 23:00:00+00:00,9.01,27.99
server_6,2026-06-17 00:00:00+00:00,6.96,25.22
server_6,2026-06-17 01:00:00+00:00,9.8,31.6
server_6,2026-06-17 02:00:00+00:00,10.74,30.13
server_6,2026-06-17 03:00:00+00:00,7.34,19.45
server_6,2026-06-17 04:00:00+00:00,5.43,23.8
server_6,2026-06-17 05:00:00+00:00,4.36,24.8
server_6,2026-06-17 06:00:00+00:00,10.31,28.01
server_6,2026-06-17 07:00:00+00:00,5.16,31.82
server_6,2026-06-17 08:00:00+00:00,8.93,41.13
server_6,2026-06-17 09:00:00+00:00,9.94,18.84
server_6,2026-06-17 10:00:00+00:00,10.17,29.98
server_6,2026-06-17 11:00:00+00:00,14.01,30.38
server_6,2026-06-17 12:00:00+00:00,19.16,31.18
server_6,2026-06-17 13:00:00+00:00,15.83,32.91
server_6,2026-06-17 14:00:00+00:00,15.57,31.25
server_6,2026-06-17 15:00:00+00:00,16.07,29.38
server_6,2026-06-17 16:00:00+00:00,17.62,31.48
server_6,2026-06-17 17:00:00+00:00,15.45,32.83
server_6,2026-06-17 18:00:00+00:00,7.75,29.76
server_6,2026-06-17 19:00:00+00:00,6.22,28.13
server_6,2026-06-17 20:00:00+00:00,10.66,26.6
server_6,2026-06-17 21:00:00+00:00,3.83,37.82
server_6,2026-06-17 22:00:00+00:00,8.62,29.65
server_6,2026-06-17 23:00:00+00:00,7.89,31.01
server_6,2026-06-18 00:00:00+00:00,11.23,27.1
server_6,2026-06-18 01:00:00+00:00,11.49,29.98
server_6,2026-06-18 02:00:00+00:00,5.64,27.9
server_6,2026-06-18 03:00:00+00:00,8.42,20.5
server_6,2026-06-18 04:00:00+00:00,6.57,24.63
server_6,2026-06-18 05:00:00+00:00,7.27,24.8
server_6,2026-06-18 06:00:00+00:00,9.54,26.14
server_6,2026-06-18 07:00:00+00:00,7.16,23.43
server_6,2026-06-18 08:00:00+00:00,8.48,28.35
server_6,2026-06-18 09:00:00+00:00,10.39,34.43
server_6,2026-06-18 10:00:00+00:00,15.21,31.04
server_6,2026-06-18 11:00:00+00:00,15.15,25.78
server_6,2026-06-18 12:00:00+00:00,16.95,27.01
server_6,2026-06-18 13:00:00+00:00,15.08,28.97
server_6,2026-06-18 14:00:00+00:00,21.81,27.17
server_6,2026-06-18 15:00:00+00:00,17.9,32.68
server_6,2026-06-18 16:00:00+00:00,14.77,35.78
server_6,2026-06-18 17:00:00+00:00,11.63,26.97
server_6,2026-06-18 18:00:00+00:00,8.9,28.62
server_6,2026-06-18 19:00:00+00:00,9.93,26.96
server_6,2026-06-18 20:00:00+00:00,10.24,26.27
server_6,2026-06-18 21:00:00+00:00,12.03,30.17
server_6,2026-06-18 22:00:00+00:00,8.61,25.56
server_6,2026-06-18 23:00:00+00:00,12.39,26.3
server_6,2026-06-19 00:00:00+00:00,10.64,22.45
server_6,2026-06-19 01:00:00+00:00,7.85,28.21
server_6,2026-06-19 02:00:00+00:00,3.83,30.81
server_6,2026-06-19 03:00:00+00:00,8.21,30.9
server_6,2026-06-19 04:00:00+00:00,11.9,35.33
server_6,2026-06-19 05:00:00+00:00,6.06,24.62
server_6,2026-06-19 06:00:00+00:00,8.21,31.48
server_6,2026-06-19 07:00:00+00:00,8.41,23.73
server_6,2026-06-19 08:00:00+00:00,10.36,31.66
server_6,2026-06-19 09:00:00+00:00,7.03,34.24
server_6,2026-06-19 10:00:00+00:00,9.25,30.43
server_6,2026-06-19 11:00:00+00:00,15.85,37.4
server_6,2026-06-19 12:00:00+00:00,14.8,27.99
server_6,2026-06-19 13:00:00+00:00,13.26,29.3
server_6,2026-06-19 14:00:00+00:00,22.45,29.39
server_6,2026-06-19 15:00:00+00:00,18.98,31.98
server_6,2026-06-19 16:00:00+00:00,19.14,32.98
server_6,2026-06-19 17:00:00+00:00,13.61,30.07
server_6,2026-06-19 18:00:00+00:00,9.7,26.7
server_6,2026-06-19 19:00:00+00:00,8.92,26.36
server_6,2026-06-19 20:00:00+00:00,7.53,29.22
server_6,2026-06-19 21:00:00+00:00,9.28,27.81
server_6,2026-06-19 22:00:00+00:00,6.62,22.91
server_6,2026-06-19 23:00:00+00:00,5.33,19.48
server_6,2026-06-20 00:00:00+00:00,5.17,24.63
server_6,2026-06-20 01:00:00+00:00,9.23,22.9
server_6,2026-06-20 02:00:00+00:00,2.92,22.88
server_6,2026-06-20 03:00:00+00:00,2.96,24.54
server_6,2026-06-20 04:00:00+00:00,7.48,27.23
server_6,2026-06-20 05:00:00+00:00,4.96,24.27
server_6,2026-06-20 06:00:00+00:00,7.21,36.49
server_6,2026-06-20 07:00:00+00:00,8.47,23.12
server_6,2026-06-20 08:00:00+00:00,7.15,32.54
server_6,2026-06-20 09:00:00+00:00,4.42,26.1
server_6,2026-06-20 10:00:00+00:00,11.09,26.45
server_6,2026-06-20 11:00:00+00:00,11.39,31.54
server_6,2026-06-20 12:00:00+00:00,10.83,27.18
server_6,2026-06-20 13:00:00+00:00,11.36,25.95
server_6,2026-06-20 14:00:00+00:00,12.35,36.68
server_6,2026-06-20 15:00:00+00:00,9.98,19.92
server_6,2026-06-20 16:00:00+00:00,5.46,26.13
server_6,2026-06-20 17:00:00+00:00,9.76,29.38
server_6,2026-06-20 18:00:00+00:00,7.73,33.54
server_6,2026-06-20 19:00:00+00:00,1.0,23.96
server_6,2026-06-20 20:00:00+00:00,7.28,38.39
server_6,2026-06-20 21:00:00+00:00,10.39,31.87
server_6,2026-06-20 22:00:00+00:00,3.18,16.84
server_6,2026-06-20 23:00:00+00:00,5.82,21.42
server_6,2026-06-21 00:00:00+00:00,5.55,28.09
server_6,2026-06-21 01:00:00+00:00,10.15,24.18
server_6,2026-06-21 02:00:00+00:00,8.8,30.47
server_6,2026-06-21 03:00:00+00:00,3.8,24.72
server_6,2026-06-21 04:00:00+00:00,6.86,22.82
server_6,2026-06-21 05:00:00+00:00,11.76,25.46
server_6,2026-06-21 06:00:00+00:00,4.44,30.16
server_6,2026-06-21 07:00:00+00:00,5.97,19.2
server_6,2026-06-21 08:00:00+00:00,7.28,31.93
server_6,2026-06-21 09:00:00+00:00,4.47,31.06
server_6,2026-06-21 10:00:00+00:00,12.29,28.18
server_6,2026-06-21 11:00:00+00:00,8.35,22.51
server_6,2026-06-21 12:00:00+00:00,7.29,29.98
server_6,2026-06-21 13:00:00+00:00,10.1,26.79
server_6,2026-06-21 14:00:00+00:00,13.05,23.71
server_6,2026-06-21 15:00:00+00:00,8.77,35.91
server_6,2026-06-21 16:00:00+00:00,10.29,25.26
server_6,2026-06-21 17:00:00+00:00,9.29,22.56
server_6,2026-06-21 18:00:00+00:00,2.98,27.38
server_6,2026-06-21 19:00:00+00:00,4.59,26.54
server_6,2026-06-21 20:00:00+00:00,6.87,33.55
server_6,2026-06-21 21:00:00+00:00,7.76,26.39
server_6,2026-06-21 22:00:00+00:00,4.65,25.35
server_6,2026-06-21 23:00:00+00:00,6.38,28.77
server_6,2026-06-22 00:00:00+00:00,7.29,28.55
server_6,2026-06-22 01:00:00+00:00,9.82,29.56
server_6,2026-06-22 02:00:00+00:00,9.3,29.54
server_6,2026-06-22 03:00:00+00:00,7.07,28.33
server_6,2026-06-22 04:00:00+00:00,9.2,26.75
server_6,2026-06-22 05:00:00+00:00,6.97,30.97
server_6,2026-06-22 06:00:00+00:00,9.14,26.96
server_6,2026-06-22 07:00:00+00:00,9.18,31.63
server_6,2026-06-22 08:00:00+00:00,13.93,35.63
server_6,2026-06-22 09:00:00+00:00,7.16,25.0
server_6,2026-06-22 10:00:00+00:00,11.07,38.69
server_6,2026-06-22 11:00:00+00:00,12.81,26.83
server_6,2026-06-22 12:00:00+00:00,14.08,27.31
server_6,2026-06-22 13:00:00+00:00,16.71,33.21
server_6,2026-06-22 14:00:00+00:00,19.51,33.8
server_6,2026-06-22 15:00:00+00:00,18.5,31.96
server_6,2026-06-22 16:00:00+00:00,15.17,33.78
server_6,2026-06-22 17:00:00+00:00,10.68,29.95
server_6,2026-06-22 18:00:00+00:00,6.77,35.83
server_6,2026-06-22 19:00:00+00:00,5.71,26.98
server_6,2026-06-22 20:00:00+00:00,6.61,24.09
server_6,2026-06-22 21:00:00+00:00,4.76,24.66
server_6,2026-06-22 22:00:00+00:00,11.39,31.07
server_6,2026-06-22 23:00:00+00:00,12.59,31.55
server_6,2026-06-23 00:00:00+00:00,3.16,27.13
server_6,2026-06-23 01:00:00+00:00,8.72,24.86
server_6,2026-06-23 02:00:00+00:00,8.68,32.67
server_6,2026-06-23 03:00:00+00:00,8.52,35.93
server_6,2026-06-23 04:00:00+00:00,6.52,27.6
server_6,2026-06-23 05:00:00+00:00,10.56,36.14
server_6,2026-06-23 06:00:00+00:00,9.03,31.82
server_6,2026-06-23 07:00:00+00:00,10.59,37.78
server_6,2026-06-23 08:00:00+00:00,6.16,29.25
server_6,2026-06-23 09:00:00+00:00,4.54,27.34
server_6,2026-06-23 10:00:00+00:00,12.51,32.95
server_6,2026-06-23 11:00:00+00:00,12.02,27.67
server_6,2026-06-23 12:00:00+00:00,19.3,33.58
server_6,2026-06-23 13:00:00+00:00,12.53,34.91
server_6,2026-06-23 14:00:00+00:00,16.68,34.31
server_6,2026-06-23 15:00:00+00:00,15.12,30.37
server_6,2026-06-23 16:00:00+00:00,13.6,30.76
server_6,2026-06-23 17:00:00+00:00,12.07,32.46
server_6,2026-06-23 18:00:00+00:00,8.99,31.24
server_6,2026-06-23 19:00:00+00:00,9.6,31.56
server_6,2026-06-23 20:00:00+00:00,9.89,30.02
server_6,2026-06-23 21:00:00+00:00,7.57,24.55
server_6,2026-06-23 22:00:00+00:00,13.27,27.18
server_6,2026-06-23 23:00:00+00:00,11.47,31.06
server_6,2026-06-24 00:00:00+00:00,7.22,31.05
server_6,2026-06-24 01:00:00+00:00,7.66,30.69
server_6,2026-06-24 02:00:00+00:00,7.17,25.01
server_6,2026-06-24 03:00:00+00:00,8.91,27.71
server_6,2026-06-24 04:00:00+00:00,5.57,22.45
server_6,2026-06-24 05:00:00+00:00,6.03,21.74
server_6,2026-06-24 06:00:00+00:00,2.58,26.43
server_6,2026-06-24 07:00:00+00:00,7.0,33.08
server_6,2026-06-24 08:00:00+00:00,10.66,29.33
server_6,2026-06-24 09:00:00+00:00,7.62,35.5
server_6,2026-06-24 10:00:00+00:00,11.18,28.46
server_6,2026-06-24 11:00:00+00:00,15.12,30.62
server_6,2026-06-24 12:00:00+00:00,14.15,26.19
server_6,2026-06-24 13:00:00+00:00,17.91,30.08
server_6,2026-06-24 14:00:00+00:00,20.07,27.47
server_6,2026-06-24 15:00:00+00:00,17.43,25.12
server_6,2026-06-24 16:00:00+00:00,16.87,26.41
server_6,2026-06-24 17:00:00+00:00,14.58,30.64
server_6,2026-06-24 18:00:00+00:00,9.66,25.63
server_6,2026-06-24 19:00:00+00:00,6.22,25.38
server_6,2026-06-24 20:00:00+00:00,7.14,29.34
server_6,2026-06-24 21:00:00+00:00,12.83,23.49
server_6,2026-06-24 22:00:00+00:00,8.79,28.6
server_6,2026-06-24 23:00:00+00:00,8.45,31.55
server_6,2026-06-25 00:00:00+00:00,5.85,30.99
server_6,2026-06-25 01:00:00+00:00,7.77,29.99
server_6,2026-06-25 02:00:00+00:00,9.79,28.42
server_6,2026-06-25 03:00:00+00:00,8.04,25.52
server_6,2026-06-25 04:00:00+00:00,6.7,27.22
server_6,2026-06-25 05:00:00+00:00,7.28,34.36
server_6,2026-06-25 06:00:00+00:00,10.98,30.14
server_6,2026-06-25 07:00:00+00:00,9.67,28.16
server_6,2026-06-25 08:00:00+00:00,9.34,30.72
server_6,2026-06-25 09:00:00+00:00,9.1,28.58
server_6,2026-06-25 10:00:00+00:00,8.46,29.07
server_6,2026-06-25 11:00:00+00:00,15.11,29.5
server_6,2026-06-25 12:00:00+00:00,19.33,30.31
server_6,2026-06-25 13:00:00+00:00,17.2,35.2
server_6,2026-06-25 14:00:00+00:00,20.29,24.5
server_6,2026-06-25 15:00:00+00:00,18.02,33.42
server_6,2026-06-25 16:00:00+00:00,16.5,29.07
server_6,2026-06-25 17:00:00+00:00,11.55,21.62
server_6,2026-06-25 18:00:00+00:00,10.22,24.88
server_6,2026-06-25 19:00:00+00:00,4.34,26.57
server_6,2026-06-25 20:00:00+00:00,8.08,28.43
server_6,2026-06-25 21:00:00+00:00,9.78,31.58
server_6,2026-06-25 22:00:00+00:00,8.74,31.49
server_6,2026-06-25 23:00:00+00:00,10.74,22.77
server_6,2026-06-26 00:00:00+00:00,7.61,29.37
server_6,2026-06-26 01:00:00+00:00,6.63,30.44
server_6,2026-06-26 02:00:00+00:00,3.9,27.44
server_6,2026-06-26 03:00:00+00:00,7.32,29.77
server_6,2026-06-26 04:00:00+00:00,9.29,20.72
server_6,2026-06-26 05:00:00+00:00,9.9,24.71
server_6,2026-06-26 06:00:00+00:00,4.5,32.24
server_6,2026-06-26 07:00:00+00:00,10.94,27.91
server_6,2026-06-26 08:00:00+00:00,5.56,36.04
server_6,2026-06-26 09:00:00+00:00,7.7,22.78
server_6,2026-06-26 10:00:00+00:00,10.0,34.95
server_6,2026-06-26 11:00:00+00:00,15.47,28.17
server_6,2026-06-26 12:00:00+00:00,16.9,34.56
server_6,2026-06-26 13:00:00+00:00,19.54,30.86
server_6,2026-06-26 14:00:00+00:00,22.46,33.52
server_6,2026-06-26 15:00:00+00:00,17.65,33.76
server_6,2026-06-26 16:00:00+00:00,12.99,27.29
server_6,2026-06-26 17:00:00+00:00,12.57,32.8
server_6,2026-06-26 18:00:00+00:00,12.86,28.64
server_6,2026-06-26 19:00:00+00:00,9.64,29.29
server_6,2026-06-26 20:00:00+00:00,10.36,18.25
server_6,2026-06-26 21:00:00+00:00,4.02,25.26
server_6,2026-06-26 22:00:00+00:00,8.97,33.39
server_6,2026-06-26 23:00:00+00:00,7.33,30.54
server_6,2026-06-27 00:00:00+00:00,4.3,30.25
server_6,2026-06-27 01:00:00+00:00,5.94,27.49
server_6,2026-06-27 02:00:00+00:00,6.27,34.1
server_6,2026-06-27 03:00:00+00:00,4.44,27.91
server_6,2026-06-27 04:00:00+00:00,6.47,24.82
server_6,2026-06-27 05:00:00+00:00,5.57,30.57
server_6,2026-06-27 06:00:00+00:00,7.76,31.61
server_6,2026-06-27 07:00:00+00:00,6.57,30.02
server_6,2026-06-27 08:00:00+00:00,6.94,26.02
server_6,2026-06-27 09:00:00+00:00,8.45,29.28
server_6,2026-06-27 10:00:00+00:00,9.27,34.02
server_6,2026-06-27 11:00:00+00:00,9.52,30.44
server_6,2026-06-27 12:00:00+00:00,5.55,21.23
server_6,2026-06-27 13:00:00+00:00,12.7,27.13
server_6,2026-06-27 14:00:00+00:00,9.14,25.7
server_6,2026-06-27 15:00:00+00:00,10.55,25.87
server_6,2026-06-27 16:00:00+00:00,10.46,20.42
server_6,2026-06-27 17:00:00+00:00,11.21,36.69
server_6,2026-06-27 18:00:00+00:00,10.61,25.41
server_6,2026-06-27 19:00:00+00:00,3.7,23.28
server_6,2026-06-27 20:00:00+00:00,2.71,18.38
server_6,2026-06-27 21:00:00+00:00,6.81,31.05
server_6,2026-06-27 22:00:00+00:00,6.61,27.15
server_6,2026-06-27 23:00:00+00:00,3.0,24.84
server_6,2026-06-28 00:00:00+00:00,5.96,26.09
server_6,2026-06-28 01:00:00+00:00,7.49,30.17
server_6,2026-06-28 02:00:00+00:00,2.92,24.3
server_6,2026-06-28 03:00:00+00:00,3.51,18.47
server_6,2026-06-28 04:00:00+00:00,4.39,21.57
server_6,2026-06-28 05:00:00+00:00,5.47,21.74
server_6,2026-06-28 06:00:00+00:00,7.73,29.01
server_6,2026-06-28 07:00:00+00:00,5.18,30.73
server_6,2026-06-28 08:00:00+00:00,6.14,33.21
server_6,2026-06-28 09:00:00+00:00,11.62,22.73
server_6,2026-06-28 10:00:00+00:00,5.49,29.6
server_6,2026-06-28 11:00:00+00:00,7.9,25.51
server_6,2026-06-28 12:00:00+00:00,12.46,41.25
server_6,2026-06-28 13:00:00+00:00,13.89,35.59
server_6,2026-06-28 14:00:00+00:00,12.45,36.37
server_6,2026-06-28 15:00:00+00:00,15.29,33.76
server_6,2026-06-28 16:00:00+00:00,10.33,30.34
server_6,2026-06-28 17:00:00+00:00,2.94,24.62
server_6,2026-06-28 18:00:00+00:00,6.24,24.99
server_6,2026-06-28 19:00:00+00:00,4.57,23.6
server_6,2026-06-28 20:00:00+00:00,9.46,30.98
server_6,2026-06-28 21:00:00+00:00,8.41,34.39
server_6,2026-06-28 22:00:00+00:00,2.03,24.48
server_6,2026-06-28 23:00:00+00:00,9.38,25.59
server_6,2026-06-29 00:00:00+00:00,10.35,22.89
server_6,2026-06-29 01:00:00+00:00,7.19,28.69
server_6,2026-06-29 02:00:00+00:00,7.8,32.85
server_6,2026-06-29 03:00:00+00:00,11.48,34.34
server_6,2026-06-29 04:00:00+00:00,3.07,31.79
server_6,2026-06-29 05:00:00+00:00,9.11,30.05
server_6,2026-06-29 06:00:00+00:00,10.73,29.32
server_6,2026-06-29 07:00:00+00:00,7.78,33.05
server_6,2026-06-29 08:00:00+00:00,9.62,24.13
server_6,2026-06-29 09:00:00+00:00,8.26,26.33
server_6,2026-06-29 10:00:00+00:00,9.46,35.35
server_6,2026-06-29 11:00:00+00:00,12.41,25.24
server_6,2026-06-29 12:00:00+00:00,18.44,31.52
server_6,2026-06-29 13:00:00+00:00,16.26,33.42
server_6,2026-06-29 14:00:00+00:00,14.04,30.44
server_6,2026-06-29 15:00:00+00:00,16.97,35.74
server_6,2026-06-29 16:00:00+00:00,13.15,35.9
server_6,2026-06-29 17:00:00+00:00,8.42,30.07
server_6,2026-06-29 18:00:00+00:00,8.18,33.62
server_6,2026-06-29 19:00:00+00:00,9.92,24.96
server_6,2026-06-29 20:00:00+00:00,8.05,27.39
server_6,2026-06-29 21:00:00+00:00,5.33,36.69
server_6,2026-06-29 22:00:00+00:00,9.2,36.19
server_6,2026-06-29 23:00:00+00:00,10.59,23.8
server_6,2026-06-30 00:00:00+00:00,13.53,29.89
server_6,2026-06-30 01:00:00+00:00,11.6,29.81
server_6,2026-06-30 02:00:00+00:00,5.49,28.79
server_6,2026-06-30 03:00:00+00:00,10.15,33.85
server_6,2026-06-30 04:00:00+00:00,8.64,35.58
server_6,2026-06-30 05:00:00+00:00,5.12,27.14
server_6,2026-06-30 06:00:00+00:00,8.71,32.74
server_6,2026-06-30 07:00:00+00:00,12.8,32.27
server_6,2026-06-30 08:00:00+00:00,10.99,28.96
server_6,2026-06-30 09:00:00+00:00,5.47,20.32
server_6,2026-06-30 10:00:00+00:00,11.45,33.28
server_6,2026-06-30 11:00:00+00:00,15.66,33.1
server_6,2026-06-30 12:00:00+00:00,12.34,31.08
server_6,2026-06-30 13:00:00+00:00,13.61,26.04
server_6,2026-06-30 14:00:00+00:00,18.23,39.42
server_6,2026-06-30 15:00:00+00:00,17.08,31.79
server_6,2026-06-30 16:00:00+00:00,9.83,24.08
server_6,2026-06-30 17:00:00+00:00,12.39,24.33
server_6,2026-06-30 18:00:00+00:00,10.72,31.66
server_6,2026-06-30 19:00:00+00:00,7.45,30.64
server_6,2026-06-30 20:00:00+00:00,8.15,26.2
server_6,2026-06-30 21:00:00+00:00,9.43,30.35
server_6,2026-06-30 22:00:00+00:00,9.1,31.05
server_6,2026-06-30 23:00:00+00:00,3.83,27.1
server_6,2026-07-01 00:00:00+00:00,5.74,24.4
server_6,2026-07-01 01:00:00+00:00,7.01,31.5
server_6,2026-07-01 02:00:00+00:00,5.85,30.6
server_6,2026-07-01 03:00:00+00:00,11.67,31.55
server_6,2026-07-01 04:00:00+00:00,9.59,25.22
server_6,2026-07-01 05:00:00+00:00,5.23,21.7
server_6,2026-07-01 06:00:00+00:00,7.46,28.12
server_6,2026-07-01 07:00:00+00:00,10.83,32.71
server_6,2026-07-01 08:00:00+00:00,6.38,31.6
server_6,2026-07-01 09:00:00+00:00,10.13,31.08
server_6,2026-07-01 10:00:00+00:00,14.88,28.61
server_6,2026-07-01 11:00:00+00:00,17.47,28.1
server_6,2026-07-01 12:00:00+00:00,17.11,31.12
server_6,2026-07-01 13:00:00+00:00,20.98,32.51
server_6,2026-07-01 14:00:00+00:00,16.54,35.42
server_6,2026-07-01 15:00:00+00:00,22.87,31.29
server_6,2026-07-01 16:00:00+00:00,15.03,28.87
server_6,2026-07-01 17:00:00+00:00,14.29,38.42
server_6,2026-07-01 18:00:00+00:00,7.09,33.89
server_6,2026-07-01 19:00:00+00:00,9.25,24.91
server_6,2026-07-01 20:00:00+00:00,9.36,34.35
server_6,2026-07-01 21:00:00+00:00,5.68,22.7
server_6,2026-07-01 22:00:00+00:00,5.6,25.43
server_6,2026-07-01 23:00:00+00:00,7.49,26.54
server_6,2026-07-02 00:00:00+00:00,10.76,28.66
server_6,2026-07-02 01:00:00+00:00,3.42,28.88
server_6,2026-07-02 02:00:00+00:00,7.09,28.11
server_6,2026-07-02 03:00:00+00:00,11.27,31.61
server_6,2026-07-02 04:00:00+00:00,4.92,25.31
server_6,2026-07-02 05:00:00+00:00,11.13,30.59
server_6,2026-07-02 06:00:00+00:00,5.18,27.33
server_6,2026-07-02 07:00:00+00:00,5.71,21.64
server_6,2026-07-02 08:00:00+00:00,7.63,29.8
server_6,2026-07-02 09:00:00+00:00,12.68,30.02
server_6,2026-07-02 10:00:00+00:00,9.82,25.78
server_6,2026-07-02 11:00:00+00:00,10.1,27.03
server_6,2026-07-02 12:00:00+00:00,13.16,28.2
server_6,2026-07-02 13:00:00+00:00,20.18,31.28
server_6,2026-07-02 14:00:00+00:00,14.46,37.3
server_6,2026-07-02 15:00:00+00:00,19.63,40.43
server_6,2026-07-02 16:00:00+00:00,14.6,19.41
server_6,2026-07-02 17:00:00+00:00,11.34,31.12
server_6,2026-07-02 18:00:00+00:00,8.74,32.08
server_6,2026-07-02 19:00:00+00:00,6.0,26.43
server_6,2026-07-02 20:00:00+00:00,8.34,31.83
server_6,2026-07-02 21:00:00+00:00,5.02,33.57
server_6,2026-07-02 22:00:00+00:00,11.37,23.69
server_6,2026-07-02 23:00:00+00:00,5.43,27.64
server_6,2026-07-03 00:00:00+00:00,9.1,36.21
server_6,2026-07-03 01:00:00+00:00,5.41,22.14
server_6,2026-07-03 02:00:00+00:00,6.67,27.07
server_6,2026-07-03 03:00:00+00:00,7.07,25.88
server_6,2026-07-03 04:00:00+00:00,15.45,34.82
server_6,2026-07-03 05:00:00+00:00,7.96,32.75
server_6,2026-07-03 06:00:00+00:00,5.95,27.93
server_6,2026-07-03 07:00:00+00:00,6.89,27.74
server_6,2026-07-03 08:00:00+00:00,4.24,19.81
server_6,2026-07-03 09:00:00+00:00,7.59,33.55
server_6,2026-07-03 10:00:00+00:00,16.05,29.4
server_6,2026-07-03 11:00:00+00:00,15.27,29.97
server_6,2026-07-03 12:00:00+00:00,18.92,35.71
server_6,2026-07-03 13:00:00+00:00,15.57,31.44
server_6,2026-07-03 14:00:00+00:00,17.34,35.28
server_6,2026-07-03 15:00:00+00:00,17.17,33.62
server_6,2026-07-03 16:00:00+00:00,12.61,30.43
server_6,2026-07-03 17:00:00+00:00,12.42,30.79
server_6,2026-07-03 18:00:00+00:00,9.54,24.05
server_6,2026-07-03 19:00:00+00:00,9.36,27.88
server_6,2026-07-03 20:00:00+00:00,7.62,32.2
server_6,2026-07-03 21:00:00+00:00,10.73,25.36
server_6,2026-07-03 22:00:00+00:00,7.36,24.91
server_6,2026-07-03 23:00:00+00:00,7.13,24.18
server_6,2026-07-04 00:00:00+00:00,9.6,29.17
server_6,2026-07-04 01:00:00+00:00,3.23,31.94
server_6,2026-07-04 02:00:00+00:00,1.74,28.0
server_6,2026-07-04 03:00:00+00:00,3.83,17.83
server_6,2026-07-04 04:00:00+00:00,6.97,30.23
server_6,2026-07-04 05:00:00+00:00,9.21,26.65
server_6,2026-07-04 06:00:00+00:00,4.35,28.76
server_6,2026-07-04 07:00:00+00:00,10.54,28.29
server_6,2026-07-04 08:00:00+00:00,6.07,23.88
server_6,2026-07-04 09:00:00+00:00,5.71,26.91
server_6,2026-07-04 10:00:00+00:00,5.76,25.45
server_6,2026-07-04 11:00:00+00:00,14.41,31.48
server_6,2026-07-04 12:00:00+00:00,10.39,25.29
server_6,2026-07-04 13:00:00+00:00,8.09,23.53
server_6,2026-07-04 14:00:00+00:00,17.56,34.27
server_6,2026-07-04 15:00:00+00:00,11.75,33.75
server_6,2026-07-04 16:00:00+00:00,11.53,31.56
server_6,2026-07-04 17:00:00+00:00,12.09,26.83
server_6,2026-07-04 18:00:00+00:00,7.54,24.88
server_6,2026-07-04 19:00:00+00:00,8.44,25.42
server_6,2026-07-04 20:00:00+00:00,6.14,30.91
server_6,2026-07-04 21:00:00+00:00,7.83,24.64
server_6,2026-07-04 22:00:00+00:00,5.91,30.81
server_6,2026-07-04 23:00:00+00:00,5.95,29.83
server_6,2026-07-05 00:00:00+00:00,6.3,32.36
server_6,2026-07-05 01:00:00+00:00,5.01,31.21
server_6,2026-07-05 02:00:00+00:00,7.26,29.91
server_6,2026-07-05 03:00:00+00:00,7.25,21.86
server_6,2026-07-05 04:00:00+00:00,8.05,30.46
server_6,2026-07-05 05:00:00+00:00,7.6,28.32
server_6,2026-07-05 06:00:00+00:00,11.0,27.56
server_6,2026-07-05 07:00:00+00:00,8.63,33.67
server_6,2026-07-05 08:00:00+00:00,5.48,26.51
server_6,2026-07-05 09:00:00+00:00,7.13,25.58
server_6,2026-07-05 10:00:00+00:00,11.41,33.69
server_6,2026-07-05 11:00:00+00:00,7.16,26.09
server_6,2026-07-05 12:00:00+00:00,15.8,28.41
server_6,2026-07-05 13:00:00+00:00,9.48,24.01
server_6,2026-07-05 14:00:00+00:00,13.67,26.7
server_6,2026-07-05 15:00:00+00:00,10.78,26.04
server_6,2026-07-05 16:00:00+00:00,9.41,30.98
server_6,2026-07-05 17:00:00+00:00,4.62,22.74
server_6,2026-07-05 18:00:00+00:00,8.27,20.66
server_6,2026-07-05 19:00:00+00:00,2.78,27.39
server_6,2026-07-05 20:00:00+00:00,2.39,23.5
server_6,2026-07-05 21:00:00+00:00,8.9,28.25
server_6,2026-07-05 22:00:00+00:00,10.47,34.0
server_6,2026-07-05 23:00:00+00:00,4.33,27.0
server_6,2026-07-06 00:00:00+00:00,10.51,34.92
server_6,2026-07-06 01:00:00+00:00,9.99,28.42
server_6,2026-07-06 02:00:00+00:00,7.77,31.95
server_6,2026-07-06 03:00:00+00:00,11.34,26.98
server_6,2026-07-06 04:00:00+00:00,7.59,28.29
server_6,2026-07-06 05:00:00+00:00,9.29,24.72
server_6,2026-07-06 06:00:00+00:00,4.87,23.65
server_6,2026-07-06 07:00:00+00:00,4.97,26.04
server_6,2026-07-06 08:00:00+00:00,10.92,23.71
server_6,2026-07-06 09:00:00+00:00,9.38,29.12
server_6,2026-07-06 10:00:00+00:00,11.06,27.86
server_6,2026-07-06 11:00:00+00:00,19.2,32.86
server_6,2026-07-06 12:00:00+00:00,21.4,27.44
server_6,2026-07-06 13:00:00+00:00,18.95,34.64
server_6,2026-07-06 14:00:00+00:00,14.21,36.96
server_6,2026-07-06 15:00:00+00:00,16.38,36.88
server_6,2026-07-06 16:00:00+00:00,12.35,37.14
server_6,2026-07-06 17:00:00+00:00,11.64,29.45
server_6,2026-07-06 18:00:00+00:00,5.66,25.77
server_6,2026-07-06 19:00:00+00:00,5.01,28.9
server_6,2026-07-06 20:00:00+00:00,2.34,25.07
server_6,2026-07-06 21:00:00+00:00,8.42,21.18
server_6,2026-07-06 22:00:00+00:00,2.25,29.27
server_6,2026-07-06 23:00:00+00:00,7.2,26.78
server_6,2026-07-07 00:00:00+00:00,9.74,22.74
server_6,2026-07-07 01:00:00+00:00,6.19,25.34
server_6,2026-07-07 02:00:00+00:00,5.29,26.2
server_6,2026-07-07 03:00:00+00:00,7.83,27.99
server_6,2026-07-07 04:00:00+00:00,5.93,27.37
server_6,2026-07-07 05:00:00+00:00,8.46,33.64
server_6,2026-07-07 06:00:00+00:00,5.42,21.94
server_6,2026-07-07 07:00:00+00:00,7.74,27.3
server_6,2026-07-07 08:00:00+00:00,7.13,24.18
server_6,2026-07-07 09:00:00+00:00,7.97,33.01
server_6,2026-07-07 10:00:00+00:00,15.51,28.38
server_6,2026-07-07 11:00:00+00:00,14.93,29.05
server_6,2026-07-07 12:00:00+00:00,17.92,35.67
server_6,2026-07-07 13:00:00+00:00,16.29,36.2
server_6,2026-07-07 14:00:00+00:00,18.41,37.53
server_6,2026-07-07 15:00:00+00:00,15.97,24.22
server_6,2026-07-07 16:00:00+00:00,14.5,32.21
server_6,2026-07-07 17:00:00+00:00,13.04,30.85
server_6,2026-07-07 18:00:00+00:00,6.75,27.36
server_6,2026-07-07 19:00:00+00:00,7.0,27.92
server_6,2026-07-07 20:00:00+00:00,6.78,32.72
server_6,2026-07-07 21:00:00+00:00,6.74,31.71
server_6,2026-07-07 22:00:00+00:00,8.43,31.74
server_6,2026-07-07 23:00:00+00:00,7.09,28.51
server_6,2026-07-08 00:00:00+00:00,11.74,38.39
server_6,2026-07-08 01:00:00+00:00,14.7,28.74
server_6,2026-07-08 02:00:00+00:00,6.58,21.04
server_6,2026-07-08 03:00:00+00:00,8.74,27.2
server_6,2026-07-08 04:00:00+00:00,10.6,29.14
server_6,2026-07-08 05:00:00+00:00,7.34,32.98
server_6,2026-07-08 06:00:00+00:00,5.51,25.09
server_6,2026-07-08 07:00:00+00:00,12.35,31.49
server_6,2026-07-08 08:00:00+00:00,9.72,22.69
server_6,2026-07-08 09:00:00+00:00,8.8,32.6
server_6,2026-07-08 10:00:00+00:00,15.05,30.74
server_6,2026-07-08 11:00:00+00:00,16.35,29.8
server_6,2026-07-08 12:00:00+00:00,16.54,39.52
server_6,2026-07-08 13:00:00+00:00,15.41,34.87
server_6,2026-07-08 14:00:00+00:00,16.61,26.86
server_6,2026-07-08 15:00:00+00:00,19.67,31.65
server_6,2026-07-08 16:00:00+00:00,16.13,41.79
server_6,2026-07-08 17:00:00+00:00,10.95,36.95
server_6,2026-07-08 18:00:00+00:00,12.42,33.24
server_6,2026-07-08 19:00:00+00:00,7.61,20.47
server_6,2026-07-08 20:00:00+00:00,10.47,34.19
server_6,2026-07-08 21:00:00+00:00,8.55,25.65
server_6,2026-07-08 22:00:00+00:00,12.83,34.99
server_6,2026-07-08 23:00:00+00:00,9.88,25.77
server_6,2026-07-09 00:00:00+00:00,8.12,30.0
server_6,2026-07-09 01:00:00+00:00,7.55,25.28
server_6,2026-07-09 02:00:00+00:00,7.96,26.53
server_6,2026-07-09 03:00:00+00:00,6.19,29.85
server_6,2026-07-09 04:00:00+00:00,4.58,21.53
server_6,2026-07-09 05:00:00+00:00,8.77,37.76
server_6,2026-07-09 06:00:00+00:00,6.67,23.42
server_6,2026-07-09 07:00:00+00:00,6.66,23.2
server_6,2026-07-09 08:00:00+00:00,7.78,30.42
server_6,2026-07-09 09:00:00+00:00,8.13,33.21
server_6,2026-07-09 10:00:00+00:00,11.44,27.91
server_6,2026-07-09 11:00:00+00:00,18.77,27.48
server_6,2026-07-09 12:00:00+00:00,18.32,27.92
server_6,2026-07-09 13:00:00+00:00,23.12,29.17
server_6,2026-07-09 14:00:00+00:00,16.75,32.3
server_6,2026-07-09 15:00:00+00:00,18.62,31.44
server_6,2026-07-09 16:00:00+00:00,13.47,31.62
server_6,2026-07-09 17:00:00+00:00,10.02,30.17
server_6,2026-07-09 18:00:00+00:00,13.36,33.17
server_6,2026-07-09 19:00:00+00:00,6.08,25.69
server_6,2026-07-09 20:00:00+00:00,2.42,23.09
server_6,2026-07-09 21:00:00+00:00,6.23,28.01
server_6,2026-07-09 22:00:00+00:00,2.98,26.02
server_6,2026-07-09 23:00:00+00:00,5.62,28.18
server_6,2026-07-10 00:00:00+00:00,5.85,24.4
server_6,2026-07-10 01:00:00+00:00,8.09,30.6
server_6,2026-07-10 02:00:00+00:00,2.88,21.49
server_6,2026-07-10 03:00:00+00:00,10.99,27.28
server_6,2026-07-10 04:00:00+00:00,3.31,30.87
server_6,2026-07-10 05:00:00+00:00,7.68,23.36
server_6,2026-07-10 06:00:00+00:00,7.19,31.92
server_6,2026-07-10 07:00:00+00:00,10.06,23.09
server_6,2026-07-10 08:00:00+00:00,8.88,21.97
server_6,2026-07-10 09:00:00+00:00,10.97,23.06
server_6,2026-07-10 10:00:00+00:00,10.52,29.35
server_6,2026-07-10 11:00:00+00:00,13.27,32.76
server_6,2026-07-10 12:00:00+00:00,17.69,36.56
server_6,2026-07-10 13:00:00+00:00,20.42,37.2
server_6,2026-07-10 14:00:00+00:00,19.91,35.62
server_6,2026-07-10 15:00:00+00:00,17.46,27.99
server_6,2026-07-10 16:00:00+00:00,15.01,27.09
server_6,2026-07-10 17:00:00+00:00,11.33,32.32
server_6,2026-07-10 18:00:00+00:00,9.02,34.04
server_6,2026-07-10 19:00:00+00:00,13.09,25.66
server_6,2026-07-10 20:00:00+00:00,7.39,32.96
server_6,2026-07-10 21:00:00+00:00,7.09,20.0
server_6,2026-07-10 22:00:00+00:00,6.9,29.17
server_6,2026-07-10 23:00:00+00:00,8.97,27.93
server_6,2026-07-11 00:00:00+00:00,1.0,24.73
server_6,2026-07-11 01:00:00+00:00,5.66,27.31
server_6,2026-07-11 02:00:00+00:00,8.2,24.66
server_6,2026-07-11 03:00:00+00:00,4.68,28.62
server_6,2026-07-11 04:00:00+00:00,6.47,27.71
server_6,2026-07-11 05:00:00+00:00,11.27,32.89
server_6,2026-07-11 06:00:00+00:00,6.83,33.95
server_6,2026-07-11 07:00:00+00:00,1.0,26.06
server_6,2026-07-11 08:00:00+00:00,2.48,22.79
server_6,2026-07-11 09:00:00+00:00,5.37,22.53
server_6,2026-07-11 10:00:00+00:00,5.87,34.05
server_6,2026-07-11 11:00:00+00:00,9.79,34.91
server_6,2026-07-11 12:00:00+00:00,10.03,32.26
server_6,2026-07-11 13:00:00+00:00,14.33,30.46
server_6,2026-07-11 14:00:00+00:00,8.69,31.5
server_6,2026-07-11 15:00:00+00:00,10.24,34.0
server_6,2026-07-11 16:00:00+00:00,10.08,26.26
server_6,2026-07-11 17:00:00+00:00,8.73,28.38
server_6,2026-07-11 18:00:00+00:00,6.37,23.0
server_6,2026-07-11 19:00:00+00:00,1.0,25.03
server_6,2026-07-11 20:00:00+00:00,6.21,33.55
server_6,2026-07-11 21:00:00+00:00,5.62,31.48
server_6,2026-07-11 22:00:00+00:00,8.16,28.6
server_6,2026-07-11 23:00:00+00:00,7.81,17.16
server_6,2026-07-12 00:00:00+00:00,6.6,24.89
server_6,2026-07-12 01:00:00+00:00,6.78,27.98
server_6,2026-07-12 02:00:00+00:00,9.38,27.62
server_6,2026-07-12 03:00:00+00:00,8.88,28.44
server_6,2026-07-12 04:00:00+00:00,6.69,28.51
server_6,2026-07-12 05:00:00+00:00,11.36,27.04
server_6,2026-07-12 06:00:00+00:00,4.43,26.72
server_6,2026-07-12 07:00:00+00:00,3.04,25.66
server_6,2026-07-12 08:00:00+00:00,5.97,24.48
server_6,2026-07-12 09:00:00+00:00,5.07,34.36
server_6,2026-07-12 10:00:00+00:00,1.72,23.9
server_6,2026-07-12 11:00:00+00:00,7.9,18.95
server_6,2026-07-12 12:00:00+00:00,11.62,36.4
server_6,2026-07-12 13:00:00+00:00,11.27,25.76
server_6,2026-07-12 14:00:00+00:00,9.48,32.12
server_6,2026-07-12 15:00:00+00:00,10.87,26.28
server_6,2026-07-12 16:00:00+00:00,9.84,30.92
server_6,2026-07-12 17:00:00+00:00,9.67,28.39
server_6,2026-07-12 18:00:00+00:00,4.4,30.74
server_6,2026-07-12 19:00:00+00:00,8.18,27.21
server_6,2026-07-12 20:00:00+00:00,3.27,23.72
server_6,2026-07-12 21:00:00+00:00,4.74,27.89
server_6,2026-07-12 22:00:00+00:00,10.25,27.26
server_6,2026-07-12 23:00:00+00:00,3.44,18.69
server_6,2026-07-13 00:00:00+00:00,6.35,25.02
server_6,2026-07-13 01:00:00+00:00,4.87,38.38
server_6,2026-07-13 02:00:00+00:00,5.93,19.99
server_6,2026-07-13 03:00:00+00:00,8.35,29.09
server_6,2026-07-13 04:00:00+00:00,9.77,27.65
server_6,2026-07-13 05:00:00+00:00,7.95,35.33
server_6,2026-07-13 06:00:00+00:00,7.19,23.27
server_6,2026-07-13 07:00:00+00:00,4.89,27.32
server_6,2026-07-13 08:00:00+00:00,6.18,30.11
server_6,2026-07-13 09:00:00+00:00,4.13,25.93
server_6,2026-07-13 10:00:00+00:00,13.26,26.77
server_6,2026-07-13 11:00:00+00:00,16.44,30.87
server_6,2026-07-13 12:00:00+00:00,16.56,29.76
server_6,2026-07-13 13:00:00+00:00,18.95,30.58
server_6,2026-07-13 14:00:00+00:00,20.04,35.94
server_6,2026-07-13 15:00:00+00:00,16.91,32.73
server_6,2026-07-13 16:00:00+00:00,17.91,33.68
server_6,2026-07-13 17:00:00+00:00,8.86,29.62
server_6,2026-07-13 18:00:00+00:00,7.13,31.53
server_6,2026-07-13 19:00:00+00:00,6.83,32.81
server_6,2026-07-13 20:00:00+00:00,9.62,27.42
server_6,2026-07-13 21:00:00+00:00,4.41,30.02
server_6,2026-07-13 22:00:00+00:00,11.62,24.08
server_6,2026-07-13 23:00:00+00:00,9.4,19.48
server_6,2026-07-14 00:00:00+00:00,12.38,36.84
server_6,2026-07-14 01:00:00+00:00,7.9,26.63
server_6,2026-07-14 02:00:00+00:00,6.62,28.53
server_6,2026-07-14 03:00:00+00:00,9.64,23.67
server_6,2026-07-14 04:00:00+00:00,10.58,23.82
server_6,2026-07-14 05:00:00+00:00,6.21,24.52
server_6,2026-07-14 06:00:00+00:00,3.01,28.82
server_6,2026-07-14 07:00:00+00:00,3.43,24.34
server_6,2026-07-14 08:00:00+00:00,8.65,26.89
server_6,2026-07-14 09:00:00+00:00,11.85,26.37
server_6,2026-07-14 10:00:00+00:00,8.17,32.72
server_6,2026-07-14 11:00:00+00:00,13.75,33.49
server_6,2026-07-14 12:00:00+00:00,15.79,28.79
server_6,2026-07-14 13:00:00+00:00,22.65,35.86
server_6,2026-07-14 14:00:00+00:00,23.49,32.44
server_6,2026-07-14 15:00:00+00:00,17.72,30.05
server_6,2026-07-14 16:00:00+00:00,16.67,30.84
server_6,2026-07-14 17:00:00+00:00,13.6,32.53
server_6,2026-07-14 18:00:00+00:00,4.8,23.31
server_6,2026-07-14 19:00:00+00:00,9.75,30.62
server_6,2026-07-14 20:00:00+00:00,5.45,37.1
server_6,2026-07-14 21:00:00+00:00,7.57,28.58
server_6,2026-07-14 22:00:00+00:00,10.85,29.14
server_6,2026-07-14 23:00:00+00:00,8.2,27.73
server_6,2026-07-15 00:00:00+00:00,10.76,30.88
server_6,2026-07-15 01:00:00+00:00,11.25,22.7
server_6,2026-07-15 02:00:00+00:00,3.61,33.27
server_6,2026-07-15 03:00:00+00:00,2.56,30.02
server_6,2026-07-15 04:00:00+00:00,10.91,26.44
server_6,2026-07-15 05:00:00+00:00,11.01,29.18
server_6,2026-07-15 06:00:00+00:00,8.64,26.0
server_6,2026-07-15 07:00:00+00:00,8.98,29.54
server_6,2026-07-15 08:00:00+00:00,10.23,29.03
server_6,2026-07-15 09:00:00+00:00,10.19,29.68
server_6,2026-07-15 10:00:00+00:00,10.66,24.82
server_6,2026-07-15 11:00:00+00:00,16.82,29.16
server_6,2026-07-15 12:00:00+00:00,17.17,35.79
server_6,2026-07-15 13:00:00+00:00,50.45,40.72
server_6,2026-07-15 14:00:00+00:00,75.52,41.06
server_6,2026-07-15 15:00:00+00:00,92.16,56.85
server_6,2026-07-15 16:00:00+00:00,89.74,66.26
server_6,2026-07-15 17:00:00+00:00,76.66,55.43
server_6,2026-07-15 18:00:00+00:00,43.16,37.97
server_6,2026-07-15 19:00:00+00:00,8.4,27.94
server_6,2026-07-15 20:00:00+00:00,9.45,31.23
server_6,2026-07-15 21:00:00+00:00,7.86,20.93
server_6,2026-07-15 22:00:00+00:00,9.68,25.16
server_6,2026-07-15 23:00:00+00:00,8.82,29.88
server_6,2026-07-16 00:00:00+00:00,5.82,33.62
server_6,2026-07-16 01:00:00+00:00,9.34,26.71
server_6,2026-07-16 02:00:00+00:00,6.64,33.79
server_6,2026-07-16 03:00:00+00:00,12.35,26.51
server_6,2026-07-16 04:00:00+00:00,9.07,14.83
server_6,2026-07-16 05:00:00+00:00,6.25,30.36
server_6,2026-07-16 06:00:00+00:00,8.86,30.46
server_6,2026-07-16 07:00:00+00:00,5.69,30.14
server_6,2026-07-16 08:00:00+00:00,8.64,31.01
server_6,2026-07-16 09:00:00+00:00,7.44,28.57
server_6,2026-07-16 10:00:00+00:00,9.35,27.44
server_6,2026-07-16 11:00:00+00:00,12.33,28.63
server_6,2026-07-16 12:00:00+00:00,22.75,31.32
server_6,2026-07-16 13:00:00+00:00,18.08,29.93
server_6,2026-07-16 14:00:00+00:00,16.77,23.82
server_6,2026-07-16 15:00:00+00:00,15.15,25.64
server_6,2026-07-16 16:00:00+00:00,15.61,30.01
server_6,2026-07-16 17:00:00+00:00,9.82,19.67
server_6,2026-07-16 18:00:00+00:00,5.26,19.01
server_6,2026-07-16 19:00:00+00:00,7.92,26.63
server_6,2026-07-16 20:00:00+00:00,7.9,27.45
server_6,2026-07-16 21:00:00+00:00,6.96,26.38
server_6,2026-07-16 22:00:00+00:00,5.77,17.7
server_6,2026-07-16 23:00:00+00:00,7.02,33.87
server_6,2026-07-17 00:00:00+00:00,6.83,21.84
server_6,2026-07-17 01:00:00+00:00,6.48,24.2
server_6,2026-07-17 02:00:00+00:00,8.69,23.19
server_6,2026-07-17 03:00:00+00:00,13.57,35.14
server_6,2026-07-17 04:00:00+00:00,11.33,30.85
server_6,2026-07-17 05:00:00+00:00,12.85,27.81
server_6,2026-07-17 06:00:00+00:00,6.58,25.33
server_6,2026-07-17 07:00:00+00:00,12.19,30.18
server_6,2026-07-17 08:00:00+00:00,8.57,23.21
server_6,2026-07-17 09:00:00+00:00,10.47,30.39
server_6,2026-07-17 10:00:00+00:00,12.56,27.4
server_6,2026-07-17 11:00:00+00:00,13.57,32.03
server_6,2026-07-17 12:00:00+00:00,18.46,33.6
server_6,2026-07-17 13:00:00+00:00,19.06,29.5
server_6,2026-07-17 14:00:00+00:00,13.43,21.69
server_6,2026-07-17 15:00:00+00:00,16.35,29.94
server_6,2026-07-17 16:00:00+00:00,16.61,25.22
server_6,2026-07-17 17:00:00+00:00,12.11,29.75
server_6,2026-07-17 18:00:00+00:00,9.17,27.38
server_6,2026-07-17 19:00:00+00:00,6.12,24.99
server_6,2026-07-17 20:00:00+00:00,8.64,23.04
server_6,2026-07-17 21:00:00+00:00,7.76,32.66
server_6,2026-07-17 22:00:00+00:00,7.49,26.01
server_6,2026-07-17 23:00:00+00:00,6.3,36.82
